id,name,address,city,state,lat,lon,price
7,WOODSHED OF BIG CABIN,"I-44, EXIT 283 & US-69",Big Cabin,OK,36.60793,-95.27474,3.0073
9,KWIK TRIP #796,"I-94, EXIT 143 & US-12 & SR-21",Tomah,WI,43.99483,-90.4917,3.2873
20,PILOT TRAVEL CENTER #1243,"I-8, EXIT 119 & SR-85",Gila Bend,AZ,32.93059,-112.74683,3.899
28,LITTLEFIELD EXPRESS #2,"I-540, EXIT 12 & US-71",Fort Smith,AR,35.36527,-94.41103,3.399
35,ACI TRUCK STOP,US-46,Columbia,NJ,40.93881,-75.05498,3.079
36,SHENANDOAH TRUCK CENTER,"I-81, EXIT 273 & SR-703/SR-292",Mount Jackson,VA,38.76882,-78.67665,2.899
44,CIRCLE K #2612042,"I-35, EXIT 271",Jarrell,TX,30.74841,-97.60083,2.919
46,PETRO STOPPING CENTER #348,"I-85, EXIT 22 & CR-138",Shorter,AL,32.38358,-85.91616,3.154
49,TA SEYMOUR TRAVEL CENTER,"I-65, EXIT 50 & US-50 & US-31",Seymour,IN,38.95713,-85.88248,3.959
50,TA COUNCIL BLUFFS TRAVEL CENTER,"I-29 & I-80, EXIT 3",Council Bluffs,IA,41.25295,-95.88099,3.7257
56,TOPS TRUCK STOP,"I-94, EXIT 182 & US-83",Sterling,ND,46.84358,-100.27439,3.5157
75,Good 2 Go #709,US-50,Montrose,CO,38.46783,-107.87518,3.424
77,OASIS TRAVEL PLAZA,US-13,Laurel,DE,38.55369,-75.56305,3.229
79,DELAWARE TRUCK PLAZA,US-13 & US-40,New Castle,DE,39.67703,-75.58994,3.249
81,One9 #89,"I-75, EXIT 224",Ellenton,FL,27.53818,-82.5006,3.439
85,DOWNIEVILLE FUEL STOP,"I-70, EXIT 234",Dumont,CO,39.76472,-105.59972,3.459
91,MOLLYS FOOD & FUEL,"I-20 & ST 22, EXIT 55",Crawfordville,GA,33.5708,-82.88723,3.499
105,TA SAGINAW I 75 TRAVEL CENTER,"I-75, EXIT 144-B",Bridgeport,MI,43.35531,-83.85491,3.269
118,Lupton Truck Stop #567,"I-40, EXIT 359",Lupton,AZ,35.4086,-109.07,3.299
121,PETRO STOPPING CENTER #306,"I-10, EXIT 200",Eloy,AZ,32.75093,-111.58328,3.474
127,CIRCLE K #4700095,US-41,Henderson,KY,37.83611,-87.59,3.609
128,THE EFFINGHAM CHROME SHOP,"I-57 & I-70, EXIT 159",Effingham,IL,39.12173,-88.5611,3.349
135,LOVES TRAVEL STOP #766,"I-80, EXIT 27",Atkinson,IL,41.41619,-90.02248,3.389
147,SPEEDWAY #8039,"I-69, EXIT 234 & SR-67",Daleville,IN,40.12574,-85.51102,3.624
149,RAYS TRUCK WASH,"I-69, EXIT 309 & US-30",Fort Wayne,IN,41.0716,-85.1367,3.5923
151,CUBBYS #2101,"I-80, EXIT 211 & SR-47",Gothenburg,NE,40.94004,-100.15471,3.1323
159,PILOT TRAVEL CENTER #87,"I-10, EXIT 343",Jacksonville,FL,30.3163,-81.4175,3.859
160,PILOT TRAVEL CENTERS #79,"I-12, EXIT 10 AT MILE 10",Denham Springs,LA,30.5821,-90.9341,3.2323
164,FLYING J TRAVEL PLAZA #650,"I-94, EXIT 15 B",Lake Station,IN,41.56863,-87.26221,3.809
167,FLYING J TRAVEL PLAZA #653,RT 2 & I-65 EXIT 240,Hebron,IN,41.31554,-87.20879,3.4357
174,Hop-In Food Stores,US-59 & SR-224,Nacogdoches,TX,31.61853,-94.65109,2.859
184,SAPP BROS TRAVEL CENTER,"I-29 & I-80, EXIT 1B",Council Bluffs,IA,41.25295,-95.88099,3.719
186,COFFEE CUP FUEL STOP #5,"I-90, EXIT 154 & US-16",Moorcroft,WY,44.29993,-104.9059,3.239
187,DUDLEYS CORNER,"I-35, EXIT 165 & SR-3",Latimer,IA,42.75978,-93.3518,3.2323
191,KUM & GO #0302,"I-35, EXIT 193 & SR 106",Clear Lake,IA,43.14061,-93.38498,3.1857
192,Brew Stuart Truckstop,"I-80, EXIT 93",Stuart,IA,41.51864,-94.30456,3.099
195,PETRO STOPPING CENTER #311,"I-40 & I-55, EXIT 280",West Memphis,AR,35.14844,-90.17792,3.3673
198,SINCLAIR,"I-76, EXIT 115",Atwood,CO,40.51743,-103.0393,3.299
199,PETRO STOPPING CENTER #366,"I-70, EXIT 252",Salina,KS,38.8238,-97.60879,3.8057
203,PILOT TRAVEL CENTERS #31,"I-80/94, EXIT 2",Highland,IN,41.55005,-87.45691,3.799
207,MARATHON,SR-32,Sardinia,OH,38.98323,-83.79665,3.5657
216,CIRCLE K #2721593,"I-10, EXIT 50",Ocean Springs,MS,30.44043,-88.7801,3.4157
217,NORTH 9TH 24/7,"I-70, EXIT 252",Salina,KS,38.8238,-97.60879,3.0257
231,DERBY CITYS TRUCK PLAZA,"I-75, EXIT 62 & US-25",Mount Vernon,KY,37.33661,-84.35488,2.999
235,PILOT TRAVEL CENTERS #92,"I-75, EXIT 358",Ocala,FL,29.1981,-82.0974,3.359
240,LA 1 SOUTH TRUCKSTOP,"I-10, EXIT 153 & SR-1",Port Allen,LA,30.47198,-91.25409,3.039
243,SAVE,US-41 & SR-10,Lake Village,IN,41.13874,-87.44542,3.179
244,BIG D TRUCK TRAVEL PLAZA,"I-10, EXIT 92 & SR-95",Duson,LA,30.19122,-92.15246,2.9823
248,Mardi Gras Truck Stop,"I-10, EXIT 236",New Orleans,LA,29.96307,-90.16095,3.729
250,GOLDEN OX TRUCK STOP,"I-70/US-40, EXIT 159 & US-183",Hays,KS,38.87805,-99.32013,3.499
253,LOVES TRAVEL STOP #450,"I-40, EXIT 280 & I-55, EXIT 4",West Memphis,AR,35.14844,-90.17792,3.3257
256,BFS FOODS #66,"I-68/US-40, EXIT 22 & US-219",Grantsville,MD,39.68444,-79.15166,3.899
257,PILOT TRAVEL CENTER #917- TOWN PUMP,I-15 & 31ST STREET EXIT 277,Great Falls,MT,47.50981,-111.2734,3.6357
263,CASEYS #3956,I-94 EXIT 16,Bridgman,MI,41.9362,-86.55433,3.559
267,CORNER MARKET #117,SR-154 & SR-129,Dodge City,KS,37.75688,-100.02407,3.399
269,PILOT TRAVEL CENTERS #24,"I-75, EXIT 15",Monroe,MI,41.92751,-83.40485,3.249
278,CARLISLE PLAZA,US-41,Carlisle,IN,38.9763,-87.36674,3.499
281,CIRCLE K #4700065,"I-65, EXIT 76 & US-31",Taylorsville,IN,39.29583,-85.95083,3.399
289,LOVES TRAVEL STOP #173,"I-70, MM 209",Lawrence,KS,38.9644,-95.24179,3.229
292,PETES #56,US-169 & CR-5000,Cherryvale,KS,37.26683,-95.55902,3.2323
293,LOVES TRAVEL STOP #176,"I-35, MILE MARKER 97",Matfield Green,KS,38.14477,-96.55411,3.2557
304,FL Roberts,"I-91, EXIT 4",Springfield,MA,42.106,-72.5977,3.599
309,QUIKTRIP #231,"I-635, EXIT 3",Kansas City,KS,39.11573,-94.62714,3.199
323,SAPP BROS TRAVEL CENTER,"I-80, EXIT 126",Ogallala,NE,41.1275,-101.71074,3.4657
326,FLYING J TRAVEL PLAZA #748,"I-15, EXIT 357",Willard,UT,41.39894,-112.03165,3.749
341,TA JACKSONVILLE SOUTH TRAVEL CENTER,"I-95, EXIT 329",Saint Johns,FL,30.09558,-81.6217,3.469
347,7-ELEVEN #40514,I-90/80-IN TOLL RD MM 22E,Portage,IN,41.5672,-87.17569,3.9907
358,TA BINGHAMTON TRAVELCENTER,"I-81N, EXIT 2W & I-81S, EXIT 3",Binghamton,NY,42.14631,-75.88652,3.689
361,CIRCLE K #2726293,"I-295, EXIT 25",Jacksonville,FL,30.3163,-81.4175,3.3157
368,WILTON TRAVEL PLAZA,"I-87, EXIT 16",Gansevoort,NY,43.18034,-73.70527,3.749
372,GAS DEPOT,"I-94, EXIT 5",Hammond,IN,41.60993,-87.50791,3.999
381,7-Eleven #41830,US-69 & US-135,Jacksonville,TX,31.96177,-95.27033,2.9157
387,Circle K #2709664,"I-8, EXIT 12",Yuma,AZ,32.70151,-114.64236,3.489
388,Pilot Travel Centers #14,"I-71, EXIT 131",Sunbury,OH,40.2655,-82.85105,3.719
391,PILOT TRAVEL CENTERS #13,"I-71, EXIT 209",Seville,OH,41.02273,-81.8562,3.699
403,TRUCKOMAT OF HEBRON,"I-70, EXIT 126 & SR-37",Hebron,OH,39.95346,-82.49187,3.429
407,FUEL MART #641,"I-80 & I-280, EXIT 71",Perrysburg,OH,41.54293,-83.59273,3.499
421,PETRO STOPPING CENTER #316,"I-40 & I-35, EXIT 127",Oklahoma City,OK,35.3337,-97.4922,3.3023
424,E EXPRESS,"I-40, EXIT 166",Choctaw,OK,35.47176,-97.27256,2.899
425,Neighbors Express,"I-16, EXIT 51",Dublin,GA,32.54779,-82.90368,3.299
442,WESTERN COOP,US-385 & SR-2,Alliance,NE,42.11494,-102.88805,3.324
455,MR FUEL #753,"I-95, EXIT 104 & SR-207",Ruther Glen,VA,37.94506,-77.47135,3.2657
456,THE COUNTRY OASIS,US-24,Woodburn,IN,41.1361,-84.89287,3.399
458,HAPPY HILLS GAS & COFFEE,I-29 EXIT 110,Rock Port,MO,40.43058,-95.5274,3.399
460,TRUCK STOP 44,I-20 EXIT 44,Gilbert,SC,33.95805,-81.39136,3.079
461,SPINX #271,"I-26, EXIT 145 & US-601",Orangeburg,SC,33.50254,-80.85928,3.2623
469,LOAF N JUG #750010,US-160 & SR-17,Alamosa,CO,37.47027,-105.8786,3.259
474,KEWANEE 1 STOP,"I-20, EXIT 169 & US-80",Toomsuba,MS,32.42958,-88.48923,3.299
478,GASTRAK OF PEMBINA,"I-29, EXIT 215",Pembina,ND,48.93612,-97.27561,3.299
483,ALLSUPS #2387,US-54/SR-136/SR-3 & US-64,Guymon,OK,36.69605,-101.47778,2.9757
486,LA NORIA CONV STORES,"I-35 N, EXIT 4",Laredo,TX,27.51554,-99.49858,3.299
489,EDDIES CORNER,US-87 & US-191,Moore,MT,46.98981,-109.65384,3.749
491,One9 #403,"I-75, EXIT 117",Heiskell,TN,36.11503,-84.04383,2.999
496,PILOT TRAVEL CENTERS #270,"I-40 & I-75, EXIT 374",Knoxville,TN,35.9609,-83.9189,3.439
509,LOVES TRAVEL STOPS #256,"I-10, EXIT 140B",Van Horn,TX,31.04288,-104.83225,3.649
522,GO MART FOOD STORE #57,"I-70 & ST-285, EXIT 186",Lore City,OH,40.04585,-81.44785,3.179
523,CIRCLE K #2723322,"I-985, EXIT 20 & SR-60",Gainesville,GA,34.30727,-83.8256,3.2657
525,FASTBREAK,US-45 ALT,West Point,MS,33.6265,-88.68226,3.059
546,PLAZA 30,US-30,Wanatah,IN,41.38448,-86.87644,3.499
557,SAPP BROS TRAVEL CENTER,"I-80, EXIT 73",Peru,IL,41.33302,-89.12648,3.289
559,SHELL MORGAN ROAD TRUCK STOP,"I-40, EXIT 142",Maumelle,AR,34.84909,-92.40589,3.2073
566,TA GARY TRAVEL CENTER,"I-80/I-94, EXIT 6",Gary,IN,41.59333,-87.34639,3.8307
567,TA ELOY TRAVEL CENTER,"I-10 & I-8, EXIT 203",Eloy,AZ,32.75093,-111.58328,3.459
572,PILOT TRAVEL CENTERS #881,"I-69, EXIT 309A",Fort Wayne,IN,41.0716,-85.1367,3.879
576,PETRO STOPPING CENTER #343,"I-10, EXIT 76",Egan,LA,30.25097,-92.50023,3.624
578,LOVES TRAVEL STOP #449,"I-84, EXIT 17",Troutdale,OR,45.5254,-122.37387,3.779
579,FLYING J TRAVEL PLAZA #764,"I-80, EXIT 104 & US-191",Rock Springs,WY,41.60596,-109.23005,3.6707
586,AMERISTAR TRAVEL PLAZA #120,"I-82, EXIT 80",Prosser,WA,46.22318,-119.77101,4.399
588,TA TUSCALOOSA TRAVEL CENTER,"I-20/I-59, EXIT 77",Cottondale,AL,33.17667,-87.38705,2.964
591,TA Concordia Travel Plaza,"I-70, EXIT 58 & SR-23",Concordia,MO,38.97755,-93.5812,3.2257
599,Sapp Bros Travel Center,"I-80, EXIT 59 & SR-17J",Sidney,NE,41.14278,-102.9775,3.5007
602,JIFFY MART EXIT 18 TRUCK STOP,"I-89/SR-120, EXIT 18 & SR-120",Lebanon,NH,43.64222,-72.25222,3.599
614,TA MAYBROOK TRAVEL CENTER,"I-84, EXIT 5",Montgomery,NY,41.53332,-74.25342,4.359
628,KWIK FILL #227,"I-90, EXIT 218",Geneva,OH,41.80286,-80.94736,3.1523
636,UNION 76,"I-5, EXIT 233 E",Albany,OR,44.62772,-123.09441,3.379
651,ONE9 #1366,"I-40, EXIT 126 & US-641",Holladay,TN,35.89514,-88.09118,2.9857
652,TA KNOXVILLE EAST TRAVEL CENTER,"I-40 & I-75, EXIT 374",Knoxville,TN,35.9609,-83.9189,3.4257
669,PETRO STOPPING CENTER #350,"I-10, EXIT 4",Canutillo,TX,31.93438,-106.59289,3.499
672,CROWN POINT TRUCK STOP,"I-295/US-130,EXIT 22",Thorofare,NJ,39.85918,-75.1767,3.549
680,TA EXPRESS SUMMIT,"I-29, EXIT 207 & US-12",Summit,SD,45.35213,-97.04265,3.2057
684,7-ELEVEN #35101,"I-86/SR-17, EXIT 16",Randolph,NY,42.16314,-78.96003,4.499
689,FLYING EAGLE,"I-235, EXIT 4",Wichita,KS,37.6898,-97.3415,3.499
692,BP,US-63,Ottumwa,IA,41.0151,-92.41343,3.399
739,Arco #364420,US-23,Greenup,KY,38.54797,-82.8684,3.649
748,QUIKTRIP #4231,US-85,Evans,CO,40.38025,-104.6971,3.1723
769,AYERCO #26,US-61/US-136,Alexandria,MO,40.34451,-91.51544,3.0157
815,Kwik Trip #1508,"US-18/SR-151, EXIT 58",Barneveld,WI,43.0158,-89.90423,3.489
855,SPEEDWAY #7459,US-41 & SR-137,North Chicago,IL,42.3189,-87.84782,3.289
863,Ocean Fuel,US-301/SR-73,Sylvania,GA,32.77627,-81.63339,3.499
906,PILOT TRAVEL CENTER #429,"I-40, EXIT 280",West Memphis,AR,35.14844,-90.17792,3.291
908,CIRCLE K #2704888,"I-65, EXIT 246 & SR-119",Pelham,AL,33.31046,-86.80618,3.4657
912,PETRO STOPPING CENTER #319,"I-20/59, EXIT 100",Mc Calla,AL,33.28455,-87.10238,3.1257
936,CASEYS #4254,"I-40, EXIT 129",Conway,AR,35.0842,-92.42357,3.0323
970,CIRCLE K #2702885,"I-17/SR-60, EXIT 199A",Phoenix,AZ,33.451,-112.0685,3.3923
977,PILOT TRAVEL CENTER #328,"I-10, EXIT 17",Quartzsite,AZ,33.5675,-114.2731,3.959
981,STINKER #85,"I-15, EXIT 93",Blackfoot,ID,43.19433,-112.36155,3.5323
982,CIRCLE K #2701948,"I-8, EXIT 7 & SR-195",Yuma,AZ,32.70151,-114.64236,3.5657
1028,FOUR STATES TRUCK STOP,"I-495, EXIT 4 & SR-9",New Castle,DE,39.67703,-75.58994,3.399
1042,Union 76,US-441 & SR-100A,Lake City,FL,30.0949,-82.7117,3.5623
1043,SHELL DBA ONE9 #1401,I-75 EXIT 414 & US-41,Lake City,FL,30.0949,-82.7117,3.244
1047,TA MARIANNA TRAVEL CENTER,"I-10/SR-8, EXIT 142 & SR-71",Marianna,FL,30.75859,-85.22937,3.6073
1075,PILOT TRAVEL CENTERS #68,"I-16 /SR-404, EXIT 51 & US-441",Dublin,GA,32.54779,-82.90368,3.399
1106,CIRCLE K #2705367,"I-20, EXIT 172",Thomson,GA,33.47736,-82.4942,3.399
1112,BC AMPRIDE TRUCK PLAZA,US-59/SR-141,Denison,IA,42.01963,-95.36357,3.399
1115,KWIK STAR #704,SR-57/SR-14,Parkersburg,IA,42.57138,-92.76876,3.5823
1121,TRAVELERS OASIS,"I-84, EXIT 182",Eden,ID,42.58037,-114.16276,3.799
1128,TA CHICAGO NORTH TRAVEL CENTER,"I-94/US-41, EXIT 1",Wadsworth,IL,42.44603,-87.90405,3.769
1132,SPEEDWAY #7423,"I-57, EXIT 83",Ina,IL,38.15274,-88.88936,3.249
1136,PILOT TRAVEL CENTER #171,"I-74, EXIT 206",Oakwood,IL,40.11666,-87.7825,3.399
1140,CIRCLE K #4701398,"I-55, EXIT 82 & SR-104",Divernon,IL,39.56768,-89.65465,3.499
1149,PILOT TRAVEL CENTER #30,"I-70, EXIT 96",Greenfield,IN,39.7902,-85.8141,3.959
1151,SPEEDWAY #8061,"I-70, EXIT 115 & SR-109",Knightstown,IN,39.80603,-85.52615,3.759
1154,CIRCLE K #2704691,SR-71 & CR-214,Cedar Creek,TX,30.09664,-97.4976,3.199
1156,CIRCLE K #4700028,"I-74/US-421, EXIT 116 & SR-44",Shelbyville,IN,39.50434,-85.78751,3.599
1157,One9 #297,"I-70, EXIT 11 & SR-46",Terre Haute,IN,39.4667,-87.4068,3.4357
1158,PILOT TRAVEL CENTER #36,US-30 & SR-49,Valparaiso,IN,41.47566,-87.07587,3.859
1163,SHORT STOP #13,US-54,Emporia,KS,38.4184,-96.18715,2.839
1176,PILOT TRAVEL CENTERS #353,"I-75, EXIT 129",Georgetown,KY,38.21171,-84.55618,3.2057
1179,PILOT TRAVEL CENTERS #399,"I-65, EXIT 105",Lebanon Junction,KY,37.85105,-85.72464,3.609
1196,SOUTHERN BELLE TRUCK STOP,US-61 & SR-964,Saint Francisville,LA,30.85866,-91.39227,3.384
1199,ALLTOWN MARKETS #306,"I-190, EXIT 7",Leominster,MA,42.52744,-71.75631,3.6823
1202,ONE9 #290,"I-95, EXIT 93 & SR-222",Perryville,MD,39.56489,-76.05923,3.599
1204,PETRO STOPPING CENTER #321,"I-70 & I-57, EXIT 159",Effingham,IL,39.12173,-88.5611,3.349
1208,D AVENUE FUEL PLAZA,US-131,Kalamazoo,MI,42.27356,-85.54565,3.099
1210,ROADHAWK TRAVEL CENTER,"I-94, EXIT 56 & SR-51",Paw Paw,MI,42.23493,-85.90049,3.559
1217,KWIK TRIP #250,"I-90, EXIT 179",Austin,MN,43.66954,-92.97837,3.374
1218,CASEYS #3658,SR-210,Pillager,MN,46.3984,-94.39229,3.299
1225,AYERCO #35,US-61 & US-61 BUS,Bowling Green,MO,39.33464,-91.19623,3.0157
1234,Lamar Travel Plaza,US-71 & US-160,Lamar,MO,37.50022,-94.27025,3.199
1236,AYERCO #44,US-36 & US-24,Palmyra,MO,39.79131,-91.53682,3.0157
1240,TEMP STOP #103,US-65,Sedalia,MO,38.69608,-93.23227,3.199
1247,SNAPPY MART #11,US-63 & SR-14,West Plains,MO,36.72842,-91.87168,3.299
1251,MAPCO #3009,US-72,Corinth,MS,34.93236,-88.54388,3.154
1256,DOUBLE QUICK #89,US-82/US-278,Greenville,MS,33.37874,-91.04679,3.2557
1265,JOE JOES TRAVEL CENTER,US-78 & RED BANKS RD S,Red Banks,MS,34.87504,-89.51984,2.9723
1304,LOVES TRAVEL STOP #667,"I-85, EXIT 152",Mebane,NC,36.09786,-79.2719,3.9473
1315,CIRCLE K #2720218,US-421 BUS & US-15/US-501/US-1,Sanford,NC,35.46415,-79.17645,3.0823
1325,SCOTCHMAN #3303,US-421 & US-74,Wilmington,NC,34.2253,-77.93786,3.629
1326,SPEEDWAY #7949,US-301/US-264 ALT & CR-1674,Wilson,NC,35.72702,-77.92273,3.199
1333,PUMP & PANTRY #15,US-30,Grand Island,NE,40.92186,-98.34106,3.3073
1340,BORDENTOWN VALERO,"NJ TNPK, EXIT 7 & US-206",Bordentown,NJ,40.14314,-74.70325,3.499
1342,Delta,"I-80, EXIT 47B",Fairfield,NJ,40.88218,-74.29603,3.2023
1344,BOLLA TRUCK STOP #193,US-202 & SR-17,Mahwah,NJ,41.07447,-74.15597,3.5323
1348,GLOBAL,SR-73,Palmyra,NJ,40.00365,-75.02568,3.359
1356,LOVES TRAVEL STOP #257,"I-40 & HORIZON, EXIT 79",Milan,NM,35.16972,-107.89028,3.5907
1364,7- ELEVEN #40507,"I-80/I-90, MM 56 WB",Rolling Prairie,IN,41.72286,-86.58409,3.9823
1372,PILOT TRAVEL CENTER #469,"I-77, EXIT 101 & SR-627",Canton,OH,40.827,-81.3853,3.6223
1376,FUEL MART #782,"I-75, EXIT 118",Lima,OH,40.76407,-84.0973,3.0857
1379,TA LODI TRAVEL CENTER,"I-71, EXIT 209 & I-76/US-224, EXIT 1",Seville,OH,41.02273,-81.8562,3.739
1384,SUNOCO,"I-80/I-90, EXIT 13 & US-20ALT/SR-15",Montpelier,OH,41.59821,-84.6147,3.4157
1391,ONCUE EXPRESS #2045,"I-35, EXIT 203 & SR-15",Billings,OK,36.52461,-97.41889,3.2157
1395,DOMINO FOOD AND FUEL #1,"I-40, EXIT 66",Clinton,OK,35.51154,-98.97953,3.099
1404,ONE9 #339,"I-74, EXIT 4 & SR-63",Covington,IN,40.13262,-87.38188,3.2623
1414,SAC SHOP #507,"I-70, EXIT 12/161",Breezewood,PA,39.99052,-78.24527,4.099
1424,GETTYSBURG TRAVEL PLAZA,US-15 & SR-394,Gettysburg,PA,39.83204,-77.22231,3.899
1428,CIRCLE K #4702408,"I-65, EXIT 168 & SR-38/SR-25",Lafayette,IN,40.41774,-86.88836,3.4323
1432,KWIK FILL #259,"I-81, EXIT 57",Mechanicsburg,PA,40.21417,-77.00889,4.049
1444,PILOT TRAVEL CENTERS #346,"I-20, EXIT 92 & US-601",Lugoff,SC,34.22961,-80.71471,3.4323
1445,PILOT TRAVEL CENTERS #402,"I-80, EXIT 367",Cheyenne,WY,41.14372,-104.79623,3.709
1447,HOT SPOT #3005,US-221,Chesnee,SC,35.1154,-81.86783,3.199
1453,EXPRESS STOP,US-278/SR-101/SR-6 & SR-113,Rockmart,GA,33.99791,-85.05937,3.319
1455,PETRO FLORENCE,"I-95, EXIT 169",Florence,SC,34.18375,-79.77279,3.3257
1461,CIRCLE K #2705370,"I-26, EXIT 15 & US-176",Inman,SC,35.0528,-82.05401,3.099
1464,CIRCLE K #2723254,"I-20, EXIT 55 & SR-6",Lexington,SC,33.98139,-81.23639,3.199
1470,CIRCLE K #2705348,US-1,Beech Island,SC,33.42722,-81.89111,3.159
1479,TA SPARTANBURG TRAVEL CENTER,"I-85, EXIT 63 & SR-290",Duncan,SC,34.91765,-82.12582,3.4323
1487,ROADRUNNER MARKET #6019,"I-81, EXIT 36 NORTH",Greeneville,TN,36.16081,-82.83314,3.499
1492,MAPCO #3538,"I-24, EXIT 174",Chattanooga,TN,35.0455,-85.3081,2.899
1507,CIRCLE K #4703941,"I-55, EXIT 5A",Memphis,TN,35.0337,-89.9343,3.189
1516,LOVES TRAVEL STOP #261,I-27 EXIT 116,Amarillo,TX,35.20324,-101.84205,3.2323
1531,CircleK #4702365,"I-74, EXIT 112 & SR-9",Shelbyville,IN,39.50434,-85.78751,3.509
1533,YESWAY #1157,US-62,Brownfield,TX,33.1698,-102.27616,2.9923
1546,SHELL,"I-35, EXIT 86 & SR-85",Dilley,TX,28.6782,-99.17468,3.099
1548,TOOT N TOTUM #107,US-287,Dumas,TX,35.88231,-101.96798,3.0323
1552,STRIPES #40911,US-59 & SR-16,Freer,TX,27.87998,-98.60613,3.099
1555,SEIBERT TRAVEL PLAZA,"I-70, EXIT 405 & SR-59",Seibert,CO,39.31833,-102.88218,3.499
1560,CATTREZ,US-20 & SR-5,Irving,NY,42.57387,-79.05963,2.899
1562,I MART #108,"I-40, EXIT 108",Wildersville,TN,35.76977,-88.43879,3.099
1567,KUM & GO #4110,"I-235, EXIT 11",Des Moines,IA,41.6005,-93.6088,3.0273
1579,FLYING J TRAVEL PLAZA #924- TOWN PUMP,"I-15, EXIT 122 & I-90 MM220",Butte,MT,45.99158,-112.51781,3.5657
1582,LOVES TRAVEL STOP #250,I-40 EXIT 60,Amarillo,TX,35.20324,-101.84205,3.314
1585,Stripes 7Fleet #42498,US-385 & CR-1910,Andrews,TX,32.32012,-102.54093,3.369
1590,ROAD RANGER #240,"I-80 & I-94, EXIT 15-A",Lake Station,IN,41.56863,-87.26221,3.559
1596,FLYING J #305,"I-40, EXIT 39",Jamestown,NM,35.42167,-108.30833,3.4423
1597,7-ELEVEN #36156,"I-70 & SR-519, EXIT 25/333",Eighty Four,PA,40.18682,-80.0627,4.999
1599,ONVO TRAVEL PLAZA,"I-81, EXIT 10",Mc Graw,NY,42.59476,-76.08196,3.439
1602,CIRCLE K #2723387,US-98,Beaumont,MS,31.13676,-88.90549,3.5657
1606,DONNAS TRAVEL PLAZA,"I-5, EXIT 202",Marysville,WA,48.06564,-122.15617,4.559
1610,TA BALTIMORE TRAVEL CENTER,"I-95, EXIT 57",Baltimore,MD,39.17185,-76.64829,4.759
1618,GO MART FOOD STORE #33,US-33,Ripley,WV,38.80904,-81.70199,3.499
1621,CIRCLE K #2709337,"I-65, EXIT 262B",Birmingham,AL,33.519,-86.8014,3.489
1622,RACEWAY #6973,US-380 & SR-114/SR-101,Bridgeport,TX,33.18703,-97.78098,2.7823
1623,SAPP BROS TRAVEL CENTER,"I-70 & I-270, EXIT 278",Commerce City,CO,39.82588,-104.91135,3.389
1625,PILOT TRAVEL CENTERS #60,"I-26, EXIT 159",Bowman,SC,33.34747,-80.67087,3.4323
1632,PILOT TRAVEL CENTERS #266,"I-10, EXIT 139 & SR-292",Las Cruces,NM,32.32164,-106.74603,3.1907
1633,7-ELEVEN #36302,"I-35, EXIT 144",Von Ormy,TX,29.27498,-98.66774,3.109
1634,PILOT TRAVEL CENTERS #40,"I-94, EXIT 322",Oak Creek,WI,42.88916,-87.90266,3.889
1644,ALLSUPS CONVENIENCE STORE #2414,"I-20, EXIT 235",Roscoe,TX,32.42756,-100.53909,2.929
1646,SPEEDWAY #8310,US-6 & US-31,Plymouth,IN,41.3339,-86.32409,3.609
1647,SPEEDWAY #8305,US-41 & SR-312,Hammond,IN,41.60993,-87.50791,3.7657
1653,ROAD RANGER #187,"I-55, EXIT 289",Chicago,IL,41.88585,-87.61812,3.569
1654,CEFCO #3,US-77/US190/SR-36,Cameron,TX,30.85271,-96.97656,2.989
1661,CHEVRON,"I-20, EXIT 101 & SR-151",Calhoun,LA,32.52479,-92.32993,3.159
1669,BETTY BEAVERS TRUCKSTOP,"I-90, EXIT 28",Fultonville,NY,42.9036,-74.35976,3.149
1670,Petro Stopping Center #54,"I-44, EXIT 4 & SR-3",Joplin,MO,37.09686,-94.50514,3.449
1671,LOVES TRAVEL STOP #412,"I-95, EXIT 77",Dunn,NC,35.31651,-78.61508,3.699
1672,HANA TRAVEL PLAZA,"I-40, EXIT 77",Amarillo,TX,35.20324,-101.84205,2.899
1699,ALLENS FOOD MART280,US-280/US-231/SR-53/SR-38 & CR-8/CR-34,Sylacauga,AL,33.17168,-86.27126,3.799
1700,TOPPS FUEL STOPS,US-259/SR-49,Daingerfield,TX,33.03126,-94.7359,3.109
1720,TOOT N TOTUM #120,US-54 & S WESTERN AVE,Liberal,KS,37.04379,-100.92857,3.0157
1749,HIGHWAY 96 FUEL STOP,US-96 & SR-62/FM-1004,Buna,TX,30.41321,-93.99126,3.149
1753,PWI #169,"I-35/US-77, EXIT 359 & CR-1304",Abbott,TX,31.89164,-97.06715,2.899
1773,M-46 AUTO TRUCK PLAZA,"US-131, EXIT 120 & SR-46",Howard City,MI,43.40833,-85.48561,3.099
1791,PILOT TRAVEL CENTERS #257,"I-20, EXIT 126 & FM-1788",Midland,TX,31.98964,-102.06261,3.5657
1807,LOVES TRAVEL STOP #229,I-40 EXIT 96 & SR-207,Panhandle,TX,35.38084,-101.43037,3.314
1810,KENT KWIK #804,US-83,Perryton,TX,36.37483,-100.81556,2.999
1829,PILOT TRAVEL CENTER #96,"SR- 60 & FL TURNPIKE, EXIT 193",Okeechobee,FL,27.31153,-80.84785,3.699
1832,CORNER FUEL CENTER,US-49,Hattiesburg,MS,31.31455,-89.30647,3.299
1834,PUMP N PANTRY #15,"I-20, EXIT 617 & US-59",Marshall,TX,32.53378,-94.36191,2.899
1849,Stripes #42457,US-67/US-277,San Angelo,TX,31.47817,-100.48175,3.244
1855,EXIT 76 AUTO TRUCK PLAZA,US-131,Byron Center,MI,42.80161,-85.7136,3.499
1858,FLYING J TRAVEL PLAZA #737,"I-10, EXIT 583",San Antonio,TX,29.46852,-98.52635,3.224
1859,GO MART FOOD STORE #44,"I-79, EXIT 67 & US-19/SR-4",Sutton,WV,38.67386,-80.68107,3.559
1860,MR FUEL #278,"I-75/71, EXIT 175 & SR-338",Walton,KY,38.88749,-84.63277,3.019
1861,PETRO STOPPING CENTER #315,"I-40, EXIT 66",Kingman,AZ,35.25838,-114.05689,3.899
1866,PRI MART FUEL CENTER,"I-94, EXIT 29",Benton Harbor,MI,42.10859,-86.42342,3.499
1873,JDS TRUCKSTOP,"US-12 & US-31, EXIT 3",Niles,MI,41.82017,-86.23679,3.749
1874,CIRCLE K #2744529,US-175,Seagoville,TX,32.65252,-96.55797,2.9507
1879,HOLIDAY STATIONSTORE #3552,"I-35, EXIT 81 & SR-70",Lakeville,MN,44.67486,-93.2578,3.549
1888,STRIPES 7FLEET #42449,US-87,Sterling City,TX,31.83506,-101.00173,3.2807
1889,TOOT N TOTUM #105,US-54 & US-287,Stratford,TX,36.33349,-101.98857,2.9657
1893,MIKE MCDONALD TRUCK STOP,"I-20, EXIT 509",Terrell,TX,32.71429,-96.25134,2.8707
1894,CIRCLE K #2741544,"I-37 & SR-72, EXIT 69",Three Rivers,TX,28.47565,-98.17816,3.0657
1897,YESWAY #1077,"I-20/US-84, EXIT 278",Tye,TX,32.44773,-99.86843,2.8757
1905,LUCKY TRUCK STOP,US-82,Whitesboro,TX,33.65902,-96.87898,2.8857
1909,RALLYSTOP #1,"I-15, EXIT 62",Cedar City,UT,37.68954,-113.07451,3.459
1914,LOVES TRAVEL STOP #792,"I-70, EXIT 160",Green River,UT,39.00024,-110.15982,3.709
1921,BELL TRUCK STOP,"I-80, EXIT 146",Park City,UT,40.69572,-111.52802,3.4523
1923,SCENIC QUIK STOP,"I-70, EXIT 54 & US-89",Salina,UT,38.95603,-111.88107,3.459
1930,CASEYS #3058,"I-35, EXIT 19 & US-160 E",Wellington,KS,37.27783,-97.39098,3.299
1931,RBS ONE STOP,"I-15, EXIT 320",Woods Cross,UT,40.88745,-111.90271,3.459
1934,CIRCLE K #2723710,"I-77, EXIT 24",Austinville,VA,36.81946,-80.85832,3.2407
1936,QUICK STOP MARKET #36,"I-81, EXIT 10 & US-11",Bristol,VA,36.61809,-82.1823,3.399
1940,7-ELEVEN #40063,"I-81, EXIT 98 & SR-100",Dublin,VA,37.09888,-80.6697,3.199
1944,LOVES TRAVEL STOPS #399,"I-77, EXIT 1 & SR-620",Lambsburg,VA,36.57748,-80.76013,3.589
1950,7-ELEVEN #34515,"I-81, EXIT 205",King George,VA,38.28114,-77.12602,3.399
1951,CIRCLE K #2723713,"I-81, EXIT 205",Staunton,VA,38.1451,-79.07519,3.3857
1953,FAS MART #3555,"I-64, EXIT 136 & US-15",Gordonsville,VA,38.10726,-78.19519,3.699
1954,Joe's Kwik Mart #8409,US-58 & CR-645,Suffolk,VA,36.86682,-76.55981,3.0323
1956,PILOT TRAVEL CENTER #4642,"I-81, EXIT 291",Toms Brook,VA,38.97016,-78.40376,3.659
1958,SPEEDWAY #4618,"I-81 & I-77, EXIT 77",Wytheville,VA,36.94067,-81.09408,3.4123
1960,MAPLEWOOD IRVING,"I-89, EXIT 7",Montpelier,VT,44.2574,-72.5698,3.699
1962,SUPER QUIK,"I-64, EXIT 172 & SR-1/SR-7",Grayson,KY,38.32804,-82.96509,3.799
1976,One9 #963,"I-90, EXIT 276",Spokane,WA,47.66649,-117.43653,3.959
1977,GEE CEES TRUCK STOP,"I-5, EXIT 57",Toledo,WA,46.43955,-122.82656,3.839
1983,KWIK TRIP #427,"US-53, EXIT 110 & SR-40",Bloomer,WI,45.10248,-91.48997,3.4157
1985,Camp Douglas BP,"I-90 & I-94, EXIT 55",Camp Douglas,WI,43.93671,-90.26886,3.154
2000,RIVER CITY TRAVEL PLAZA,US-41,Marinette,WI,45.0874,-87.66968,3.399
2002,KWIK TRIP #222,US-53/US-2,Superior,WI,46.70155,-92.09117,3.339
2009,KWIK TRIP #139,"I-43, EXIT 120 & CR-V/CR-OK",Sheboygan,WI,43.74098,-87.72467,3.2907
2020,BFS FOODS #72,"I-68, EXIT 23 & SR-26",Bruceton Mills,WV,39.64539,-79.61594,3.499
2021,GO MART FOOD STORE #59,"I-64, EXIT 15 & US-60",Huntington,WV,38.40973,-82.44235,3.499
2022,GO MART FOOD STORE #86,"I-79, EXIT 40 & SR-16",Ivydale,WV,38.53048,-81.03351,3.599
2029,HOMAX SERVICE,"I-25, EXIT 188",Mills,WY,42.84056,-106.36528,3.169
2030,GHOST TOWN FUEL STOP,US-26/US-20,Casper,WY,42.84576,-106.31657,3.429
2034,TA CHEYENNE TRAVEL CENTER,"I-80, EXIT 377 & SR-217/CR-140",Cheyenne,WY,41.14372,-104.79623,3.699
2040,Fast Stop Travel Centers #1133,"I-25, EXIT 126 & US-18/20",Douglas,WY,42.76256,-105.38548,3.499
2041,PINE BLUFFS SINCLAIR,"I-80, EXIT 401 & US-30",Pine Bluffs,WY,41.1788,-104.06659,3.699
2044,One9 #1251,"I-80, EXIT 173",Wamsutter,WY,41.65828,-108.15167,3.499
2074,STRIPES #40522,"I-10, EXIT 550",San Antonio,TX,29.46852,-98.52635,3.059
2076,ALLSUPS CONVENIENCE STORE #2159,US-283 BUS/US-277 BUS & SR-422,Seymour,TX,33.59145,-99.25873,3.299
2078,ALLSUPS CONVENIENCE STORE #2366,US-84 & CR-3300,Slaton,TX,33.43679,-101.65192,2.969
2084,Main Street Market #112,"I-20, EXIT 73",Wickett,TX,31.57,-103.00056,2.879
2087,LWS TRUCK STOP,SR-30,Logan,UT,41.74703,-111.82261,3.4257
2088,FLYING J TRAVEL PLAZA #773,"I-70, EXIT 40",Richfield,UT,38.75708,-112.06225,3.699
2089,FLYING J TRAVEL PLAZA #774,"I-84, EXIT 7",Snowville,UT,41.84032,-112.35339,3.749
2115,KWIK TRIP #838,SR-23/SR-33,Reedsburg,WI,43.5325,-90.0025,3.194
2125,BIG D #44,"I-80, EXIT 311 & SR-130",Laramie,WY,41.31291,-105.58115,3.249
2144,Mountain View Truck Stop,US-15,Thurmont,MD,39.60658,-77.40511,4.099
2152,SPEEDWAY #4709,"I-90, EXIT 102",Fairmont,MN,43.63759,-94.45095,3.299
2167,PILOT TRAVEL CENTERS #134,"I-94, EXIT 171 (CR 75)",Saint Cloud,MN,45.55211,-94.12845,3.2873
2182,PILOT TRAVEL CENTER #4649,"I-64 & I-81, EXIT 205",Raphine,VA,37.93735,-79.2219,3.659
2192,GO MART FOOD STORE #51,US-19/SR-129,Mount Nebo,WV,38.19706,-80.8202,3.599
2194,A AND A TRUCKSTOP,US-35 & CR-41,Jackson,OH,39.04282,-82.64721,3.799
2196,Certified Oil #400410,I-76 EXIT 43,Ravenna,OH,41.16489,-81.23366,3.3157
2204,NATURAL BRIDGE SHELL,US-278 & SR-5,Lynn,AL,34.05298,-87.53981,3.6823
2209,Roadrunner #471,"I-40/US-65, EXIT 142 & SR-365",North Little Rock,AR,34.76697,-92.26538,3.0323
2219,PILOT TRAVEL CENTER #66,"I-85, EXIT 129",Braselton,GA,34.13894,-83.78116,3.2723
2223,PO JOS GAS N GO,"I-16 SR-404, EXIT 116 & US-301/SR-73",Register,GA,32.33823,-81.87283,3.2323
2227,SPEEDWAY #7448,SR-59,Naperville,IL,41.7662,-88.14104,3.299
2231,QUIKTRIP #605,"I-270, EXIT 33",Saint Louis,MO,38.64257,-90.32419,2.899
2255,S&G #36,"I-280, EXIT 2 & SR-795",Millbury,OH,41.56106,-83.43808,3.4923
2267,Circle K #4703917,"I-65, EXIT 112 & SR-25",Cross Plains,TN,36.55307,-86.67609,2.949
2283,CIRCLE K #2707321,SR-60,Bartow,FL,27.89566,-81.81268,3.5223
2287,SAC SHOP #511,"I-76/I-70, EXIT 146 & I-99/US-220 EXIT 1",Bedford,PA,39.99084,-78.52607,4.099
2306,SCOTCHMAN #3894,"I-77, EXIT 73 & SR-901",Rock Hill,SC,34.91507,-81.0129,3.079
2310,MAPCO #3686,"I-24, EXIT 175",Chattanooga,TN,35.0455,-85.3081,2.889
2311,SHELL,"I-24 & EPPS MILL RD, EXIT 89",Christiana,TN,35.74088,-86.40793,3.1323
2331,PINNERS POINT,SR-135,Portsmouth,VA,36.8089,-76.36714,3.499
2336,FLYING J TRAVEL PLAZA #754,"I-77 & I-81, EXIT 77",Wytheville,VA,36.94067,-81.09408,3.549
2340,RSTORE #4478,SR-8 & SR-13,Prentice,WI,45.5482,-90.29422,3.039
2557,PWI #106,"I-30, EXIT 77B",Royse City,TX,32.96278,-96.36484,2.899
2602,PILOT TRAVEL CENTERS #9,"I-75, EXIT 36",Franklin,OH,39.54784,-84.30588,3.3523
2623,TA JANESVILLE TRAVEL CENTER,"I-90/I-39, EXIT 171B & US-14",Janesville,WI,42.69154,-89.03312,3.299
2626,WEST END SINCLAIR,"I-80, EXIT 211",Rawlins,WY,41.79513,-107.23488,3.319
2629,PILOT TRAVEL CENTERS #253,"I-295 & NJ TRNPK, EXIT 2B",Penns Grove,NJ,39.71794,-75.46562,3.989
2635,FLYING J #584,"I-5, EXIT 278",Aurora,OR,45.22843,-122.80388,3.859
2638,PIT STOP TRAVEL CENTER,US-789,Riverton,WY,43.04579,-108.41133,4.399
2640,LITTLE NASHVILLE,"I-64, EXIT 50 & SR-127",Nashville,IL,38.33521,-89.38406,3.299
2644,FREDERICKS TRAVEL CENTER,"I-25/US-87, EXIT 235 & SR-52",Erie,CO,40.05975,-105.06858,3.499
2756,PAR MAR FOOD STORE #89,"I-77/SR-2, EXIT 170 & SR-14 E",Mineral Wells,WV,39.21,-81.5305,3.499
2761,PONY EXPRESS SERVICE CENTER,US-36 & SR-148,Hanover,KS,39.89266,-96.86895,2.9557
2764,LOVES TRAVEL STOP #046,US-64/54 & SR-94,Hooker,OK,36.84798,-101.19068,3.5623
2765,LOVES TRAVEL STOP #023,US-50 & US-287,Lamar,CO,38.08414,-102.6192,3.4623
2772,PILOT TRAVEL CENTERS #29,"I- 80, EXIT 144; I-69, EXIT 357",Fremont,IN,41.73313,-84.94525,3.899
2779,Stinker #121,I-84 & EXIT 208,Heyburn,ID,42.55992,-113.77089,3.5607
2788,JIFFY MART #451,"I-91, EXIT 17 & SR-302",Wells River,VT,44.15244,-72.05296,3.569
2805,Fast Stop Travel Centers #1145,"I-15, EXIT 31",Downey,ID,42.41813,-112.10902,3.799
2807,SUDDEN SERVICE #25,"I-24, EXIT 11",Clarksville,TN,36.52201,-87.349,3.3073
2811,KWIK FILL #22,"I-90, EXIT 40 & SR-34/SR-31",Weedsport,NY,43.04888,-76.5425,3.899
2817,Chevron #382354,"I-5/US-12, EXIT 72",Chehalis,WA,46.63819,-122.96576,4.299
2848,TA TONOPAH TRAVEL CENTER,"I-10, EXIT 103",Tonopah,AZ,33.4228,-112.95279,3.939
2851,SPEEDWAY #2958,"I-8, EXIT 12",Yuma,AZ,32.70151,-114.64236,3.479
2862,TA TALLULAH TRAVEL CENTER,"I-20, EXIT 171 & US-65",Tallulah,LA,32.40213,-91.19007,3.209
2864,KUM & GO #0493,I-49 BUS/SR-59,Neosho,MO,36.87063,-94.38622,3.059
2875,CIRCLE K #2744138,"I-25, EXIT 101 & US-50/SR-47",Pueblo,CO,38.28788,-104.58483,3.399
2883,PILOT TRAVEL CENTERS #293,"I-75, EXIT 341 & CR-484",Ocala,FL,29.1981,-82.0974,3.359
2885,SP Truckstop & Travel Center,US-84/SR-38,Bainbridge,GA,30.9355,-84.5809,3.599
2889,MOULTON COWBOYS,SR-157,Moulton,AL,34.50584,-87.22239,3.099
2891,PETRO STOPPING CENTER #338,"I-80, EXIT 21",Sparks,NV,39.54725,-119.75559,3.949
2895,EAGLE TRUCK STOP,I-77 EXIT 81,New Philadelphia,OH,40.48454,-81.43583,3.3157
2896,NORTH LEWISTON DYNAMART,US-12 & SR 128,Lewiston,ID,46.38946,-116.98771,3.669
2897,GAS N GO #15,"I-80, EXIT 41",Lyman,WY,41.32914,-110.29263,3.4657
2910,FLYING J TRAVEL PLAZA #685,"I-29 & I- 94, EXIT 349",Fargo,ND,46.90088,-96.79358,3.569
2913,ONE9#226,"I-40, EXIT 417 & SR-92",Dandridge,TN,36.0018,-83.40444,3.259
2915,TP TRUCK STOP,"I-15, EXIT 80",Fort Hall,ID,42.98872,-112.45985,3.519
2917,GOLDYS TRUCK PLAZA,US-29,Rustburg,VA,37.25454,-79.12151,3.519
2922,LOVES TRAVEL STOP #210,"I-40, EXIT 158",Albuquerque,NM,35.0936,-106.6423,3.5207
2923,LOVES TRAVEL STOPS #435,"I-95, EXIT 104 & SR-207",Ruther Glen,VA,37.94506,-77.47135,3.589
2924,HWY 190 FUEL STOP,US-190,Jasper,TX,30.92535,-94.02148,3.1323
2926,EXIT 77 TRAVEL PLAZA,"I-81, EXIT 77 & SR-39",Harrisburg,PA,40.26177,-76.88308,3.499
2929,TA EXPRESS STEELE,"I-94, EXIT 200 & SR- 3",Steele,ND,46.85236,-99.93356,3.599
2935,CIRCLE K #2726163,"I-295, EXIT 22",Jacksonville,FL,30.3163,-81.4175,3.299
2937,FLYING J TRAVEL PLAZA #664,"I-75, EXIT 171",Walton,KY,38.88749,-84.63277,3.0857
2956,PILOT TRAVEL CENTERS #275,"I-85, EXIT 39 I-77, EXIT 13",Charlotte,NC,35.2269,-80.8433,3.5523
2963,SUPERPUMPER #26,"I-94, EXIT 258 & US-281",Jamestown,ND,46.9059,-98.70613,3.629
2967,PETRO STOPPING CENTER #317,"I-57, EXIT 71",Perrysburg,OH,41.54293,-83.59273,3.7857
2968,E-Z MART #4460,"I-20, EXIT 124",Monroe,LA,32.52855,-92.1061,3.129
2977,DISCOUNT FUEL,"I-90, EXIT 150 & SR-73",Kadoka,SD,43.84457,-101.55227,3.229
2982,CIRCLE K #2723726,"I-59/I-20, EXIT 52 & US-11/US-43/SR-7",Knoxville,AL,32.98242,-87.79185,3.089
3003,CHEVRON,"I-20, EXIT 186",Delta,LA,32.32556,-90.92694,2.994
3008,BUSY BEE,"I-10, EXIT 283 & US-129",Live Oak,FL,30.28662,-83.02499,3.779
3022,TA GREENCASTLE TRAVEL CENTER,"I-81, EXIT 5",Greencastle,PA,39.78183,-77.74696,3.959
3030,Mr Ts Riverside,US-412,Cardwell,MO,36.04345,-90.2907,3.199
3064,PORTS TO PLAINS TRAVEL PLAZA,US-50 & US-287,Lamar,CO,38.08414,-102.6192,3.399
3086,SPEEDWAY #4638,US-29,Madison Heights,VA,37.4531,-79.11409,3.4957
3093,RSTORE #4488,US-51,Merrill,WI,45.18092,-89.6907,3.2407
3096,HOBO PANTRY #6,US-431/SR-210,Dothan,AL,31.20289,-85.41804,3.959
3118,MOBIL,"I-87, EXIT 42 & US-11",Champlain,NY,44.97729,-73.4466,3.799
3128,TA ATLANTA SOUTH TRAVEL CENTER,"I-75, EXIT 201 & SR-36",Jackson,GA,33.28201,-83.97839,3.334
3138,TA EXPRESS #6264,"I-70, EXIT 26 & US-50",Grand Junction,CO,39.07833,-108.54569,4.049
3139,CHEROKEE TRAVEL MART,"I-40, EXIT 108",Calumet,OK,35.59482,-98.18999,3.1057
3148,YESWAY #1038,US-60 & SR-86,Neosho,MO,36.87063,-94.38622,3.059
3155,QUIK MART #18,US-72/SR-157,Tuscumbia,AL,34.68743,-87.68326,3.0073
3163,QUIKTRIP #71,"I-44, EXIT 238",Tulsa,OK,36.05566,-96.06023,3.039
3164,QUIKTRIP #102,"I-44, EXIT 222A",Tulsa,OK,36.05566,-96.06023,3.039
3165,LOVES TRAVEL STOP #213,"I-35, EXIT 211",Tonkawa,OK,36.68062,-97.30634,3.584
3167,JASPER FOOD MART,US-78,Jasper,AL,33.87167,-87.24914,3.229
3171,One9 #265,"I-40, EXIT 287 & SR-136",Cookeville,TN,36.17426,-85.49531,3.084
3176,BP,US-6 & SR-15,New Paris,IN,41.49165,-85.83383,3.6573
3178,ERNIES FUEL STOP #1605,SR-167,Kent,WA,47.3695,-122.1949,4.599
3179,MR FUEL #1020,"I-80 & I-94, EXIT 15B",Lake Station,IN,41.56863,-87.26221,3.5657
3191,BUSY CORNER TRUCK STOP AND MARKET,"I-24, EXIT 105 & US-41/SR-2",Manchester,TN,35.48167,-86.08861,3.049
3205,CROSSROADS TRUCK STOP STATION,"I-29 & SR 34, MM 109",Colman,SD,43.95576,-96.81888,3.159
3206,PERHAM OASIS,US-10 & SR-78,Perham,MN,46.60311,-95.58176,3.499
3215,SHELL TRUCKSTOP,"I-4, EXIT 44",Polk City,FL,28.19867,-81.80828,3.449
3216,MAXS #124,"I-24, EXIT 86 & US-41",Oak Grove,KY,36.66522,-87.42551,3.0423
3221,Southern Travel Plaza,"US-67, EXIT 55 & US-64/US-167 & SR-367",Bald Knob,AR,35.31133,-91.5502,3.391
3222,POMPANO TRUCK STOP,"I-95, EXIT 36B",Pompano Beach,FL,26.23153,-80.12346,3.759
3226,ONE9 #245,"I-81, EXIT 77 & SR-39",Harrisburg,PA,40.26177,-76.88308,3.609
3227,ONE9 MR FUEL #64,"I-26 & US-17, EXIT 199",Summerville,SC,33.02804,-80.17385,3.219
3230,STRIPES #40815,US-281 & US-285,Falfurrias,TX,27.22416,-98.14084,3.299
3264,TA WEST MEMPHIS TRAVEL CENTER,"I-40/US-63, EXIT 260 & SR-149",Earle,AR,35.27989,-90.45026,3.3673
3280,OUTPOST TRUCK STOP,US-85 & US-18/US-20,Lusk,WY,42.76595,-104.46508,3.689
3281,AMERICAN TRUCK PLAZA,I-80 EXIT 215 & SR-254,Milton,PA,41.01681,-76.83982,3.799
3284,CASEYS #4390,"I-49/US-71, EXIT 77 & US-160",Lamar,MO,37.50022,-94.27025,3.199
3297,SAPP BROS TRAVEL CENTER,"I-80, EXIT 370",Cheyenne,WY,41.14372,-104.79623,3.7007
3316,TRUCKOMAT OF N LITTLE ROCK,"I-40, EXIT 161 & SR-391",North Little Rock,AR,34.76697,-92.26538,3.249
3326,MIRABITO #61,"I-81, EXIT 32",Central Square,NY,43.30899,-76.18485,4.299
3330,TA # 211 GREENLAND TRAVEL CENTER,"I-95, EXIT 3A & US-101",Greenland,NH,43.03529,-70.84748,3.759
3349,QUEEN CITY TRUCK STOP,"I-20 & I-59, EXIT150",Meridian,MS,32.35744,-88.65597,2.939
3383,E-Express at Central Truck Stop,"I-35, EXIT 137",Oklahoma City,OK,35.3337,-97.4922,2.879
3386,LONGMONT TRUCK STOP,"I-25/US-87, EXIT 240 & SR-119",Longmont,CO,40.17792,-105.10095,3.239
3401,POPS Mart #333,"I-77, EXIT 48 & SR-200",Winnsboro,SC,34.38101,-81.10899,3.0907
3413,COUNTRY GIRL TRUCK STOP,US-167 & SR-156,Winnfield,LA,31.92139,-92.63665,3.319
3415,JAYS EL CHEAPO FUEL STOP,"I-16, EXIT 104",Metter,GA,32.40103,-82.06072,3.249
3418,Par Mar Store #164,"I-79, EXIT 105 & CR-7",Jane Lew,WV,39.10999,-80.43106,3.999
3421,ERNIES TRUCK STOP,"I-5, EXIT 142",Federal Way,WA,47.3203,-122.31173,4.599
3422,PWI #167,"I-10, EXIT 601",Seguin,TX,29.56132,-97.9628,2.889
3427,JOHNNYS MARKET,"I-69, EXIT 357",Fremont,IN,41.73313,-84.94525,3.699
3432,PILOT TRAVEL CENTERS #34,"I-65, EXIT 201 & US-231",Remington,IN,40.76665,-87.15994,3.659
3435,PWI #168,"I-35, EXIT 266 & SR-195",Georgetown,TX,30.63304,-97.6707,2.799
3444,Acme Truck Stop,US-441/SR-500,Orlando,FL,28.49882,-80.58248,3.449
3460,CHROME TRUCK STOP,US-18 & US-169,Algona,IA,43.06598,-94.23064,3.499
3464,BOISE PETROLEUM LLC,"I-84, EXIT 71",Boise,ID,43.6136,-116.2025,3.379
3471,ONE9 MR FUEL #72,"I-16, EXIT 160",Savannah,GA,32.06763,-81.10239,3.119
3475,PILOT TRAVEL CENTERS #56,"I-85, EXIT 63",Kannapolis,NC,35.50202,-80.63587,3.499
3477,CIRCLE K #4707404,"I-91, EXIT 7",Springfield,VT,43.30343,-72.47777,3.699
3479,FAST MARKET #4550,"I-75/SR-401, EXIT 136 & US-341",Perry,GA,32.46051,-83.72826,3.099
3493,CIRCLE K #2723675,"I-75, EXIT 290 & SR-20",Cartersville,GA,34.18697,-84.8204,3.0857
3519,PILOT TRAVEL CENTERS #431,"I-10, EXIT 873",Orange,TX,30.12517,-93.77188,3.309
3522,SUNMART #308,US-59,Livingston,TX,30.71802,-94.93528,2.859
3526,JOE STOP 99,"I-75, EXIT 99 & SR-119",Anna,OH,40.4051,-84.21034,3.064
3530,SPARKYS ONE STOP #22,"I-35, EXIT 111B & US-30",Jefferson,IA,42.00932,-94.38877,3.2323
3536,PETRO STOPPING CENTER #307,I-40 EAST & S LAKESIDE Dr,Amarillo,TX,35.20324,-101.84205,3.279
3539,Bigs 211,"I-10, EXIT 620 & SR-123",Seguin,TX,29.56132,-97.9628,3.099
3545,STOCKMENS TRUCK PLAZA,"I-494, EXIT 64A",South Saint Paul,MN,44.88813,-93.04601,3.499
3580,STINKER I 80 TRAVEL PLAZA,"I-80, EXIT 221 & SR-76",Sinclair,WY,41.77974,-107.10908,3.759
3585,CHEVRON,"I-80, EXIT 129",Lovelock,NV,40.1819,-118.46891,3.499
3588,BINGO TRUCK STOP,"I-10, EXIT 829 & SR-124",Winnie,TX,29.81568,-94.3395,2.999
3592,TA BRIDGER TRAVEL CENTER #188,"I-80, EXIT 30 & CR-202",Fort Bridger,WY,41.28282,-110.34743,3.7157
3593,TA Parowan Travel Center,"I-15, EXIT 78",Parowan,UT,37.84486,-112.83225,3.7057
3605,SPEEDYS #6,"I-35, EXIT 33",Saint Joseph,MO,39.76875,-94.83849,3.169
3608,FUEL MART #787,"I-57, EXIT 212 & US-36",Tuscola,IL,39.79951,-88.28159,3.199
3614,PILOT TRAVEL CENTERS #35,"I-80/90, EXIT 72 & US-31",South Bend,IN,41.6727,-86.25349,3.799
3616,PILOT TRAVEL CENTERS #15,"I-75, EXIT 210",Toledo,OH,41.642,-83.5438,3.7723
3619,ROAD RANGER #141,"I-70, EXIT 23",Brazil,IN,39.52104,-87.12777,3.659
3620,One9 #16,"I-71 & US-68, EXIT 50",Wilmington,OH,39.44879,-83.84165,3.1423
3645,SNOW SHOE TRAVEL PLAZA,"I-80, EXIT 147 & SR-144",Snow Shoe,PA,41.03758,-77.95228,3.469
3678,TIMES MARKET #299,US-281 BUS,Alice,TX,27.74317,-98.08362,3.099
3688,SPEEDWAY #2314,"I-94, EXIT 243 & SR-29",New Baltimore,MI,42.67534,-82.7801,3.559
3692,CHARLOTTE TRAVEL PLAZA,"I-77, EXIT 16B",Charlotte,NC,35.2269,-80.8433,3.5323
3699,WARREN TRAVEL PLAZA,"I-69, EXIT 278 & SR-5",Warren,IN,40.68865,-85.41834,3.399
3702,BEARS DEN TRADING POST #101,ST 37 11 MI E OF MASSENA,Hogansburg,NY,44.98251,-74.66265,3.649
3707,SPEEDWAY #4704,"I-90, EXIT 154",Albert Lea,MN,43.65368,-93.37067,3.299
3718,SPEEDWAY #4706,"I-90, EXIT 265",Chamberlain,SD,43.7953,-99.31182,3.299
3719,KEYSTONE TRUCK STOP,US-22 & SR-164,Loretto,PA,40.51048,-78.62936,3.999
3725,GENEVA TRUCK STOP,"I-79, EXIT 35/141",Cochranton,PA,41.52049,-80.05727,3.8157
3728,PLAZA 23 TRUCK STOP,"I-787, EXIT 2",Albany,NY,42.6525,-73.7566,3.799
3737,JORDAN'S KWIK STOP #70,US-49,West Helena,AR,34.54964,-90.65453,3.399
3745,PILOT TRAVEL CENTER #906-TOWN PUMP,"I-90, EXIT 408 & SR-78",Columbus,MT,45.62617,-109.25713,3.5807
3759,EXXON,US-67 & SR-18,Newport,AR,35.59882,-91.25706,4.1323
3767,SIMMONS TRAVEL CENTER,"I-95, EXIT 8 & US-301",Emporia,VA,36.68569,-77.56295,3.099
3772,Brake Time Corner Market,"I-25, EXIT 240",Burlington,CO,39.31065,-102.25828,3.499
3774,SINCLAIR,"I-70, EXIT 438",Burlington,CO,39.31065,-102.25828,3.889
3781,REATTA TRAVEL STOP,"I-76, EXIT 149 & SR-55/CR-81",Crook,CO,40.87474,-102.84717,3.3823
3783,CIRCLE K #2744095,"I-25, EXIT 215",Denver,CO,39.84056,-105.00799,3.299
3794,SPEEDWAY #4701,"I-90, EXIT 73",Jackson,MN,43.64573,-94.99383,3.299
3817,FAST MARKET,"I-25, EXIT 158",Colorado Springs,CO,38.8335,-104.8206,3.159
3843,ONCUE EXPRESS #61,"I-35, EXIT 185 & US-77",Perry,OK,36.28747,-97.28418,3.2157
3868,SHORE STOP #279,US-13,Greenwood,DE,38.81752,-75.59355,3.239
3888,Fics Plaza,"I-90, EXIT 184",Deer Lodge,MT,46.38807,-112.74759,3.519
3889,CIRCLE K #2701686,"I-75, EXIT 220",Bradenton,FL,27.50278,-82.51389,3.439
3907,SUNOCO,US-46 & SR-93,Palisades Park,NJ,40.84624,-73.99544,3.279
3908,SEMINOLE TRUCK STOP,"I-75, EXIT 354",Fort Lauderdale,FL,26.12156,-80.12878,3.699
3927,MICCOSUKEE SERVICE PLAZA,"I-75, EXIT 49 & SR-84",Fort Lauderdale,FL,26.12156,-80.12878,3.6657
3936,Uncle Petes Truck  Stop,"I-40, EXIT 239 & US-70/SR-26",Lebanon,TN,36.20979,-86.30237,2.989
3946,Fast Lane,US-24 & US-63,Moberly,MO,39.42024,-92.43579,3.469
3949,SUNSTOP #337,"I-10/SR-8, EXIT 303 & US-441",Lake City,FL,30.0949,-82.7117,3.699
3956,CIRCLE K #2707451,US-27/SR-25 & SR-70,Lake Placid,FL,27.29447,-81.36492,3.399
3964,SPEEDWAY #6604,"I-94, EXIT 66",Mattawan,MI,42.24507,-85.79428,3.489
3970,EXXON - Pilot #1293,"I-30, EXIT 61",Garland,TX,32.92274,-96.6248,2.8423
3973,LOVES TRAVEL STOP #205,"I-35 & I-44, EXIT 137",Oklahoma City,OK,35.3337,-97.4922,3.319
3974,LOVES TRAVEL STOP #201,I-40 EXIT 41,Elk City,OK,35.41036,-99.42109,3.1257
3975,SUNSTOP #334,"I-10, EXIT 335 & SR-121",Macclenny,FL,30.27367,-82.13247,3.459
3979,PETRO GARY 369,"I-80 & I-94, EXIT 9",Gary,IN,41.59333,-87.34639,3.8307
4006,MISSILE MART #1,US-167 & SR-7,El Dorado,AR,33.20735,-92.66286,3.499
4008,BALDWIN TRAVEL PLAZA,"I-94, EXIT 19 & US HWY 63",Baldwin,WI,44.9657,-92.3655,3.503
4025,BP,"I-85, EXIT 21 & US-178",Anderson,SC,34.52605,-82.63044,2.909
4035,PILOT TRAVEL CENTER #430,"I-40, EXIT 84",Russellville,AR,35.28421,-93.13148,3.375
4062,DUDLEYS TRUCK STOP RESTAURANT,US-220,Rocky Mount,VA,36.9891,-79.88396,3.299
4063,STUCKEY'S,"I-59, EXIT 67 & US-49",Hattiesburg,MS,31.31455,-89.30647,2.999
4080,SHELL DBA PILOT DEALER #874,US-41,Miami,FL,25.779,-80.1982,3.699
4101,E-Z MART #4411,HIGHWAY 69 & COBBLESTONE DR,Pryor,OK,36.29211,-95.31294,3.099
4113,ASAP GENERAL STORE #330,US-412/SR-15,Enid,OK,36.40284,-97.86226,3.0823
4115,QUIKTRIP #707,"I-85 , EXIT 96",Atlanta,GA,33.74979,-84.31685,3.3407
4119,JET FOOD STORE #82,US-441 & CR-13,Douglas,GA,31.49729,-82.84647,3.4407
4156,PETRO STOPPING CENTER #305,"I-10, EXIT 582",San Antonio,TX,29.46852,-98.52635,3.2073
4161,EL CHEAPO,I-95 & EXIT 76,Midway,GA,31.8018,-81.3909,3.5257
4164,CIRCLE K #2723897,"I-75, EXIT 138",Thomasville,GA,30.8665,-83.9233,3.2357
4169,TA KINGMAN TRAVEL CENTER,"I-40, EXIT 48 & US-93",Kingman,AZ,35.25838,-114.05689,3.899
4171,PETRO SERVE USA #11,US-2 & US-71,Bemidji,MN,47.48807,-94.84881,3.499
4172,FLYING J TRAVEL PLAZA #639,"I-90, EXIT 2",Post Falls,ID,47.72048,-116.93535,3.7623
4179,CIRCLE K #2705352,"I-95/SR-405, EXIT 109 & SR-30/SR-21",Port Wentworth,GA,32.06763,-81.10239,3.099
4187,FLYING J TRAVEL PLAZA #632,"I-75, EXIT 320",Resaca,GA,34.592,-84.91625,3.2957
4193,TIGER MART #63,"I-20, EXIT 454",Grand Prairie,TX,32.76488,-97.01121,3.599
4199,PWI #574,"I-70, EXIT 193/US-40",Bunker Hill,KS,38.8357,-98.67829,2.959
4204,PILOT TRAVEL CENTER #415,"I-59, EXIT 4",Rising Fawn,GA,34.85349,-85.47108,3.819
4211,FLYING J #513,"I-15, EXIT 1",Jean,NV,35.85484,-115.46915,3.7323
4220,KENNETT TRUCK STOP,"I-275, EXIT 16",Lawrenceburg,IN,39.14012,-84.86582,3.424
4222,Circle K #4703906,"I-24, EXIT 24 & SR-49",Pleasant View,TN,36.37828,-87.03948,2.899
4223,TA PEMBROKE TRAVEL CENTER,"I-90, EXIT 48A",Corfu,NY,42.97773,-78.39291,3.829
4227,LOVES TRAVEL STOP #203,"I-40, EXIT 140",Oklahoma City,OK,35.3337,-97.4922,3.3557
4233,QUIKTRIP #7220,"I-20, EXIT 8",Shreveport,LA,32.50374,-93.7487,2.8923
4239,SPEEDWAY #8256,"I-64, EXIT 94 & SR-1958 & US-60",Winchester,KY,37.98716,-84.17889,2.9223
4241,EXXON,"I-285, EXIT 53",Conley,GA,33.64472,-84.32583,3.999
4267,CONOCO,US-30 & SR-41,Gap,PA,40.00202,-75.9978,3.799
4292,KUM & GO #0032,"I-80/US-6, EXIT 155 & SR-117",Colfax,IA,41.67878,-93.25882,3.0823
4301,TIGER DISCOUNT TRUCKSTOP,"I-94, EXIT 64 & I-94 BUS",Dickinson,ND,46.88729,-102.78759,3.5157
4311,Saveway Truck Plaza,"I-65, EXIT 164 & US-31",Hope Hull,AL,32.22426,-86.39319,3.139
4331,KWIK STOP C STORES,US-61/US-151,Dubuque,IA,42.51498,-90.68191,3.559
4332,PILOT TRAVEL CENTER #468,"I-57, EXIT 283 & US-24",Gilman,IL,40.76799,-87.99334,3.399
4335,HIGHWAY 20  AUTO TRUCK PLAZA,US-20,Peosta,IA,42.44353,-90.80937,3.489
4339,ROAD RANGER #273,I-69E/US-77 & SR-107,Combes,TX,26.24833,-97.73361,3.049
4349,ROAD RANGER #144,"I-380, EXIT 68US-20, EXIT 68",Evansdale,IA,42.47545,-92.28116,3.729
4363,EL CHEAPO #4,"I-95, EXIT 87",Richmond Hill,GA,31.89615,-81.29403,3.0957
4368,HOODS SERVICE CENTER,"I-44, EXIT 61",Bois D Arc,MO,37.22142,-93.54472,3.074
4372,GRADYS TRUCKSTOP,"I-16, EXIT 111",Pulaski,GA,32.39,-81.95694,3.4657
4373,KUM & GO #0043,"I-35, EXIT 43 & SR-207/CRG76",New Virginia,IA,41.16006,-93.71131,3.114
4389,TAYLOR QUIK-PIK,"I-29, EXIT 75 & US-30",Missouri Valley,IA,41.5644,-95.89135,3.399
4395,BREAK TIME #3147,"I-55, EXIT 67 & US-62",Sikeston,MO,36.89111,-89.58197,3.499
4417,TA MORIARITY TRAVEL CENTER,"I-40, EXIT 194",Moriarty,NM,34.98888,-106.06087,3.2173
4419,CASEYS #3081,"I-35, EXIT 92 & US-136",Bethany,MO,40.26006,-94.01886,3.0607
4427,CASEYS #2654,"I-80/US-6, EXIT 93 & CR-P28",Stuart,IA,41.51864,-94.30456,3.099
4431,CASEYS #2653,"US-63 & US-30, EXIT 202",Toledo,IA,42.0077,-92.56621,3.349
4437,UNDERWOOD TRUCK STOP I 80,"I-80, EXIT 17",Underwood,IA,41.36029,-95.627,3.0007
4441,PILOT TRAVEL CENTERS #51,"I-81 BAILEYTON RD, EXIT 36",Greeneville,TN,36.16081,-82.83314,3.5623
4442,Minuteman Food Mart #58,US-74/US-76,Delco,NC,34.32742,-78.19169,3.5073
4445,TA Rogers,"I-94/US-52, EXIT 207 & SR-101",Rogers,MN,45.17148,-93.58145,3.274
4446,LOVES TRAVEL STOP #200,I-40 EXIT 74,Amarillo,TX,35.20324,-101.84205,3.209
4451,PRAIRIE JUNCTION TRUCK STOP,"I-29, EXIT 109 & SR-34",Colman,SD,43.95576,-96.81888,3.099
4452,CASEYS #2867,US-63 & US-20,Waterloo,IA,42.47778,-92.3661,3.499
4458,KUM & GO #1443,"I-80, EXIT 216",Williamsburg,IA,41.63931,-92.02401,3.1307
4460,EXIT 62 TRUCKSTOP,"I-71, EXIT 62 & US-127",Glencoe,KY,38.72295,-84.81155,3.1657
4463,QUIKTRIP #7901,"I-20, EXIT 556 & US-69",Lindale,TX,32.51715,-95.42993,2.8073
4482,FLYING J FUEL STOP #777,"I-84, EXIT 54(FEDERAL WAY)",Boise,ID,43.6136,-116.2025,3.7657
4492,3 MILE CORNER TRUCK STOP,US-2 & US-95,Bonners Ferry,ID,48.73064,-116.33218,3.734
4525,STINKER #42,US-12/US-95 & SR-128,Lewiston,ID,46.38946,-116.98771,3.6973
4528,WENATCHEE VALLEY TRUCK STOP,US-97 ALT,Wenatchee,WA,47.42527,-120.32734,4.089
4533,SPEEDWAY #1449,"I-65, EXIT 262B",Birmingham,AL,33.519,-86.8014,2.9757
4544,BIG CHARLIES TRUCK PLAZA,"I-64, EXIT 282 & US-13",Virginia Beach,VA,36.8527,-75.9783,3.489
4555,PILOT TRAVEL CENTERS #406,"I-65, EXIT 22 & US-31A/SR-11",Cornersville,TN,35.34088,-86.82862,3.799
4560,FAST STOP TRAVEL CENTERS #1109,"I-15, EXIT 392",Plymouth,UT,41.87556,-112.14333,3.5823
4563,PILOT TRAVEL CENTERS #299,"I-55/I-74/US-51, EXIT 160 & US-150/SR-9",Bloomington,IL,40.4783,-88.98932,3.399
4568,ONVO TRAVEL PLAZA,"I-90, EXIT 28",Fultonville,NY,42.9036,-74.35976,3.159
4569,METROPOLIS TRUCK STOP,"I-24, EXIT 37 & US-45",Metropolis,IL,37.17535,-88.72518,3.599
4574,Circle K #4701432,"I-74, EXIT 174",Mahomet,IL,40.19644,-88.39283,3.669
4582,BIG CHIEF TRUCK STOP,"I-94/US-52, EXIT 61 & US-59/CR-82",Fergus Falls,MN,46.28972,-96.06434,3.2357
4605,PILOT DEALER #898 SADLERS TRUCK STOP,"I-95, EXIT 11B & US-58",Emporia,VA,36.68569,-77.56295,3.799
4618,OUTPOST TRAVEL CENTER,"I-20, EXIT 5 & US-80",Greenwood,LA,32.42403,-93.96925,2.899
4620,PILOT TRAVEL CENTERS #95,"I-75, EXIT 329 & SR-44",Wildwood,FL,28.84535,-82.03473,3.2257
4622,TA LEE HI TRAVEL PLAZA,"I-81, EXIT 195",Lexington,VA,37.78846,-79.45811,3.659
4628,QUARLES #4601,US-29/US-17/US-15,Warrenton,VA,38.7063,-77.8159,3.3223
4637,THORNTONS #369 DBA PILOT TRAVEL CENTER #514,"I-55, EXIT 126 & SR-10",Lincoln,IL,40.14508,-89.36838,3.399
4642,MARSHAL JUNCTION,"I-70, EXIT 147 & SR-1",Marshall,IL,39.422,-87.69226,3.199
4644,CIRCLE K #4706703,"I-80, EXIT 145A",Mokena,IL,41.53421,-87.89112,3.339
4654,7-ELEVEN #35087,"I-490, EXIT 2 & SR-33 & SR-19",Bergen,NY,43.08694,-77.96033,4.029
4655,QUICKLEES TRAVEL CENTER,"I-86, EXIT 30 & CR-20",Belmont,NY,42.23341,-78.01103,3.999
4690,PWI #401,"I-20 & I-30, EXIT 1B",Aledo,TX,32.70035,-97.60389,2.799
4700,A C TRUCKSTOP,"I-80, EXIT 290",Laramie,WY,41.31291,-105.58115,3.079
4704,THE RIDGE,"I-68/US-219, EXIT 14 & US-40",Accident,MD,39.6355,-79.30847,4.199
4707,SMITHTON TRUCKSTOP,"I-70, EXIT 39 & SR-3059",Smithton,PA,40.14427,-79.73128,3.899
4729,MINIT MART #600244,"I-70, EXIT 131",Straughn,IN,39.83195,-85.27241,3.859
4742,FLYING J TRAVEL PLAZA #684,"I-94, EXIT 1 & SR-16",Beach,ND,46.93238,-103.98429,3.9657
4750,BROOKE TRAVEL PLAZA,"I-80, EXIT 259",West Liberty,IA,41.57006,-91.26685,2.9873
4762,TA MONROE TRAVEL CENTER,"I-75, EXIT 15",Monroe,MI,41.92751,-83.40485,3.249
4806,TRACK AND TRAVEL,"I-20, EXIT 406",Weatherford,TX,32.8435,-97.7047,2.9173
4818,PILOT TRAVEL CENTERS #350,"I-84 & US-20, EXIT 95",Mountain Home,ID,43.13922,-115.69633,3.759
4819,Alta Convenience #6333,"I-25, EXIT 11",Trinidad,CO,37.17547,-104.50071,3.399
4826,I-20 Truck Stop,"I-20, EXIT 165",Lincoln,AL,33.60591,-86.11115,2.999
4827,PETRO BEAUMONT #304,"I-10, EXIT 848",Beaumont,TX,30.06881,-94.1039,3.3307
4837,SHELL,US-10 & SR-210,Motley,MN,46.32157,-94.62809,3.399
4856,PILOT TRAVEL CENTER #910- TOWN PUMP,"I-90, EXIT 274 & US-287",Three Forks,MT,45.88107,-111.54364,3.5973
4858,PILOT TRAVEL CENTER #1346,"I-135, EXIT 31",Newton,KS,38.04507,-97.34346,3.3115
4860,PILOT TRAVEL CENTER #476,"I-74, EXIT 32 & SR-17",Woodhull,IL,41.18489,-90.28328,3.899
4872,TA COMMERCE TRAVEL CENTER,"I-85, EXIT 149 & US-441",Commerce,GA,34.2216,-83.3874,3.2157
4874,PWI #110,"I-20, EXIT 112 & FM-1936",Odessa,TX,31.8465,-102.3663,3.049
4878,SHELL DBA ONE9 #1426,"I-84, EXIT 35",Nampa,ID,43.58342,-116.58482,3.374
4881,PETRO STOPPING CENTER #14,"I-295, EXIT 56",Bordentown,NJ,40.14314,-74.70325,4.029
4885,LOVES TRAVEL STOP #384,"I-70, EXIT 45",Greenville,IL,38.89334,-89.40519,3.689
4887,SUNOCO,"I-80 & I-90, EXIT 3",Wauseon,OH,41.5668,-84.15375,3.699
4894,CLOVERDALE TRAVEL PLAZA,"I-70, EXIT 41 & US-231",Cloverdale,IN,39.54344,-86.81402,3.699
4905,HY-MILER #2204,SR-250,Sandusky,OH,41.43488,-82.70633,3.5323
4909,CIRCLE K #2723916,US-441/US-301/US/27/SR-500,Ocala,FL,29.1981,-82.0974,3.459
4910,PILOT TRAVEL CENTER #892,"I-70 EXIT 164, & US-50",Green River,UT,39.00024,-110.15982,3.6857
4918,PILOT TRAVEL CENTERS #219,"I-40, EXIT 398",Knoxville,TN,35.9609,-83.9189,3.699
4920,TA LAPLACE,"I-10, EXIT 209 & US-5",La Place,LA,30.07772,-90.48954,3.2273
4921,PILOT TRAVEL CENTERS #231,"I-75, EXIT 29",Corbin,KY,36.93443,-84.10208,3.609
4927,CIRCLE K #2704886,"I-65, EXIT 205 & US-31/SR-22",Clanton,AL,32.83553,-86.64247,3.2073
4933,VILLAGE TRUCK STOP,"I-81, EXIT 18",Rural Retreat,VA,36.88362,-81.28787,3.299
4977,KWIK TRIP #331,SR-54,Wisconsin Rapids,WI,44.3758,-89.80623,3.2623
4981,JOHNNYS MARKET,"I-94, EXIT 110 & US-27",Marshall,MI,42.27205,-84.95828,3.499
4983,KWIK TRIP #603,"I-94, EXIT 28 & SR-128",Wilson,WI,44.94658,-92.19654,3.549
4996,ZIP TRIP #54,"I-90, EXIT 452",Billings,MT,45.77449,-108.50045,3.5907
5003,TRAILWAY TRUCK STOP,US-301/SR-304,Centreville,MD,39.05642,-76.04497,3.259
5006,SUNOCO,US-1/US-9,Linden,NJ,40.63537,-74.25557,3.799
5024,I 55 MOTOR PLAZA,"I-55, EXIT 180",Pevely,MO,38.27991,-90.41107,2.9907
5030,YESWAY #1030,US-63 & E MARY ST,Ottumwa,IA,41.0151,-92.41343,3.399
5044,TA MOUNT VERNON TRAVEL CENTER,"I-44, EXIT 46 & SR-39/SR265",Mount Vernon,MO,37.10447,-93.79763,3.409
5050,ROCK PORT TRUCK PLAZA,"I-29 & US-136, EXIT 110",Rock Port,MO,40.43058,-95.5274,3.099
5056,TREX MART #16,"I-35, EXIT, 61 & US-69",Winston,MO,39.84995,-94.14875,3.119
5057,PHILLIPS 66,"I-35, EXIT 54 & I-35 BUS/US-36",Cameron,MO,39.73089,-94.24372,3.099
5060,CRAZY FREDS TRUCK SHOP,"I-40, EXIT 44 & US-66",Kingman,AZ,35.25838,-114.05689,3.539
5064,CLARK OIL #44,"I-59, EXIT 97",Laurel,MS,31.70544,-89.13116,2.879
5079,FASTLANE TAYLOR 63,US-61 & SR-6,Taylor,MO,39.91449,-91.52783,3.0157
5085,K AN T TRUCKSTOP,"I-79, EXIT 137 & SR-310",Fairmont,WV,39.47268,-80.14604,3.399
5111,CIRCLE K #2723385,"I-59, EXIT 67 & US-49/SR-42",Hattiesburg,MS,31.31455,-89.30647,3.149
5117,CIRCLE K #4702361,"I-65, EXIT 130 & SR-334",Whitestown,IN,40.00002,-86.35072,3.2923
5128,CASEYS #2769,"I-80, EXIT 220 & SR-149",Williamsburg,IA,41.63931,-92.02401,3.1423
5131,TRAILS END TRUCK STOP,"I-29, EXIT 110 & US-136",Rock Port,MO,40.43058,-95.5274,3.4057
5132,Travel Centers of America,"I-44, EXIT 208 & SR-19",Cuba,MO,38.09255,-91.40814,3.2657
5160,FUEL MART #727,"I-70, EXIT 193",Quaker City,OH,39.98658,-81.28988,3.1657
5163,Blue Sky #733,"US-78, EXIT 81 & SR-178",Belden,MS,34.27866,-88.81601,2.939
5165,ONE9 #046,"I-65, EXIT 6 & SR-100",Franklin,KY,36.72535,-86.57004,3.0857
5167,SPEEDWAY #7575,"I-65, EXIT 255",Hobart,IN,41.52628,-87.2525,3.6323
5170,FLYING J #516,"I-76, EXIT 161 & I-70",Breezewood,PA,39.99052,-78.24527,5.099
5183,PETRO STOPPING CENTER #74,I-95 & EXIT 106,Kenly,NC,35.60774,-78.13823,3.709
5191,NORTH POINT PLAZA,"I-90 & I-94, EXIT 115",Poynette,WI,43.40134,-89.41886,3.1723
5202,Chevron #306185,US-30,Montpelier,ID,42.35199,-111.31946,3.699
5203,OASIS TRAVEL CENTER,"I-10, EXIT 53",Robertsdale,AL,30.56161,-87.63727,3.469
5207,JJ TRAVEL PLAZA,"I-70, EXIT 70 & US-83",Oakley,KS,39.1121,-100.85805,3.6157
5227,PILOT TRAVEL CENTERS #900,"I-95, EXIT 75",Dunn,NC,35.31651,-78.61508,3.709
5230,ONE9 #496,"I-80, EXIT 265",Atalissa,IA,41.56144,-91.17476,3.0157
5232,CM EUNICE,US-190,Eunice,LA,30.51158,-92.39847,3.399
5234,SINCLAIR,SR-37,Monett,MO,36.92124,-93.92577,3.2907
5236,FLYING J #875,"I-95, EXIT 109",Elkton,MD,39.62643,-75.84584,4.199
5245,CASEYS #3842,US-36 & US-283,Norton,KS,39.84071,-99.88783,3.1573
5247,EDGERTON TRAVEL PLAZA,"I-90, EXIT 160 & US-51",Edgerton,WI,42.83861,-89.06416,3.199
5249,Taylor's Stateline Travel Center,US-67 & SR-278,Neelyville,MO,36.571,-90.49949,2.999
5254,TA CANDLER TRAVEL CENTER,"I-40, EXIT 37",Candler,NC,35.53763,-82.70008,3.799
5255,7-ELEVEN #35788,"I-35, EXIT 215",Olathe,KS,38.8822,-94.8178,3.339
5258,PT TRUCK STOP,"I-12, EXIT 42",Hammond,LA,30.51908,-90.48786,3.249
5282,CASEYS #3548,US-54 & US-61,Pratt,KS,37.65022,-98.73003,3.1407
5285,TULLO TRUCK STOP,"I-95, EXIT 15E & US-1/US-9",Kearny,NJ,40.76466,-74.14711,3.799
5297,ERNIES TRUCK STOP,"I-90, EXIT 179 & I-90 BUS/SR-17",Moses Lake,WA,47.13736,-119.28915,3.949
5299,Sudden Service #62,"I-65, EXIT 6 & SR-100",Franklin,KY,36.72535,-86.57004,3.084
5302,ONE9 #258,"I-81, EXIT 150 & US-220 ALT & US-11",Troutville,VA,37.40185,-79.87864,3.0323
5306,PILOT TRAVEL CENTERS #11,"I-76, EXIT 232",North Lima,OH,40.96487,-80.65491,3.799
5309,NEWBORN TRUCK STOP,I-20 EXIT 5,Tallapoosa,GA,33.76017,-85.30005,3.4073
5310,FLYING J #576,"I-35, EXIT 69",Northfield,MN,44.45872,-93.16683,3.859
5324,HY-MILER #2245,SR-53,Fremont,OH,41.34979,-83.11809,3.3823
5341,KWIK STAR #1160,"US-75, EXIT 118 & SR-3",Le Mars,IA,42.79623,-96.17039,3.299
5349,JET FOOD STORE #17,US-1/SR=4/SR-540 & US-220/SR-47,Wrens,GA,33.2104,-82.38096,3.4157
5363,SPEEDWAY #6767,"I-75, EXIT 20",Manheim,PA,40.17023,-76.41679,4.499
5389,FLYING J TRAVEL PLAZA #744,"I-15, EXIT 343",Ogden,UT,41.2443,-112.0072,3.749
5391,PWI #605,"I-10, EXIT 378",San Simon,AZ,32.20817,-109.36715,2.959
5399,FLYING J TRAVEL PLAZA #750,"I-81 & I-77, EXIT 80",Max Meadows,VA,36.91708,-80.92139,3.549
5407,CASEYS #4535,US 81,Concordia,KS,39.55943,-97.66273,2.9123
5414,One9 #1216,"I-10 ,EXIT 200 & SR-84",Eloy,AZ,32.75093,-111.58328,3.199
5419,USA TRAVEL CENTER,"I-40, EXIT 48 & US-93",Kingman,AZ,35.25838,-114.05689,3.399
5422,K AND H TRUCK PLAZA,"I-57, EXIT 283 & US-24",Gilman,IL,40.76799,-87.99334,3.099
5424,WK TRUCK STOP,"US-231 & SR-9001, EXIT 75",Beaver Dam,KY,37.38696,-86.87293,3.399
5435,MEADE AUTO AND TRUCK PLAZA,US-54,Meade,KS,37.28214,-100.33638,3.799
5436,PARKWAY MARATHON,"US-79, EXIT 94",Caneyville,KY,37.42217,-86.47021,3.7323
5446,PETRO STOPPING CENTER #308,"I-20, EXIT 8 & SR-526",Shreveport,LA,32.50374,-93.7487,3.1757
5462,BOOZER KWIK STOP,"I-15, EXIT 118",Idaho Falls,ID,43.51768,-111.99063,3.4473
5464,PILOT TRAVEL CENTERS #48,"I-65, EXIT 86",Glendale,KY,37.6034,-85.8921,3.609
5474,One9 #88,"I-95/SR-9, EXIT 201 & SR-520",Cocoa,FL,28.36718,-80.74645,3.3757
5477,CHEVRON #383766,"I-5, EXIT 216",Halsey,OR,44.38615,-123.1251,3.099
5479,PILOT TRAVEL CENTERS #94,"I-75, EXIT 161",Punta Gorda,FL,26.91516,-82.05317,3.799
5491,49ER FUEL CENTER,"I-75, EXIT 49",East Bernstadt,KY,37.19078,-84.14568,2.999
5492,BFS FOODS #68,"I-70, EXIT 3",Hancock,MD,39.69908,-78.17625,4.129
5522,ONE9 #301,"I-55, EXIT 40",Marston,MO,36.50845,-89.62882,3.109
5523,TA LIMON TRAVEL CENTER,"I-70, EXIT 359 & US-24",Limon,CO,39.26389,-103.69167,3.9207
5529,FLYING J #549,"I-77, EXIT 100 & 101",Mount Airy,NC,36.50074,-80.61187,3.599
5537,HUCKS TRAVEL CENTER #51 DBA FLYING J #889,"I-57/I-64, EXIT 95 & SR-15",Mount Vernon,IL,38.31701,-88.91053,3.359
5554,Southfork TRUCK STOP,"I-30, EXIT 63 & SR-53",Gurdon,AR,33.91249,-93.14169,3.459
5560,MIDWAY TRAVEL PLAZA,I-70 EXIT 121 & US-40,Columbia,MO,38.93818,-92.30487,3.539
5569,TA EXPRESS NORWOOD #0450,US-60,Norwood,MO,37.0687,-92.40821,3.449
5570,PETRO STOPPING CENTER #310,"I-12, EXIT 40 & US-51 BUS",Hammond,LA,30.51908,-90.48786,3.249
5579,SAPP BROS TRAVEL CENTER,US-30,Columbus,NE,41.43722,-97.35647,3.219
5592,TA COLUMBIA NORTH,"I-20, EXIT 71 & US-21",Columbia,SC,34.07261,-81.17962,3.439
5597,CM LAKE CHARLES FUEL STOP 36,"I-10, EXIT 36 & SR-397",Lake Charles,LA,30.22845,-93.18797,3.299
5601,BP,"I-24, EXIT 16",Paducah,KY,37.06338,-88.6632,3.429
5603,TA NORTH CANTON TRAVEL CENTER,"I-77, EXIT 111",North Canton,OH,40.88992,-81.41346,3.624
5606,FLYING J #511,"I-94, EXIT 147",Mandan,ND,46.83065,-100.90918,3.9523
5607,RICE MART,"I-45 & FM 1603, EXIT 238",Rice,TX,32.22579,-96.46061,3.019
5608,SHOP A LOTT  #3,US-84 & US-171,Mansfield,LA,32.02386,-93.69804,3.1357
5613,CHEVRON #381108,"I-82, EXIT 36",Yakima,WA,46.60699,-120.47734,3.999
5618,MCCLURE OIL #52,"I-65/US-52, EXIT 140 & SR-32",Lebanon,IN,40.04489,-86.46407,3.584
5649,Fast Stop,"I-10, EXIT 182 & SR-22",Sorrento,LA,30.18539,-90.86314,3.699
5651,LOVES TRAVEL STOP #303,"I-64, EXIT 43 & SR-395",Waddy,KY,38.10545,-85.12883,3.749
5659,TEX-BEST #526,US-59 & US-281,George West,TX,28.32039,-98.11616,3.299
5660,Pride Convenience Store,"I-90, EXIT 51 & I-291",Chicopee,MA,42.16205,-72.60796,3.509
5661,TA Express #287,"I-40, EXIT 288 & SR-111",Cookeville,TN,36.17426,-85.49531,3.299
5667,PILOT TRAVEL CENTERS #393,"I-40, EXIT 24 & SR-209",Waynesville,NC,35.48861,-82.98889,3.759
5669,KWIK TRIP #497,I-90 EXIT 266 & CR-12,Dakota,MN,43.91481,-91.39404,3.474
5670,TA MOUNT VERNON TRAVEL CENTER,"I-57 & I-64, EXIT 95",Mount Vernon,IL,38.31701,-88.91053,3.449
5674,TA MADISON TRAVEL CENTER,"I-20, EXIT 114 & US-441",Madison,GA,33.59468,-83.46178,3.8907
5677,YESWAY #1178,CR-13,Kadoka,SD,43.84457,-101.55227,3.189
5691,Pilot Travel Center #666,"I-94, EXIT 30",Benton Harbor,MI,42.10859,-86.42342,3.059
5700,BEACON & BRIDGE #18,US-131 BUS,Big Rapids,MI,43.68968,-85.4797,3.319
5718,TOOT N TOTUM #104,US-287,Dalhart,TX,36.07318,-102.51766,3.199
5721,TA BALTIMORE SOUTH TRAVEL CENTER,"I-95, EXIT 41A & SR-175 & US-1",Jessup,MD,39.1484,-76.79224,4.599
5729,MENOMONIE FARMERS UNION,"I-94, EXIT 45 & CR-B",Menomonie,WI,44.87182,-91.92651,3.649
5730,SCOTTS QUICK STOP,SR-53 & SR-46,Marlette,MI,43.33988,-83.05725,3.399
5739,PILOT TRAVEL CENTERS #284,"I-75, EXIT 18",Monroe,MI,41.92751,-83.40485,3.249
5751,TA LAKE PARK TRAVEL CENTER,"I-75, EXIT 2",Lake Park,GA,30.69062,-83.17529,3.3157
5754,ROAD TRIP OASIS PERRY,"I-69, EXIT 105 & SR-52",Perry,MI,42.82001,-84.23135,3.699
5758,SPEEDY Q MARKET #8206,"I-94, EXIT 274",Port Huron,MI,42.99584,-82.45994,3.899
5770,Kwik Trip # 1281,"I-43, EXIT 107",Belgium,WI,43.49947,-87.85091,3.2557
5771,DUNES AUTO TRUCK PLAZA,"I-94, EXIT 12",Sawyer,MI,41.88287,-86.58851,3.499
5774,PJ TRAVEL PLAZA,"I-80, EXIT 192 & SR-880",Loganton,PA,41.02832,-77.3204,3.479
5780,BILLS TRUCKSTOP,"I-85, EXIT 86",Linwood,NC,35.75623,-80.37489,3.449
5799,STAPLES OIL,"I-90, EXIT 146",Alden,MN,43.64659,-93.58231,3.299
5801,TA WYTHEVILLE TRAVEL CENTER,"I-81, EXIT 72 & I-77, EXIT 41",Wytheville,VA,36.94067,-81.09408,3.519
5821,TA PORTLAND TRAVEL CENTER,"I-5, EXIT 278",Aurora,OR,45.22843,-122.80388,4.0323
5823,ENMARKET #863,"I-95, EXIT 8 & SR-88",Hardeeville,SC,32.26351,-81.06687,3.0823
5830,115 TRUCKSTOP #5001,"I-94, EXIT 115",Marshall,MI,42.27205,-84.95828,3.429
5842,PETRO STOPPING CENTER #6367,"I-57, EXIT 335",Monee,IL,41.41913,-87.77484,3.399
5860,SPEEDWAY #4610,"I-35, EXIT 59 & SR-21",Faribault,MN,44.29446,-93.28179,3.759
5873,SOUTHERN VALLEY COOP,ST 14 BYPASS,Mankato,MN,44.15381,-93.99604,3.499
5901,ROTHSAY TRUCK STOP,"I-94, EXIT 38",Rothsay,MN,46.50941,-96.28873,3.209
5903,Circle K #2746447,I-94/US-52 EXIT 127 & US-71/SR-28,Sauk Centre,MN,45.72808,-94.96817,3.189
5907,SPEEDWAY #4035,CR-101,Shakopee,MN,44.7793,-93.51975,3.599
5909,SINCLAIR,"I-90, EXIT 233",Saint Charles,MN,43.95848,-92.05174,3.529
5927,HARRISONBURG TRAVEL CENTER,"I-81, EXIT 243 & US-11",Harrisonburg,VA,38.44886,-78.87144,2.899
5935,WESTHAMPTON VALERO,I-295 EXIT 47A,Mount Holly,NJ,39.99303,-74.79552,3.329
5942,EXPRESS MART TRUCK STOP,"I-55, EXIT 185 & US-67/US-61",Barnhart,MO,38.33843,-90.41417,2.9973
5944,LAKE MILLS TRAVEL PLAZA,"I-94, EXIT 259 & SR- 89/CR-G",Lake Mills,WI,43.08158,-88.91334,3.3607
5946,PILOT TRAVEL CENTERS #918,I-90 EXIT 55,Rapid City,SD,44.07704,-103.20026,3.999
5949,EXXON,US-59 & LOOP 151,Texarkana,TX,33.40737,-94.11825,3.1657
5951,ROAD RANGER #157,I-64 EXIT 41,Okawville,IL,38.43186,-89.52304,3.799
5963,OZONA ONE STOP,"I-10, EXIT 372",Ozona,TX,30.71637,-101.2388,2.9823
5965,TRUCK TOWNE,I-29 EXIT 47 & SR-46,Beresford,SD,43.08741,-96.78126,3.159
5971,WACO TRAVEL CENTER,SR-19,Perry,FL,30.09749,-83.58502,3.699
5979,TA LAFAYETTE TRAVEL CENTER,"I-10 & SR-182, EXIT 101",Lafayette,LA,30.23614,-92.00826,3.134
5980,THRIFT MART TRUCK PLAZA,"I-85/US-460, EXIT 63A & US-1/US-460 BUS",Petersburg,VA,37.22,-77.43259,3.199
5990,360 TRUCK STOP,US-360,Amelia Court House,VA,37.35017,-77.95518,3.599
5996,Fast Stop Travel Centers #1134,"I-80/US-30, EXIT 99 & US-191/SR-373",Rock Springs,WY,41.60596,-109.23005,3.499
5999,PILOT TRAVEL CENTER #492,"I-30, EXIT 78 & SR-7",Arkadelphia,AR,34.11525,-93.06899,3.499
6001,ALLSUPS #2392,US-70 & US-285,Roswell,NM,33.3885,-104.52586,3.199
6009,CASEYS #2652,US-65 & US-36,Chillicothe,MO,39.79657,-93.55089,3.289
6010,SEGOVIA TRUCK STOP,"I-10, EXIT 465",Junction,TX,30.47544,-99.74731,2.999
6018,TA BLOOMINGTON TRAVEL CENTER,"I-55, I-74 & I-39 , EXIT 160",Bloomington,IL,40.4783,-88.98932,3.449
6033,EMERY'S,US-54,Deerfield,MO,37.82109,-94.48485,3.349
6037,CRYSTAL OIL,"I-129/US-20/US-75, EXIT 2",South Sioux City,NE,42.46561,-96.41816,3.549
6041,COCKERHAM FUEL CENTER #4,"I-77, EXIT 14 & US-58/US-221",Hillsville,VA,36.74423,-80.71973,3.2823
6047,FAST LANE #26,US-61,Eolia,MO,39.2431,-91.00932,3.099
6051,CIRCLE K #2709846,"I-25, EXIT 240",Longmont,CO,40.17792,-105.10095,3.0573
6057,PILOT TRAVEL CENTER #903,"I-70/US-40, EXIT 252",Salina,KS,38.8238,-97.60879,3.759
6058,MOTOR INN AUTO TRUCK STOP,I-75 EXIT 110,Mendon,OH,40.67774,-84.51515,3.199
6068,AYERCO #24,US-61 & CR MM,Hannibal,MO,39.70636,-91.38387,3.099
6082,Palmetto Truck Plaza,US-27/SR-25 & SR-826,Hialeah,FL,25.905,-80.3049,3.399
6083,BP,"I-35, EXIT 33",Holt,MO,39.42887,-94.36888,3.049
6087,BREAK TIME #3173,US-54 & CR-HH,Fulton,MO,38.85182,-91.96055,3.299
6093,ONE9 #901,"I-80 & US-183, EXIT 257",Elm Creek,NE,40.73008,-99.37279,2.9657
6096,Waverly Travel Center,US-23,Waverly,OH,39.12644,-83.00487,3.4157
6097,SAPP BROS TRAVEL CENTER,"I-80, EXIT 263",Elm Creek,NE,40.73008,-99.37279,3.1873
6106,TA HUNTINGTON,"I-84, EXIT 353",Huntington,OR,44.38111,-117.30969,3.639
6111,HAWGS EXXON,US-167/SR-25,Batesville,AR,35.78261,-91.63519,3.359
6150,CIRCLE K #2723707,"I-81, EXIT 150",Troutville,VA,37.40185,-79.87864,3.0657
6154,TA MOBILE TRAVEL CENTER,"I-10, EXIT 4",Grand Bay,AL,30.49829,-88.32825,3.1357
6164,PILOT TRAVEL CENTER #268,"I-80/US-6, EXIT 284",Walcott,IA,41.64531,-90.7256,3.859
6165,TEMP STOP #117,I-70 & GRAIN VALLEY RD EXIT 24,Grain Valley,MO,39.02736,-94.20874,2.959
6167,PILOT TRAVEL CENTERS #167,US-71,Nevada,MO,37.84085,-94.35713,3.4957
6172,SPEEDWAY #2319,"I-96, EXIT 77",Portland,MI,42.86241,-84.91393,3.549
6173,PILOT TRAVEL CENTERS #21,"I-94, EXIT 167",Dexter,MI,42.35832,-83.90003,3.579
6175,ONVO TRAVEL PLAZA - MIFFLINTOWN,US-322/US-22 & SR-35,Mifflintown,PA,40.57267,-77.37612,3.479
6179,HENDERSON TRAVEL PLAZA,"I-10, EXIT 115 & SR-347",Breaux Bridge,LA,30.27495,-91.9059,3.3857
6180,Circle #4703923,"I-24, EXIT 180B & US-27",Chattanooga,TN,35.0455,-85.3081,2.7857
6182,Exxon,"I-20, EXIT 205 & SR-46",Heflin,AL,33.61151,-85.58847,3.0157
6188,SIGNAL FOOD STORE #112,US-65 & SR-J,Ozark,MO,37.01693,-93.20221,2.999
6198,DAVIS TRAVEL CENTER #102,"I-95/US-301, EXIT 33 & SR-602",Stony Creek,VA,36.93613,-77.44428,3.0657
6200,KWIK FILL #388,"I-80, EXIT 29 & SR-8",Harrisville,PA,41.16309,-79.97964,3.404
6206,PETRO PORTAGE,"I-90 & I-94, EXIT 108-A",Portage,WI,43.55015,-89.47139,3.8073
6212,MR FUEL,"I-55, EXIT 180",Pevely,MO,38.27991,-90.41107,3.0157
6214,PIONEER Travel Plaza,"I-41, EXIT 60 & SR-145",Richfield,WI,43.27392,-88.21547,3.2157
6215,FUEL HUB,"I-87, EXIT 21B",West Coxsackie,NY,42.41506,-73.81703,3.599
6218,LOVES TRAVEL STOP #215,"I-40, EXIT 16 & US-40 BUS/US-66",Gallup,NM,35.50648,-108.74135,3.4373
6219,SCHATZ CROSSROADS,US-2 /US-52,Minot,ND,48.22914,-101.29848,3.549
6221,LOVES TRAVEL STOP #214,I-10 EXIT 37,El Paso,TX,31.75841,-106.47831,3.0757
6222,QUIKTRIP #236,"I-29/US-71, EXIT 18 & SR-92",Platte City,MO,39.36017,-94.78897,2.999
6227,MARLOWS FUEL CENTER,"I-20, EXIT 479",Dallas,TX,32.99685,-96.79211,3.2407
6229,FUEL MART #764,"I-70, EXIT 66 & SR- 54",South Vienna,OH,39.94732,-83.6157,3.129
6232,OASIS TRUCK STOP,"I-44 & SR-133, MM 145",Richland,MO,37.85275,-92.39624,3.324
6242,TA FORISTELL TRAVEL CENTER,"I-70, EXIT 203",Foristell,MO,38.76256,-90.93433,3.019
6243,GARDEN INN TRAVEL PLAZA,US-60/US-63,Cabool,MO,37.13137,-92.11441,3.299
6251,BREAUX BRIDGE VALERO #1408,"I-10 & SR-347, EXIT 115",Breaux Bridge,LA,30.27495,-91.9059,3.499
6252,PILOT TRAVEL CENTERS #12,I-80 & I-90 EXIT 71,Perrysburg,OH,41.54293,-83.59273,3.759
6258,CASEYS #6342,"I-29, EXIT 144 & US-169",Saint Joseph,MO,39.76875,-94.83849,3.169
6271,TA DENTON TRAVEL CENTER,"I-35, EXIT 471 & US-77",Denton,TX,33.22893,-97.13144,3.254
6275,TA SEATTLE EAST TRAVEL CENTER,"I-90, EXIT 34",North Bend,WA,47.47555,-121.75714,3.859
6284,7-ELEVEN #40513,I-90/80-IN TOLL RD MM 22W,Portage,IN,41.5672,-87.17569,3.999
6286,APPLE MARKET #526,"I-64, EXIT 94",Winchester,KY,37.98716,-84.17889,2.9157
6290,FUEL KING NAPOLEON TRAVEL CENTER,"US-6/US-24/SR/CR-3, EXIT 41",Napoleon,OH,41.39097,-84.14327,3.439
6293,PETRO STOPPING CENTER #313,"I-40, EXIT 79",Milan,NM,35.16972,-107.89028,3.5707
6296,GRAY TRUCK STOP,US-71/US-136,Maryville,MO,40.3434,-94.87348,3.2657
6299,HWY 34 TRUCKSTOP,"US-34, EXIT 258",West Burlington,IA,40.83208,-91.17989,3.374
6305,I-95 Fuel Stop,"I-95, EXIT 126 & US-17/US-1",Fredericksburg,VA,38.29954,-77.47715,3.264
6307,QUIKTRIP #608,"I-70, MID RIVERS MALL",Saint Peters,MO,38.78024,-90.62277,2.904
6308,Pilot Travel Centers #354,"I-64, EXIT 28",Simpsonville,KY,38.23119,-85.3548,3.759
6309,WINNERS CIRCLE #1,"I-30 & US-270, EXIT 98A",Malvern,AR,34.35571,-92.82916,3.3523
6310,CIRCLE K #2707515,US-27/SR-25 & US-98/US-700/SR-700/SR-66,Sebring,FL,27.49239,-81.43571,3.389
6315,AYERCO #25,US-24,Taylor,MO,39.91449,-91.52783,3.0157
6318,Chisholm Corner #15,"I-35, EXIT 72 & US-19",Pauls Valley,OK,34.73851,-97.2195,3.3873
6326,KANZA TRAVEL PLAZA,"I-35, EXIT 231 AND US-177",Braman,OK,36.93305,-97.30823,3.0273
6327,PETRO STOPPING CENTER #312,"I-40 & I-75, EXIT 369",Knoxville,TN,35.9609,-83.9189,3.4257
6330,TA EDINBURG TRAVEL CENTER,I-69C/US-281 & FM-2812,Edinburg,TX,26.30422,-98.15692,3.0107
6334,231 PLAZA AND TRUCK STOP,US-231/SR-75 & SR-20,Youngstown,FL,30.32691,-85.51688,3.494
6341,TA RAWLINS TRAVEL CENTER,"I-80, EXIT 214",Rawlins,WY,41.79513,-107.23488,3.7223
6346,SPEEDWAY #4710,US-71/SR-60,Windom,MN,43.87902,-95.15153,3.299
6351,FLYING J TRAVEL PLAZA #608,"I-10, EXIT 1",Ehrenberg,AZ,33.60417,-114.52444,3.959
6356,CIRCLE K #2721536,ST 6 EAST,Batesville,MS,34.33165,-89.91418,3.2407
6370,TA ROCKWALL TRAVEL CENTER,"I-30/US-67, EXIT 68 & SR-205",Rockwall,TX,32.93111,-96.45944,3.1373
6374,TA ELGIN WEST TRAVEL CENTER,I-90 & US-20,Hampshire,IL,42.08075,-88.51703,3.459
6387,FLYING J FRANCHISE #966,"I-80, EXIT 229",Battle Mountain,NV,40.62199,-116.95544,3.7923
6391,TOOT N TOTUM #106,US-287,Dumas,TX,35.88231,-101.96798,3.0057
6393,PILOT TRAVEL CENTER #478,"I-64, EXIT 92",Leavenworth,IN,38.19424,-86.35986,3.959
6401,CIRCLE K #2723457,"I-10, EXIT 34-B",Gulfport,MS,30.38256,-89.09762,2.989
6434,AMPRIDE ALL ROUND TRUCK STOP,US-20,Fort Dodge,IA,42.50882,-94.18074,3.299
6441,GRAND OIL,"I-75, EXIT 41 & SR-80",London,KY,37.1016,-84.0975,3.499
6442,CLARK OIL #49,US-84,Laurel,MS,31.70544,-89.13116,2.999
6448,CIRCLE K #2723392,"I-59, EXIT 97 & US-84",Laurel,MS,31.70544,-89.13116,2.9523
6462,ARCO #471770,US-281 & SR-5,Dunseith,ND,48.84801,-100.0311,3.499
6468,TA SAYRE TRAVEL CENTER,"I-40 & CEMETARY RD, EXIT 26",Sayre,OK,35.30472,-99.64293,3.064
6480,FLYING J #934,"I-84, EXIT 265",La Grande,OR,45.33044,-118.08523,3.5357
6492,FLICKS,US-49,Richland,MS,32.21522,-90.15623,2.999
6496,SPEEDY EXPRESS #38,"I-35, EXIT 305",Mathis,TX,28.08021,-97.80966,3.199
6502,SQUAW CREEK TRAVEL PLAZA,"I-29, EXIT 79 & US-159",Forest City,MO,39.98971,-95.19159,3.339
6517,HARDYS #5,"I-80, EXIT 4 4",Wendover,UT,40.5974,-113.99357,3.499
6518,TOWN PUMP FOOD STORE #310,"I-15, EXIT 164",Boulder,MT,46.23065,-112.11376,3.559
6526,TULIP CITY TRUCK STOP,"I-196 & SR-40, EXIT 49",Holland,MI,42.7875,-86.10889,3.739
6527,ZIP TRIP #50,"I-90, EXIT 426",Park City,MT,45.63286,-108.92928,3.584
6547,FLYING J TRAVEL PLAZA #762,"I-90, EXIT 126 & SR-59",Gillette,WY,44.28201,-105.49744,3.899
6562,PILOT #1323,"I-29, EXIT 35",Faucett,MO,39.58912,-94.79128,3.2723
6563,Road Ranger #282,"I-35, EXIT 500",Gainesville,TX,33.62594,-97.10321,3.1757
6564,FLYING J FRANCHISE #970,US-395,Pasco,WA,46.24918,-119.10439,4.599
6565,TA Greeneville Travel Center,"I-81, EXIT 36",Greeneville,TN,36.16081,-82.83314,3.5523
6567,YELLOWSTONE TRUCK SHOP,"I-90, EXIT 330",Livingston,MT,45.65459,-110.56091,3.649
6577,AC & T TRAVEL CENTER,"I-81, EXIT 5 W",Hagerstown,MD,39.63202,-77.73722,3.659
6578,PILOT TRAVEL CENTER #909- TOWN PUMP,"I-15 & US-2, EXIT 363",Shelby,MT,48.50367,-111.83912,3.6357
6588,TOWN PUMP FOOD STORE #4300,"I-90, EXIT 249",Whitehall,MT,45.87715,-112.12453,3.659
6593,LITTLE AMERICA TRAVEL CENTER,"I-40, EXIT 198",Flagstaff,AZ,35.18591,-111.66198,3.539
6607,TRANSIT TRUCK STOP,"I-97, EXIT 10",Millersville,MD,39.1041,-76.61902,3.4657
6608,7-ELEVEN #35560,SR-16,Charlotte,NC,35.2269,-80.8433,3.999
6628,FLYING J TRAVEL PLAZA #682,"I-85, EXIT 150",Haw River,NC,36.05508,-79.33456,3.9423
6632,TA SAVANNAH TRAVEL CENTER,"I-95/SR-405, EXIT 87 & US-17/SR-25",Richmond Hill,GA,31.89615,-81.29403,3.3507
6633,BAKER TRUCK CORRAL,"I-84, EXIT 304",Baker City,OR,44.7801,-117.82863,3.4257
6640,PETRO STOPPING CENTER JOHNSTOWN,"I-25, EXIT 254",Johnstown,CO,40.33553,-104.92356,3.4273
6642,TA VERO BEACH TRAVEL CENTER #197,"I-95/SR-9, EXIT 147 & SR-60",Vero Beach,FL,27.63299,-80.40308,3.484
6646,FAMILY EXPRESS #35 (DISCOUNT AVAILABLE),"I-65, EXIT 215 & SR-114",Rensselaer,IN,40.94773,-87.13373,3.1323
6655,BP DBA TA ELKTON TRAVEL CENTER,"I-95, EXIT 109B",Elkton,MD,39.62643,-75.84584,4.969
6659,GURNEE TRUCK STOP,US-41,Gurnee,IL,42.36691,-87.94523,3.289
6661,TA FRANKLIN TRAVEL CENTER,"I-65, EXIT 61",Franklin,TN,35.93278,-86.87883,3.839
6663,TA of Mocksville,"I-40, EXIT 170 & US-601",Mocksville,NC,35.92201,-80.53696,3.699
6677,ROADWAY TRAVEL CENTER,"I-29, EXIT 73",Sioux Falls,SD,43.488,-96.7343,3.199
6693,SAPP BROS TRAVEL CENTER,US-77,Fremont,NE,41.44164,-96.49447,3.3457
6701,JACKS TRUCK STOP,"I-65, EXIT 304 & SR-69",Cullman,AL,34.17615,-86.82978,3.999
6704,FL Roberts,"I-91, EXIT 24",Whately,MA,42.43972,-72.63528,3.559
6716,MARATHON,"I-29/US-81, EXIT 65 & I-94 BUS/US-10",Fargo,ND,46.90088,-96.79358,3.449
6721,STAMART 1222,"I-29, EXIT 64",Fargo,ND,46.90088,-96.79358,3.3857
6725,TA EXPRESS GRAND FORKS #948,"I-29, EXIT 141 & US-2",Grand Forks,ND,47.90104,-97.04463,3.539
6734,TOMAHAWK TRUCK STOP,"I-25, EXIT 128",Fountain,CO,38.69956,-104.70047,3.299
6736,EAGLEVILLE TRAVEL CENTER,"I-35 & ROUTE N, EXIT 106",Eagleville,MO,40.4912,-93.99506,2.9357
6742,Holiday #3810,"I-94/US-52, EXIT 178 & SR-24",Clearwater,MN,45.38769,-94.04525,3.2207
6744,FLYING J #550,US-2/US-52,Minot,ND,48.22914,-101.29848,3.9357
6745,TIGER TRUCK STOP,"I-10, EXIT 139",Grosse Tete,LA,30.38793,-91.43829,3.059
6755,PETRO STOPPING CENTER #326,"I-40, EXIT 161 & SR-391",North Little Rock,AR,34.76697,-92.26538,3.2073
6760,BETTY BEAVERS TRUCKSTOP,"I-87, EXIT 32",Lewis,NY,44.30751,-73.54913,3.619
6765,CIRCLE C TRAVEL PLAZA,"I-95, EXIT 68 & SR-61",Walterboro,SC,32.89737,-80.67923,3.079
6806,Onvo Travel Plaza,"I-78/US-22, EXIT 45 & SR-863",Kutztown,PA,40.52135,-75.77739,3.3273
6810,TA RICHMOND,"I-95, EXIT 89 & SR-802",Ashland,VA,37.73948,-77.47837,3.6057
6811,PUMP & PANTRY #24,US-6/CR-74,Hastings,NE,40.58765,-98.39115,3.399
6823,PETRO STOPPING CENTER #301,"I-10, EXIT 37",El Paso,TX,31.75841,-106.47831,3.124
6840,PETRO DEMING,"I-10, EXIT 68",Deming,NM,32.23181,-107.74656,3.3857
6842,FLYNNS TRUCK PLAZA,"US-20, EXIT 11 & SR-140",Shrewsbury,MA,42.2848,-71.7205,3.6157
6845,NEBRASKALAND TIRE SHOP,"I-80, EXIT 237 & US-283",Lexington,NE,40.785,-99.75151,2.999
6850,BROKEN WHEEL TRUCK STOP,"I-25, EXIT 135",Douglas,WY,42.76256,-105.38548,3.759
6857,TA SPARKS TRAVEL CENTER,"I-80, EXIT 19 & SR-659",Sparks,NV,39.54725,-119.75559,3.899
6859,PRIME STOP,US-81,Norfolk,NE,42.03291,-97.4229,3.229
6864,JJS TRUCK STOP,"I-30, EXIT 106",Malvern,AR,34.35571,-92.82916,3.3157
6869,TA WHEELING TRAVEL CENTER,"I-70, EXIT 11 & CR-41",Valley Grove,WV,40.09465,-80.55506,3.529
6883,PILOT TRAVEL CENTERS #517,US- 22 & SR-322,Duncannon,PA,40.40868,-77.04725,4.199
6885,GO MART FOOD STORE #31,"I-77, EXIT 95 & SR-61",Charleston,WV,38.349,-81.63061,3.499
6886,PWI #535,"I-70, EXIT 47",Palisade,CO,39.10318,-108.36798,3.379
6897,Speedee Mart #2890,US-20 & US-83,Valentine,NE,42.80617,-100.62154,3.329
6901,PRIME STOP,US-275,Wisner,NE,41.99799,-96.91697,3.259
6915,FLITE LINE SUNOCO,"I-95, EXIT 3",Portsmouth,NH,43.06652,-70.78041,3.6957
6927,TORCH 85 TRUCK PLAZA,"I-85, EXIT 42",Tuskegee,AL,32.43162,-85.68606,3.2723
6944,CROSSROADS TRUCK STOP,"I-82, EXIT 1 & US-730",Umatilla,OR,45.91573,-119.31372,3.239
6948,PILOT #4563,"I-8I, EXIT 77",Harrisburg,PA,40.26177,-76.88308,3.869
6951,ARROWHEAD TRAVEL PLAZA,"I-84, EXIT 216 & SR 331,",Pendleton,OR,45.66054,-118.7831,3.259
6954,BOLLA MARKET #198,SR-17MAHWA,Mahwah,NJ,41.07447,-74.15597,3.5857
6960,FLYING J TRAVEL PLAZA #761,"I-80 & US-189, EXIT 3",Evanston,WY,41.26095,-110.96307,3.699
6961,LITTLE AMERICA,"I-80, EXIT 358 & I-25, EXIT 9 & US-30",Cheyenne,WY,41.14372,-104.79623,3.709
6962,LITTLE AMERICA TRAVEL CENTER,"I-80, EXIT 68 & SR-374",Little America,WY,41.54361,-109.85833,3.5257
6963,Atlantis Fresh Market #553,"I-84, EXIT 1",Montague,NJ,41.30226,-74.75396,3.509
6968,R STORE #4513,US-41,Fond Du Lac,WI,43.77045,-88.42915,3.299
6970,TA Twin City East Travel Center,I-94 EXIT 4 & US-12,Hudson,WI,44.98419,-92.72706,3.5473
6971,KWIK TRIP #1013,"I-41, EXIT 57 & SR-167",Richfield,WI,43.27392,-88.21547,3.3907
6975,TRUCKERS INN STOP,"I-90/I-94, EXIT 132 & US-51",De Forest,WI,43.23575,-89.32965,3.199
6976,MOASIS TRUCK CENTER,US-41,Little Chute,WI,44.28425,-88.31199,3.199
6980,TA MADISON TRAVEL CENTER,"I-90/I-94/I-39, EXIT 132 & US-51",De Forest,WI,43.23575,-89.32965,3.839
6981,Kwik Trip #1197,"US-151, EXIT 26",Belmont,WI,42.73078,-90.33588,3.564
6984,TA HURRICANE TRAVEL CENTER,"I-64, EXIT 39 & SR-34",Hurricane,WV,38.42574,-81.99433,3.6323
6986,LOVES TRAVEL STOP #448,"I-5, EXIT 136B, SR-509",Tacoma,WA,47.2764,-122.7583,4.589
6987,One9 #965,"I-90, EXIT 109 & US-97",Ellensburg,WA,46.99963,-120.51627,3.839
6992,FLYING J #1169,"I-5, EXIT 99",Tumwater,WA,46.9542,-123.025,4.599
6994,FLYING J FRANCHISE #967,"I-90, EXIT 286",Spokane,WA,47.66649,-117.43653,3.929
6999,SIMMONS TRAVEL CENTER,"I-85, EXIT 4 & SR-93/SR-903",Bracey,VA,36.5763,-78.10586,3.099
7003,TA ASHLAND TRAVEL CENTER,"I-95, EXIT 92 & SR-54",Ashland,VA,37.73948,-77.47837,3.6423
7004,FRANKS TRUCKING CENTER,"I-264, EXIT 13B",Chesapeake,VA,36.73525,-76.23843,3.449
7005,PETRO STOPPING CENTER,"I-81 & I-64, EXIT 205",Raphine,VA,37.93735,-79.2219,3.659
7007,KUM & GO #0201,"I-80, EXIT 242",Coralville,IA,41.69367,-91.59061,3.294
7013,ERNIES TRUCK PLAZA,"I-15, EXIT 112",Beaver,UT,38.28071,-112.62992,3.399
7016,TA SALT LAKE CITY TRAVEL CENTER,"I-80, EXIT 99",Tooele,UT,40.54545,-112.30021,3.769
7018,FLYING J TRAVEL PLAZA #746,"I-15 & I-80 SR 201, EXIT 305",Salt Lake City,UT,40.75585,-111.89666,3.7323
7023,TA AMARILLO WEST TRAVEL CENTER,"I-40, EXIT 74",Amarillo,TX,35.20324,-101.84205,3.279
7037,SAMS TRUCK STOP,"I-10, EXIT 138",Van Horn,TX,31.04288,-104.83225,3.999
7045,BUBBLE CITY TRUCK STOP,US-64,Farmington,NM,36.70651,-108.19953,3.7057
7051,PILOT #887,US-84 & US-180,Snyder,TX,32.71511,-100.90748,3.2457
7056,TA SWEETWATER TRAVEL CENTER,"I-20, EXIT 242",Sweetwater,TX,32.47259,-100.39791,3.1523
7058,YESWAY #1125,"I-27, EXIT 1C",Lubbock,TX,33.58653,-101.86063,2.969
7059,TA BIG SPRING TRAVEL CENTER,"I-20, EXIT 177 & US-87",Big Spring,TX,32.24177,-101.46752,3.699
7064,SPEEDWAY #9804,"I-10, EXIT 25",El Paso,TX,31.75841,-106.47831,3.4157
7066,REFUEL #328,"I-35, EXIT 204",San Marcos,TX,29.87536,-97.94042,2.999
7072,TA ANTIOCH TRAVEL CENTER,"I-24, EXIT 62",Antioch,TN,36.06,-86.67222,3.5057
7077,THE TENNESSEAN TRUCKSTOP,"I-65, EXIT 22 & US-31 ALT/SR-11",Cornersville,TN,35.34088,-86.82862,3.799
7078,TA DENMARK TRAVEL CENTER,"I-40 & SR-138, EXIT 68",Denmark,TN,35.55706,-88.97589,3.539
7080,ONE9 #1422,"I-40, EXIT 197",Moriarty,NM,34.98888,-106.06087,3.1157
7082,Chevron,"I-65, EXIT 6",Ardmore,TN,35.05745,-86.87955,3.599
7084,Holiday StationStore #2746500,US-12 & US-281,Aberdeen,SD,45.46611,-98.48564,3.114
7087,PILOT #599,"I-90, EXIT 192 & I-90 BUS/US-83",Murdo,SD,43.89612,-100.71211,3.799
7088,FLYING J FRANCHISE #931,"I-90, EXIT 61",Rapid City,SD,44.07704,-103.20026,3.1573
7092,LOVES TRAVEL STOP #445,I-90 EXIT 399 & SR 115,Sioux Falls,SD,43.488,-96.7343,3.889
7095,TA MANNING TRAVEL CENTER,"I-95, EXIT 119",Manning,SC,33.66772,-80.22208,3.5173
7106,PILOT DEALER #1163,"I-80, EXIT 42",Emlenton,PA,41.20277,-79.747,4.0357
7112,TA HARRISBURG TRAVEL CENTER,"I-81, EXIT 77 & SR-39",Harrisburg,PA,40.26177,-76.88308,3.8157
7116,TA MILESBURG TRAVEL CENTER,"I-80, EXIT 158",Milesburg,PA,40.94167,-77.78528,4.049
7121,TA BLOOMSBURG TRAVEL CENTER,"I-80, EXIT 232",Bloomsburg,PA,41.01153,-76.43838,3.9573
7126,SAPP BROS TRAVEL CENTER,"I-80, EXIT 120",Clearfield,PA,41.02103,-78.44349,3.899
7128,FLYING J #518,"I-78, EXIT 10 (PA 645)",Myerstown,PA,40.37895,-76.31433,3.869
7129,TA BROOKVILLE TRAVEL CENTER,"I-80 EXIT 78, & SR-36",Brookville,PA,41.15999,-79.0641,4.029
7131,TA BREEZEWOOD TRAVEL CENTER,"I-76 & US30, EXIT 161",Breezewood,PA,39.99052,-78.24527,4.299
7132,Terrible Herbst dba/One9 #1395,"I-15, EXIT 12",Jean,NV,35.85484,-115.46915,3.459
7135,PETRO STOPPING CENTER #336,"I-81, EXIT 52 & I-76, EXIT 226",Carlisle,PA,40.20388,-77.19953,4.149
7136,TA LAMAR TRAVEL CENTER,"I-80, EXIT 173 & SR-64",Lamar,PA,41.01611,-77.53139,4.0357
7137,TA BARKEYVILLE TRAVEL CENTER,"I-80, EXIT 29 & SR-8",Harrisville,PA,41.16309,-79.97964,4.044
7147,JUBITZ TRAVEL PLAZA,"I-5, EXIT 307",Portland,OR,45.44292,-122.61509,3.859
7148,TA TROUTDALE TRAVEL CENTER,"I-84, EXIT 17",Troutdale,OR,45.5254,-122.37387,3.9323
7154,TA OKLAHOMA CITY WEST TRAVEL CENTER,"I-40, EXIT 140",Oklahoma City,OK,35.3337,-97.4922,3.3023
7156,TA OKLAHOMA CITY EAST TRAVEL CENTER,"I-40, EXIT 142",Oklahoma City,OK,35.3337,-97.4922,3.3007
7166,TA London Travel Center,"I-70 & US-42, EXIT 79",London,OH,39.90007,-83.4439,3.4923
7169,TA YOUNGSTOWN TRAVEL CENTER,"I-80 & SR 46, EXIT 223",Youngstown,OH,41.0986,-80.6474,3.444
7170,TRUCK WORLD TRUCKSTOP,"I-80, EXIT 234",Hubbard,OH,41.1624,-80.57619,3.259
7172,TA TOLEDO EAST TRAVEL CENTER,"I-80 & I-280, EXIT 71",Perrysburg,OH,41.54293,-83.59273,3.7807
7173,SPEEDWAY #9954,"SR-17, EXIT 66",Apalachin,NY,42.05558,-76.15194,3.999
7176,TA DAYTON TRAVEL CENTER,"I-70, EXIT 10 & US-127",Eaton,OH,39.74257,-84.65085,3.4007
7179,JIMS TRUCK PLAZA,"I-90, EXIT 52E",Buffalo,NY,42.89666,-78.88457,3.659
7180,TA HebronTravel Center,"I-70, EXIT 126 & SR-37",Hebron,OH,39.95346,-82.49187,3.3823
7183,TA KINGSVILLE TRAVEL CENTER,"I-90, EXIT 235 & SR-193",Kingsville,OH,41.87231,-80.66009,3.8823
7184,TA JEFFERSONVILLE EAST TRAVEL CENTER,"I-71, EXIT 65 & SR-435 & US-35",Jeffersonville,OH,39.65896,-83.56873,3.3273
7189,S and R Truck Plaza,"I-94, EXIT 260",Jamestown,ND,46.9059,-98.70613,3.5857
7190,Tower Travel Center,"I-94, EXIT 307",Tower City,ND,46.91187,-97.65939,3.5157
7196,SALUDA TRUCK PLAZA,"I-26, EXIT 28",Saluda,NC,35.23834,-82.3306,3.099
7197,7-ELEVEN #35115,"I-90, EXIT 42",Phelps,NY,42.95818,-77.04726,4.019
7198,LOVES TRAVEL STOP #507,"I-85, EXIT 71",Salisbury,NC,35.6515,-80.48895,3.5107
7212,ONVO TRAVEL PLAZA,"I-90 & RTE 22, EXIT B-3",Canaan,NY,42.41317,-73.41589,3.399
7213,SENECA ONE STOP,"I-90, EXIT 58",Irving,NY,42.57387,-79.05963,2.899
7215,TA FULTONVILLE TRAVEL CENTER,"I-90, EXIT 28",Fultonville,NY,42.9036,-74.35976,4.039
7216,ONVO TRAVEL PLAZA - LOUNSBERRY,"SR-17, EXIT 63",Nichols,NY,42.03196,-76.36104,3.399
7220,CUMBERLAND FARMS #001662,US-9W/SR-32,Glenmont,NY,42.59715,-73.79588,3.749
7222,TA SANTA ROSA TRAVEL CENTER,"I-40/US-54, EXIT 277 & US-84",Santa Rosa,NM,34.93328,-104.68215,3.4523
7225,LOVES TRAVEL STOP #329,US-60,Clovis,NM,34.41258,-103.22139,4.089
7226,TA LAS CRUCES TRAVEL CENTER,"I-10, EXIT 139",Las Cruces,NM,32.32164,-106.74603,3.1407
7227,NATIONAL TRUCK STOP,"I-10, VADO EXIT 155",Vado,NM,32.115,-106.66333,2.999
7228,MAVERIK COUNTRY STORE #638,"I-40, EXIT 159D & I-25/US-85, EXIT 227",Albuquerque,NM,35.0936,-106.6423,3.2073
7229,TA GALLUP TRAVEL CENTER,"I-40, EXIT 16 & HWY 66",Gallup,NM,35.50648,-108.74135,3.4323
7230,DEMING TRUCK STOP,"I-10, EXIT 81",Deming,NM,32.23181,-107.74656,2.899
7231,TA ALBUQUERQUE TRAVEL CENTER,"I-25, EXIT 227 OR 225",Albuquerque,NM,35.0936,-106.6423,3.5873
7234,TA BLOOMSBURY TRAVEL CENTER,"I-78/US-22, EXIT 7 & SR-173",Bloomsbury,NJ,40.64366,-75.09664,3.7907
7237,TA COLUMBIA TRAVEL CENTER,"I-80, EXIT 4 & SR-94",Columbia,NJ,40.93881,-75.05498,4.099
7239,TA PAULSBORO TRAVELCENTER,"I-295, EXIT 18A",Paulsboro,NJ,39.83116,-75.22423,3.999
7240,Pilot Travel Centers #190,"I-78, EXIT 12 & US-22",Hampton,NJ,40.67735,-74.96222,3.809
7244,TA LAS VEGAS TRAVEL CENTER,"I-15, EXIT 33",Las Vegas,NV,36.17208,-115.12237,3.7357
7248,WILD WILD WEST TRAVEL PLAZA,"I-15, EXIT 37",Las Vegas,NV,36.17208,-115.12237,3.7673
7263,FLYING J #904,"I-80, EXIT 107",Big Springs,NE,41.06962,-102.09327,3.4823
7264,TA GRAND ISLAND WEST TRAVEL CENTER,"I-80, EXIT 305",Alda,NE,40.85692,-98.45513,3.169
7265,Fast Stop Travel Centers #1151,"I-80, EXIT 164 & CR-56C",Hershey,NE,41.1553,-101.00116,3.499
7267,TA OGALLALA TRAVEL CENTER,"I-80, EXIT 126",Ogallala,NE,41.1275,-101.71074,3.4657
7268,SAPP BROS TRAVEL CENTER,"I-80, EXIT 440 & SR-50, EXIT 440",Omaha,NE,41.261,-95.9376,3.2807
7269,GRAND ISLAND TRAVEL CENTER,"I-80, EXIT 312 & US-281/US-34",Grand Island,NE,40.92186,-98.34106,3.2657
7282,ALLTOWN FRESH,"I-87, EXIT 17N & US-9",Fort Edward,NY,43.26532,-73.58217,3.759
7284,MURALTS TRUCK PLAZA,"I-90, EXIT 96 & US-93/SR-200",Missoula,MT,46.85627,-114.02521,3.609
7285,SENECA ONE STOP,"SR-17, EXIT 20",Salamanca,NY,42.16035,-78.73042,3.309
7286,TA MISSOULA,"I-90, EXIT 96 & US-93",Missoula,MT,46.85627,-114.02521,3.699
7288,TA LAUREL,"I-90, EXIT 437",Laurel,MT,45.67451,-108.76901,3.6123
7289,TA STRAFFORD,"I-44, EXIT 88 & SR-125",Strafford,MO,37.27972,-93.10663,3.3657
7291,TA OAK GROVE TRAVEL CENTER,"I-70, EXIT 28",Oak Grove,MO,38.99846,-94.13995,3.2223
7293,TA Matthews Travel Center,"I-55, EXIT 58 & SR-80",Matthews,MO,36.80753,-89.57683,3.2057
7299,GASPERS - FAST LANE,"I-70, EXIT 148 & US-54",Kingdom City,MO,38.95508,-91.95201,2.959
7300,B AND D AUTO TRUCK PLAZA,"I-44, EXIT 127",Lebanon,MO,37.68505,-92.65503,3.099
7310,AAA HOSPITALITY,"I-55, EXIT 220",Tillatoba,MS,33.98523,-89.89446,2.784
7312,208 FUEL PLAZA,"I-70, EXIT 208",Belmont,OH,40.03202,-81.00656,3.419
7314,TA MERIDIAN TRAVEL CENTER,"I-20 & I-59, EXIT 160",Meridian,MS,32.35744,-88.65597,2.9123
7323,TRUCKERS INN,"I-94/US-52, EXIT 127 & US-71",Sauk Centre,MN,45.72808,-94.96817,3.2257
7326,PETRO STOP #398,"I-35 & I-90, EXIT 11",Albert Lea,MN,43.65368,-93.37067,4.099
7327,TA TEKONSHA,"I-69,EXIT 25 & SR-60",Tekonsha,MI,42.08633,-84.9926,3.589
7331,SPEEDWAY #9266,US-52 & SR-234,Ironton,OH,38.52943,-82.66535,3.699
7332,FLYING J #895,"I-75, EXIT 32A",Trenton,MI,42.1343,-83.21814,3.249
7335,TA SAWYER TRAVEL CENTER,"I-94, EXIT 12",Sawyer,MI,41.88287,-86.58851,3.689
7337,TA BATTLE CREEK,"I-94, EXIT 104",Battle Creek,MI,42.3053,-85.1389,3.979
7341,INTERSTATE TRAVEL PLAZA,"I-495, EXIT 14A & US-1",Wrentham,MA,42.06175,-71.33957,3.699
7344,BEST QUICK STOP,US-1,Peabody,MA,42.53258,-70.96119,3.6157
7353,DYSARTS SERVICE,"I-95, EXIT 44",Bangor,ME,44.8242,-68.79184,3.799
7354,CIRCLE K #4707065,"I-95, EXIT 2",Kittery,ME,43.09213,-70.74288,3.899
7357,TA SLIDELL TRAVEL CENTER,"I-10, EXIT 266 & US-190",Slidell,LA,30.27841,-89.77119,3.154
7360,KINGS TRUCK STOP,ST 103,Port Barre,LA,30.54779,-91.92858,3.189
7364,Petro Stopping Center,"I-80, EXIT 226",Girard,OH,41.16114,-80.6933,3.4523
7370,TA SMITHS GROVE,"I-65, EXIT 38 & SR-101",Smiths Grove,KY,37.0581,-86.19376,3.4323
7371,One9 #392,"I-65, EXIT 81 & SR-84",Sonora,KY,37.52207,-85.92297,3.1957
7372,TA WALTON #28,"I-75/I-71, EXIT 175 & SR-338",Walton,KY,38.88749,-84.63277,3.0023
7379,KEYSTOP TRAVEL CENTER,"I-65, EXIT 2 & US-31W",Franklin,KY,36.72535,-86.57004,2.899
7382,TA FLORENCE TRAVEL CENTER,"I-75, EXIT 181",Florence,KY,38.99889,-84.62667,3.0707
7385,WAKEENEY 24 7 STORE #3,"I-70/US-40, EXIT 127 & US-283",Wakeeney,KS,39.01141,-99.88182,3.0907
7387,TA Oakley,"I-70, EXIT 76 & US-40/US-83",Oakley,KS,39.1121,-100.85805,3.649
7389,GO MART FOOD STORE #58,"I-77, EXIT 1 & SR-7",Marietta,OH,39.42814,-81.46444,3.799
7396,7-ELEVEN #36180,US-20/SR-18,Monroeville,OH,41.21807,-82.70233,3.614
7398,FLYING J TRAVEL PLAZA #913,"I-80, EXIT 142 & US-65",Altoona,IA,41.64755,-93.47241,3.3423
7403,FUEL MART #714,"I-75, EXIT 168",North Baltimore,OH,41.1867,-83.68058,3.1123
7406,PILOT TRAVEL CENTER #594,"I-29, EXIT 143",Sioux City,IA,42.49722,-96.40292,3.6057
7407,TA IOWA 80 TRAVEL PLAZA,"I-80, EXIT 284",Walcott,IA,41.64531,-90.7256,3.9023
7408,FRIENDSHIP FOOD MART #99,US-224 & SR-61/SR-598,Willard,OH,41.05306,-82.72639,3.6323
7410,PILOT TRAVEL CENTER #373,"I-35 & I-80, EXIT 126",Urbandale,IA,41.62948,-93.72304,3.3423
7412,PETRO STOPPING CENTER #374,"I-69, EXIT 245 & SR-28",Gaston,IN,40.29479,-85.48984,3.5357
7416,GOOD TO GO #40,"I-65, EXIT 215 & SR-114",Rensselaer,IN,40.94773,-87.13373,3.2007
7417,SKY CITGO,US-30 & SR-23,Grovertown,IN,41.32197,-86.5289,3.499
7418,JJS TRAVEL PLAZA,US-31 & US-24,Peru,IN,40.7492,-86.06804,3.444
7421,MIDLAND #1901,"I-70, EXIT 137 AT MILE 137",Cambridge City,IN,39.81817,-85.16845,3.4323
7425,Petro Brazil,"I-70, EXIT 23",Brazil,IN,39.52104,-87.12777,3.989
7429,TA CLAYTON,"I-70, EXIT 59 & SR-39",Clayton,IN,39.66815,-86.49592,3.939
7435,PETRO STOPPING CENTER #375,"I-65, EXIT 201 & US-231/US-24",Remington,IN,40.76665,-87.15994,3.699
7436,TA WHITESTOWN,"I-65/US-52, EXIT 130",Whitestown,IN,40.00002,-86.35072,3.5707
7437,PETRO STOPPING CENTER #379,"I-74, EXIT 143",Greensburg,IN,39.33122,-85.47353,3.999
7457,TA EFFINGHAM TRAVEL CENTER,"I-57 & I-70, EXIT 160",Effingham,IL,39.12173,-88.5611,3.349
7459,TA Morris Travel Center,"I-80, EXIT 112 & SR-47",Morris,IL,41.36723,-88.41777,3.849
7466,PILOT #595,"I-57, EXIT 54B & SR-13",Marion,IL,37.72566,-88.92945,3.759
7469,PILOT TRAVEL CENTER #313,"I-70/I-55, EXIT 4 & SR-203",East Saint Louis,IL,38.63154,-90.13807,3.379
7471,ROAD RANGER #185,"I-55, EXIT 145 & US-136",Mc Lean,IL,40.32816,-89.16448,3.349
7482,TA BOISE TRAVEL CENTER,"I-84, EXIT 54",Boise,ID,43.6136,-116.2025,3.7707
7492,Mobil dba One9 #1365,"I-85, EXIT 70",Cusseta,AL,32.80319,-85.21579,2.999
7495,RACETRAC #2574,"I-75, EXIT 237, SR-331 & US-41",Forest Park,GA,33.62111,-84.36583,3.109
7504,TEXACO,"I-75, EXIT 306 & SR-140",Adairsville,GA,34.35953,-84.91763,3.1057
7506,CHAPMANS TRUCK STOP,"I-85 & SR-219, EXIT 13",Lagrange,GA,33.03402,-85.03951,3.9157
7523,EXPRESS STOP FOOD STORE #4644,"I-75, EXIT 181",Pinconning,MI,43.84908,-84.00816,3.639
7533,TA WILDWOOD TRAVEL CENTER,"I-75, EXIT 329 & SR-44",Wildwood,FL,28.84535,-82.03473,3.214
7534,TA BALDWIN TRAVEL CENTER,"I-10, EXIT 343 & US-301",Jacksonville,FL,30.3163,-81.4175,3.899
7535,GIANT #198,"I-4/SR-400, EXIT 7 & US-301/SR-41",Tampa,FL,28.0879,-82.4593,3.2573
7543,TA NEW HAVEN TRAVEL CENTER,"I-95, EXIT 56",Branford,CT,41.27999,-72.81064,5.069
7545,CITGO,"I-95, EXIT 40",Milford,CT,41.21747,-73.05495,3.399
7546,SHELL DBA PILOT DEALER #882,"I-95, EXIT 93 & SR-216",North Stonington,CT,41.45311,-71.8727,4.299
7551,PWI #525,"I-70, EXIT 295",Watkins,CO,39.76232,-104.58339,3.139
7552,TA DENVER WEST TRAVEL CENTER,"I-70, EXIT 266",Wheat Ridge,CO,39.77404,-105.09619,3.4157
7553,BRUSH TRAVEL PLAZA,"I-76, EXIT 90B & SR-71",Brush,CO,40.26026,-103.62788,3.699
7574,108 FOOD AND FUEL,"I-40, EXIT 108 & US-66/US-281 BUS",Calumet,OK,35.59482,-98.18999,3.1357
7611,LOVES TRAVEL STOP #167,"I-44, EXIT 83",Chickasha,OK,35.02675,-97.95185,3.1657
7615,HOPI TRAVEL PLAZA CONOCO DBA ONE9 #1270,"I-40, EXIT 292",Holbrook,AZ,34.90845,-110.14341,3.139
7617,TUCSON TRUCK TERMINAL,"I-10, EXIT 268",Tucson,AZ,32.21387,-110.96944,3.2223
7622,COPAN TRUCK STOP,US-75,Copan,OK,36.90618,-95.91299,3.119
7624,WILLCOX TRUCK PLAZA,"I-10, EXIT 340",Willcox,AZ,32.37298,-109.86311,3.3407
7625,LOVES TRAVEL STOP #248,"I-40, EXIT 71",Clinton,OK,35.51154,-98.97953,3.1723
7627,DAVIS TRADING POST,"I-35, EXIT 55",Davis,OK,34.4953,-97.10843,2.979
7629,ARNOLDS TRUCK STOP,US-72/SR-20/SR-157 & CR-59,Tuscumbia,AL,34.68743,-87.68326,3.169
7635,TA MONTGOMERY TRAVEL CENTER,"I-65, EXIT 168 & US-80/US-82/SR-6/SR-8",Montgomery,AL,32.3743,-86.3118,3.2523
7636,PILOT TRAVEL CENTER #76,"I-20 & I-59, EXIT 76",Tuscaloosa,AL,33.19689,-87.56267,2.999
7655,LOVES TRAVEL STOP #253,I-40 EXIT 7 & SR 30,Erick,OK,35.22859,-99.86346,3.2057
7705,FLYING J TRAVEL PLAZA #610,"I-40, EXIT 53",Kingman,AZ,35.25838,-114.05689,3.8823
7708,PILOT TRAVEL CENTER #352,"I-75, EXIT 139",Fort Myers,FL,26.6204,-81.8725,3.799
7715,LONDON AUTO TRUCK CENTER,"I-75, EXIT 41 & SR-80",London,KY,37.1016,-84.0975,3.399
7718,MR FUEL #717,"I-44, EXIT 251",Villa Ridge,MO,38.46011,-90.8822,3.0157
7719,FLYING J TRAVEL PLAZA #674,"I-70, EXIT 188",Warrenton,MO,38.80504,-91.17405,3.1157
7721,TRAIL STAR TRUCK STOP,"ST 16, EXIT 213",Glendive,MT,47.10081,-104.72872,3.459
7722,SAPP BROS TRAVEL CENTER,"I-80, EXIT 353 & US-81",York,NE,40.86668,-97.58248,3.324
7724,FUEL MART #767,US-6 & US-23,Bradner,OH,41.32979,-83.4456,3.4073
7725,BELL STORES #48,US-30 & SR-94,Dalton,OH,40.77933,-81.70078,3.3857
7733,FLYING J TRAVEL PLAZA #723,"I-40, EXIT 76",Amarillo,TX,35.20324,-101.84205,3.2657
7746,PILOT TRAVEL CENTER #888,"I-27, EXIT 74",Tulia,TX,34.54026,-101.76286,3.3407
7753,LOVES TRAVEL STOP #166,SR-351,Muskogee,OK,35.73066,-95.37549,3.3373
7767,FLYING J TRAVEL PLAZA #759,"I-25, EXIT 7",Cheyenne,WY,41.14372,-104.79623,3.709
7768,BIG D #30,"I-25/US-87, EXIT 9 & I-80, EXIT 359C & I-80 BUS/US-30",Cheyenne,WY,41.14372,-104.79623,3.204
7792,FLYING J TRAVEL PLAZA #630,"I-75/SR-401, EXIT 201 & SR-36",Jackson,GA,33.28201,-83.97839,3.384
7798,CIRCLE K #2745100,"I-95, EXIT 7",Woodbine,GA,30.94369,-81.67831,3.2323
7825,PILOT TRAVEL CENTERS #356,"I-65, EXIT 121",Shepherdsville,KY,38.00451,-85.68877,3.609
7838,PILOT #581,"US-52/SR-55, & 117TH ST, MM300",Inver Grove Heights,MN,44.84197,-93.03475,3.579
7871,STRIPES 7FLEET #42454,"US-60, US-70 & US-84",Texico,NM,34.39579,-103.06154,3.829
7873,One9 #387,"I-80, EXIT 280 & SR- 278",Carlin,NV,40.71722,-116.10821,3.439
7886,PETRO STOPPING CENTER #357,"I-70, EXIT 156B & US-40",New Paris,OH,39.86172,-84.77934,3.4873
7930,I 24 TRUCK PLAZA,"I-24, EXIT 114 & US-41",Manchester,TN,35.48167,-86.08861,3.099
7946,PILOT TRAVEL CENTERS #289,"I-90/I-39, EXIT 158 & I-43/SR-81, EXIT 1",Beloit,WI,42.52287,-89.0399,3.799
7959,SPF #45,"I-25/US-87, EXIT 7 & US-212",Cheyenne,WY,41.14372,-104.79623,3.2257
8840,LOVES TRAVEL STOP #211,"I-35, EXIT 120",Oklahoma City,OK,35.3337,-97.4922,3.2557
8895,PAULS VALLEY TRAVEL CENTER,"I-35, EXIT 72 & SR-19",Pauls Valley,OK,34.73851,-97.2195,2.999
8927,LOVES TRAVEL STOP #219,"I-40, EXIT 200",Seminole,OK,35.22444,-96.67028,3.3623
8936,CIRCLE K #107,US-220 & CR-902,Ridgeway,VA,36.5874,-79.86859,3.399
8948,PARK N PUMP CIRCLE C,"I-15, EXIT 222",Nephi,UT,39.69228,-111.8359,3.449
8961,FLYING J TRAVEL PLAZA #736,"I-20, EXIT 42 & US-285",Pecos,TX,31.41438,-103.50813,3.4657
8977,LOVES TRAVEL STOP #168,"I-44, EXIT 20",Walters,OK,34.36053,-98.31398,3.194
8987,LOVES TRAVEL STOP #255,"I-40, EXIT 287 & SR-100",Webbers Falls,OK,35.51379,-95.16588,3.789
9160,PILOT TRAVEL CENTERS #912,"I-80, EXIT 300 & SR-40D",Wood River,NE,40.81063,-98.60651,3.2823
9161,TREXLER PLAZA TRUCK STOP,I-78/US-22,Allentown,PA,40.60273,-75.47096,3.6323
9206,CIRCLE K #4707005,US-2 & SR-4,Farmington,ME,44.66534,-70.13288,3.899
9216,309 TRUCK STOP,SR-309,Coopersburg,PA,40.50755,-75.38878,3.759
9241,7-ELEVEN #40286,"I-76, EXIT 23/312",Elverson,PA,40.15678,-75.78656,3.889
9280,ONVO TRAVEL PLAZA - LAKEWOOD,"I-84, EXIT 20 & SR-507",Greentown,PA,41.33214,-75.28191,3.5457
9289,ONVO EXPRESS,"I-81, EXIT 217 & SR-547",Harford,PA,41.77989,-75.67863,3.609
9340,LANCASTER TRAVEL PLAZA,US-30,Ronks,PA,40.02075,-76.16613,3.899
9354,BFS FOODS TRUCK PLAZA,"I-79, EXIT 1",Mount Morris,PA,39.74429,-80.09676,4.499
9365,FLYING J TRAVEL PLAZA #713,"I-95, EXIT 181",Latta,SC,34.33983,-79.4417,3.349
9381,SCOTT FUEL TRAVEL PLAZA,"I-81, EXIT 199",Dalton,PA,41.5395,-75.70374,3.599
9382,PILOT TRAVEL CENTERS #286,"I-70, EXIT 10 & SR-127",Eaton,OH,39.74257,-84.65085,3.4623
9383,PILOT TRAVEL CENTERS #285,"I-70, EXIT 126 & SR-37",Hebron,OH,39.95346,-82.49187,3.4457
9386,PETRO STOPPING CENTER #325,"I-75, EXIT 167",North Baltimore,OH,41.1867,-83.68058,3.2707
9403,PILOT TRAVEL CENTERS #280,"I-78, EXIT 7 & SR-173",Bloomsbury,NJ,40.64366,-75.09664,3.809
9415,7-ELEVEN #40287,"I-76, EXIT 24A/326",Wayne,PA,40.0435,-75.388,3.889
9423,PETRO STOPPING CENTER #318,"I-70, EXIT 148",Kingdom City,MO,38.95508,-91.95201,3.0573
9449,CORNER PANTRY #127,"I-26, EXIT 115 & US-321",West Columbia,SC,33.99502,-81.08884,3.4123
9451,TA BETO JUNCTION TRAVEL CENTER,"I-35, EXIT 155 & US-75",Lebo,KS,38.41609,-95.82217,3.2307
9467,TA PORTER TRAVEL CENTERS,"I-94, EXIT 22B & US-20",Chesterton,IN,41.60395,-87.0502,3.849
9468,TA LAKE STATION,"I-80 & I-94, EXIT 15B",Lake Station,IN,41.56863,-87.26221,3.849
9469,TA EXPRESS COWPENS #477,"I-85, EXIT 83 & SR-110",Cowpens,SC,35.03898,-81.82202,3.399
9485,PILOT TRAVEL CENTER #4559,"I-20, EXIT 26",Villa Rica,GA,33.71729,-84.9297,3.389
9513,CIRCLE K #2705350,"I-20, EXIT 5 & US-25",North Augusta,SC,33.51777,-81.93479,3.159
9525,SCOTCHMAN #3891,"I-77, EXIT 65 & SR-9",Richburg,SC,34.68218,-80.98906,3.109
9528,GO MART FOOD STORE #43,"I-64, EXIT 39 & SR-34",Teays,WV,38.44167,-81.95306,3.499
9542,SPINX #266,"I-26, EXIT 104",Columbia,SC,34.07261,-81.17962,3.1323
9550,Mauston Interstate BP,"I-90/I-94, EXIT 69 & SR-82",Mauston,WI,43.79338,-90.06409,3.2273
9553,LYNDON STATION BP,I-90 & 94 EXIT 79,Lyndon Station,WI,43.68988,-89.89154,3.177
9554,BIG D OIL #2,US-85 & US-34,Belle Fourche,SD,44.67228,-103.8396,3.2273
9614,DITTYS,"I-90, EXIT 284 & SR-45",Kimball,SD,43.71288,-98.9343,3.089
9618,FLYING J #477,US-75,Anna,TX,33.34452,-96.56386,3.239
9638,PILOT TRAVEL CENTERS #62,"I-95, EXIT 170 & SR-327",Florence,SC,34.18375,-79.77279,3.349
9668,COFFEE CUP FUEL STOP #4,"I-90, EXIT 310 & SR-281",Plankinton,SD,43.73729,-98.4694,3.0273
9675,FLYING J TRAVEL PLAZA #722,"I-75 & I-40, EXIT 369",Knoxville,TN,35.9609,-83.9189,3.439
9699,SPEEDWAY #9400,US-30/US-62 & SR-297,Canton,OH,40.827,-81.3853,3.369
9703,PILOT TRAVEL CENTERS #2,"I-90, EXIT 223 & SR-45",Austinburg,OH,41.75536,-80.85842,3.859
9712,TA GREENSBORO TRAVEL CENTER,"I-40 & I-85, EXIT 138 & SR-61",Whitsett,NC,36.03298,-79.59715,3.9973
9713,TA Express Vermillion #275,"I-29, EXIT 26 & SR-50",Burbank,SD,42.7638,-96.84657,3.099
9717,COFFEE CUP FUEL STOP #8,"I-90, EXIT 212 & SR-83",Vivian,SD,43.95352,-100.28599,3.0973
9724,One9 #1339,"I-81, EXIT 34",Parish,NY,43.4153,-76.10002,3.799
9746,TA MILL CITY TRAVEL CENTER,"I-80, EXIT 151",Imlay,NV,40.65222,-118.02115,3.794
9747,GOOD TO GO TRAVEL CENTER,"I-80, EXIT 353 & US-81",York,NE,40.86668,-97.58248,3.3173
9763,DELUXE TRUCK STOP,SR-759,Saint Joseph,MO,39.76875,-94.83849,3.149
9783,KANGAROO CROSSING #1101,"I-55, EXIT 144",Pickens,MS,32.89052,-89.97371,3.099
9803,TA KNOXVILLE WEST TRAVEL CENTER,"I-40 & I-75, EXIT 369",Knoxville,TN,35.9609,-83.9189,3.4257
9808,TA ANN ARBOR TRAVEL CENTER,"I-94, EXIT 167",Dexter,MI,42.35832,-83.90003,3.499
9812,LEES FOOD MART #1398,"I-40, EXIT 398",Knoxville,TN,35.9609,-83.9189,3.299
9818,CIRCLE K #4707002,"I-95, EXIT 157",Newport,ME,44.83926,-69.2675,3.899
9821,PILOT TRAVEL CENTERS #52,"I-24, EXIT 64",La Vergne,TN,36.01271,-86.55997,3.4723
9842,Petes #03,US-59 & US-54,Moran,KS,37.93416,-95.16473,3.2657
9843,MAPLE HILL TRUCK STOP,"I-70, EXIT 341",Maple Hill,KS,39.06946,-96.01873,3.0523
9851,KWIK STOP #86,US-151/US-52/US-61,Dubuque,IA,42.51498,-90.68191,3.489
9855,PILOT TRAVEL CENTER #37,"I-65, EXIT 95",Whiteland,IN,39.55531,-86.09348,3.959
9860,PARADISE AUTO TRUCK PLAZA,US-31,Rochester,IN,41.06549,-86.23101,3.4057
9862,PILOT TRAVEL CENTERS #271,"I-80, EXIT 6",Gary,IN,41.59333,-87.34639,3.799
9887,7-ELEVEN #40354,"I-95, EXIT 173",Palm Bay,FL,28.0146,-80.59909,3.2157
9941,FLYING J TRAVEL PLAZA #609,"I-10, EXIT 208-A",Eloy,AZ,32.75093,-111.58328,3.4523
9945,CIRCLE K #2706690,"I-85/US-29, EXIT 62 & US-280/US-431/SR-38/SR-1",Opelika,AL,32.62777,-85.35863,2.999
9959,FLYING J #876,"I-95, EXIT 104",Ruther Glen,VA,37.94506,-77.47135,3.619
9962,STRIPES #40673,"I-45, EXIT 179",Mcallen,TX,26.21544,-98.23587,3.289
9971,TA DANSVILLE TRAVEL CENTER,"I-390 & COMMERCE, EXIT 5",Dansville,NY,42.56997,-77.71091,4.499
9973,BOLLA MARKET,"I-287, EXIT 66",Mahwah,NJ,41.07447,-74.15597,3.5323
9990,JIMS  BEST STOP,US-45 & US-64,Selmer,TN,35.16912,-88.59583,3.174
9995,LOVES TRAVEL STOP #411,"I-35 & I-80, EXIT 125 & US-6",Clive,IA,41.60673,-93.74575,3.3407
9997,Circle K #2723687,"I-20, EXIT 11 & US-27/SR-1",Bremen,GA,33.73087,-85.12864,3.0873
10006,FLINT HILLS FUEL MART,US-50 & US-77,Florence,KS,38.24154,-96.93456,3.499
10007,CIRCLE K #2705346,SR-307,Savannah,GA,32.06763,-81.10239,3.0323
10014,Sudden Service #6604,"I-40, EXIT 212",Nashville,TN,36.16703,-86.77844,3.399
10015,Loves Travel Stop #429,"I-65 & I-24, EXIT 87",Nashville,TN,36.16703,-86.77844,3.4623
10020,Maplefields,"US-4, EXIT 2 & SR-22A",Fair Haven,VT,43.62345,-73.27007,3.599
10024,MILLERS TRAVEL CENTER,US-6 & US-50,Wellington,UT,39.53726,-110.73695,3.659
10028,GOOD TO GO #10,US-35,Winamac,IN,41.05624,-86.6307,3.914
10030,LOVES TRAVEL STOP #715,I-77 EXIT 58 & SR-666 & US-52,Bastian,VA,37.15742,-81.19885,3.5973
10033,SHELL,"I-95, EXIT 133 & US-17 BUS",Fredericksburg,VA,38.29954,-77.47715,3.2557
10047,TOWN PUMP FOOD STORE #8929,"I-15, EXIT 339",Conrad,MT,48.17835,-111.93967,3.599
10053,BECKS #27,"I-39/US-51, EXIT 72 & US-34",Mendota,IL,41.54431,-89.10828,3.269
10057,Flying J Travel Plaza #649,"I-465, EXIT 4",Indianapolis,IN,39.93842,-86.13894,3.899
10058,CITGO,US-431/SR-1 & SR-27,Abbeville,AL,31.57548,-85.27904,3.399
10065,ROAD MART,US-71/US-59,Ashdown,AR,33.67871,-94.1351,3.299
10077,FLYING J TRAVEL PLAZA #607,"I-55, EXIT 4 & I-40, EXIT 280",West Memphis,AR,35.14844,-90.17792,3.1507
10085,EL CENTRO TRAVEL CENTER,"I-8, EXIT 115 & SR-86",El Centro,CA,32.78933,-115.56651,4.499
10101,PILOT TRAVEL CENTERS #65,"I-20, EXIT 194",Augusta,GA,33.51169,-82.0995,3.859
10104,GEO H GREEN OIL,"I-85/SR-403, EXIT 41 & US-27 ALT",Newnan,GA,33.3894,-84.81695,3.199
10109,GIT N GO CONVENIENCE STORE #34,"US-30, EXIT 185 & SR-14",Marshalltown,IA,42.04048,-92.91269,3.119
10110,JACKSON'S FOODS DBA ONE9 #1427,"I-84, EXIT 36",Nampa,ID,43.58342,-116.58482,3.3707
10116,Petro Stopping Center #359,"I-39/US-51, EXIT 99 & SR-38",Rochelle,IL,41.92816,-89.07103,3.759
10122,LOVES TRAVEL STOP #417,"I-80 & I-94, EXIT 9A",Gary,IN,41.59333,-87.34639,3.809
10126,PILOT TRAVEL CENTERS #152,"I-65, EXIT 16 & MEMPHIS RD",Memphis,IN,38.46418,-85.7775,3.959
10128,PETES #20,US-54/SR-7 & US-69,Fort Scott,KS,37.83416,-94.70422,3.199
10135,YESWAY #1116,"I-35, EXIT 60",Mcpherson,KS,38.37373,-97.65499,3.259
10142,PILOT TRAVEL CENTERS #438,"I-65, EXIT 6 & SR-100",Franklin,KY,36.72535,-86.57004,3.169
10144,PILOT TRAVEL CENTERS #358,"I-24 & US-305, EXIT 3",Paducah,KY,37.06338,-88.6632,3.699
10146,PILOT TRAVEL CENTERS #437,"I-75, EXIT 11 & SR-92",Williamsburg,KY,36.73553,-84.14359,3.609
10150,PILOT TRAVEL CENTERS #300,"I-12, EXIT 40",Hammond,LA,30.51908,-90.48786,3.2323
10154,I 49 TRUCK STOP,"I-49, EXIT 23 & US-167",Opelousas,LA,30.51442,-92.08967,3.199
10157,J AND  H OIL,"US-131, EXIT 72",Byron Center,MI,42.80161,-85.7136,3.499
10161,SPEEDWAY #8740,"I-69, EXIT 87",Dewitt,MI,42.84278,-84.57965,3.599
10168,Express Stop,"I-94, EXIT 145",Jackson,MI,42.25452,-84.38748,3.589
10172,EXPRESS STOP FOOD STORE #4647,"I-75, EXIT 151 & SR- 81",Saginaw,MI,43.40469,-83.91563,3.399
10181,QUIKTRIP #611,I-55 EXIT 178,Herculaneum,MO,38.26009,-90.3871,2.9907
10184,CIRCLE K #2721544,"I-55, EXIT 243 & US-278/SR-6",Batesville,MS,34.33165,-89.91418,3.309
10192,INTERSTATE STATION #8,"I-55, EXIT 78",Natchez,MS,31.54924,-91.36421,3.399
20000,BIG BOYS TRUCK STOP,"I-95, EXIT 105",Kenly,NC,35.60774,-78.13823,3.299
20003,PILOT #7976,"I-77, EXIT 42",Troutman,NC,35.68627,-80.88223,3.659
20006,CENEX C STORE,US-52,Kenmare,ND,48.67315,-102.07175,3.4673
20009,BIG SPRINGS TRUCK AND TRAVEL,"I-80, EXIT 107",Big Springs,NE,41.06962,-102.09327,3.074
20011,CUBBYS #111,US-81,Norfolk,NE,42.03291,-97.4229,3.209
20012,FLYING J TRAVEL PLAZA #686,"I-80, EXIT 432",Gretna,NE,41.13446,-96.24584,3.2823
20014,SIMONS EXIT 16,"I-89, EXIT 16",Enfield,NH,43.62558,-72.12701,3.499
20019,SUNOCO,"I-295, EXIT 2C & SR-140",Penns Grove,NJ,39.71794,-75.46562,3.459
20024,LOVES TRAVEL STOP #259,"I-10 & AIRPORT RD, EXIT 132",Las Cruces,NM,32.32164,-106.74603,3.214
20027,LOVES TRAVEL STOP #262,"I-40, EXIT 333",Tucumcari,NM,35.168,-103.71793,3.889
20028,MORTONS TRUCK STOP,"I-15, EXIT 46",North Las Vegas,NV,36.4475,-114.85139,3.399
20031,FLYING J TRAVEL PLAZA #770,"I-80, EXIT 176",Winnemucca,NV,40.96642,-117.74669,3.7773
20033,LOVES TRAVEL STOP #772,"I-86 & SR-17, EXIT 37",Bath,NY,42.34545,-77.32326,4.489
20036,SMOKIN JOES,I-90 EXIT 24,Sanborn,NY,43.14188,-78.87852,3.699
20042,FLYING J TRAVEL PLAZA #700,I-80 & I-90 EXIT 71,Perrysburg,OH,41.54293,-83.59273,3.759
20043,FRIENDSHIP FOOD MART #70,SR-2 & SR-53,Port Clinton,OH,41.52154,-82.90937,3.939
20045,PILOT TRAVEL CENTERS #281,"I-80, EXIT 226",Girard,OH,41.16114,-80.6933,3.4523
20049,LOVES TRAVEL STOP #263,"I-44, EXIT 45 & SR-49",Lawton,OK,34.59147,-98.36978,3.2173
20050,LOVES TRAVEL STOP #260,"I-35, EXIT 106 & SR-9 W",Norman,OK,35.2212,-97.4448,3.254
20054,Jacksons Food Stores,"I-84, EXIT 261",La Grande,OR,45.33044,-118.08523,3.687
20062,PILOT TRAVEL CENTERS #298,"I-80, EXIT 256 & SR-93",Drums,PA,41.02553,-75.97676,3.9757
20066,KWIK FILL #228,"I-90, EXIT 45 & US-20",North East,PA,42.20079,-79.83318,4.089
20070,ONVO TRAVEL PLAZA - PROMISED LAND,"I-84, EXIT 26 & SR-390",Tafton,PA,41.36944,-75.1016,3.5457
20072,PILOT TRAVEL CENTERS #310,"I-85, EXIT 63 & SR-290",Duncan,SC,34.91765,-82.12582,3.4323
20079,PETRO KINGSTON SPRINGS #349,"I-40, EXIT 188",Kingston Springs,TN,36.09532,-87.11565,3.2323
20082,GOLDEN EXPRESS TRUCK STOP,US-287/US-81 & CR-1595,Alvord,TX,33.36982,-97.68849,3.049
20083,FLYING J TRAVEL PLAZA #724,"I-10, EXIT 0",Anthony,TX,31.99072,-106.59762,3.459
20086,LOVES TRAVEL STOP #609,"I-35, EXIT 471 & US-77",Denton,TX,33.22893,-97.13144,3.2473
20105,CEFCO #1050,"I-30, EXIT 146 & US-37",Mount Vernon,TX,33.1702,-95.21811,2.9423
20108,TEX-BEST #501,"I-37, EXIT 125",Elmendorf,TX,29.23079,-98.37198,2.949
20109,PILOT TRAVEL CENTERS #306,"I-10, EXIT 582",San Antonio,TX,29.46852,-98.52635,3.214
20114,CROSSROADS,"I-10, EXIT 829 & SR-124",Winnie,TX,29.81568,-94.3395,4.249
20118,KWIK TRIP #648,"I-94, EXIT 116 & SR-54",Black River Falls,WI,44.2921,-90.84795,3.2373
20119,FREMONT CITGO,US-10 & SR-110,Fremont,WI,44.23788,-88.84485,3.399
20121,GO MART FOOD STORE #50,"I-77/I-64, EXIT 44 & SR-3",Beckley,WV,37.79321,-81.20608,3.599
44228,I-69 TRUCKSTOP TRAVEL CENTER,"I-69, EXIT 184 & SR-19",Memphis,MI,42.90595,-82.76962,3.499
52040,REBEL TRUCK STOP,"I-5, EXIT 27",Kalama,WA,46.01123,-122.81659,4.499
52048,PILOT TRAVEL CENTER #302,"I-10, EXIT 13 & CR-30",Theodore,AL,30.54437,-88.18075,3.159
52052,EXPRESSWAY MOBIL,US-63 & US-167,El Dorado,AR,33.20735,-92.66286,3.599
52065,76 DBA ONE9 #1415,"I-75, EXIT 49",Lake Panasoffkee,FL,28.79526,-82.13628,3.1723
52067,PETRO STOPPING CENTER #322,"I-285, EXIT 12",Atlanta,GA,33.74979,-84.31685,3.4457
52070,FRIENDLY EXPRESS #31,US-1 & US-301,Folkston,GA,30.85084,-82.01162,3.099
52081,MCCLURE OIL #9,US-31 & SR-18,Kokomo,IN,40.49884,-86.14527,3.839
52085,RUSSELL 24/7,"I-70, EXIT 184",Russell,KS,38.88056,-98.85945,3.0073
52088,CASEYS #4459,"I-64, EXIT 265",Mayfield,KY,36.73269,-88.65064,3.249
52089,SHELL,US-84 & SR-28,Jonesville,LA,31.63649,-91.84581,3.399
52090,SHOP A LOTT #10,"I-49, EXIT 138 & SR-6",Natchitoches,LA,31.76169,-93.09157,3.1257
52099,BEACON & BRIDGE #7,"I-75, EXIT 126",Mount Morris,MI,43.11601,-83.68952,3.379
52103,SPRINT MART #27,US-45 & US-72,Corinth,MS,34.93236,-88.54388,3.0557
52104,BLUE SKY #734,SR-1,Saltillo,MS,34.38313,-88.66736,3.0823
52106,FLYING J TRAVEL PLAZA #923 -TOWN PUMP,"I-90, EXIT 455",Billings,MT,45.77449,-108.50045,3.5807
52107,PILOT #7983,"I-85, EXIT 71",Salisbury,NC,35.6515,-80.48895,3.499
52112,SROKAS SERVICE CENTER,SR-149,Fort Ann,NY,43.42846,-73.47838,3.799
52128,Sudden Service #8087,I-40 EXIT 238,Lebanon,TN,36.20979,-86.30237,3.199
52140,Sinclair,"I-82, EXIT 69",Sunnyside,WA,46.32127,-120.01263,4.599
52142,PILOT TRAVEL CENTERS #296,"I-94 & BAKER RD, EXIT 167",Dexter,MI,42.35832,-83.90003,3.499
52143,One9 #319,"I-75, EXIT 328",Dalton,GA,34.7697,-84.9702,3.0157
52145,Pilot Travel Center #318,"I-465/I-74/US-52/US-40/SR-67, EXIT 4 & SR-37",Indianapolis,IN,39.93842,-86.13894,3.899
52146,FLYING J TRAVEL PLAZA #758,"I-25, EXIT 185 & SR-258",Casper,WY,42.84576,-106.31657,3.999
52149,PILOT TRAVEL CENTERS #321,"I-75/71, EXIT 175 & SR-338",Walton,KY,38.88749,-84.63277,3.0857
52150,PILOT TRAVEL CENTERS #311,"I-90, EXIT 27 & SR-97",Erie,PA,42.12596,-80.08601,4.2157
52152,PILOT TRAVEL CENTERS #308,"I-80 , EXIT 310",Laramie,WY,41.31291,-105.58115,3.609
52153,PILOT TRAVEL CENTER #1412,"I-94 & RUSSELL RD, EXIT 1",Wadsworth,IL,42.44603,-87.90405,3.769
52155,TA SOUTHINGTON TRAVEL CENTER,"I-84, EXIT 28 & US-65",Milldale,CT,41.56583,-72.89222,5.199
52163,PILOT TRAVEL CENTERS #67,"I-75, EXIT 296",Cartersville,GA,34.18697,-84.8204,3.549
52212,FLYING J TRAVEL PLAZA #763,"I-80, EXIT 209",Rawlins,WY,41.79513,-107.23488,3.749
52221,FLYING J TRAVEL PLAZA #726,"I-20, EXIT 472",Dallas,TX,32.99685,-96.79211,3.1823
52222,FLYING J TRAVEL PLAZA #735,"I-10, EXIT 873 & SR-62",Orange,TX,30.12517,-93.77188,3.309
52230,ONE9 #294,"I-15 & I-84, EXIT 344 SR-39",Ogden,UT,41.2443,-112.0072,3.3257
52233,SPEEDWAY #2953,"US-80, EXIT 3",Yuma,AZ,32.70151,-114.64236,3.4657
52235,PETRO STOPPING CENTER #303,"I-80, EXIT 310",Laramie,WY,41.31291,-105.58115,3.5757
52236,CHEVRON,US-60,Globe,AZ,33.40243,-110.78925,4.299
52239,PILOT TRAVEL CENTERS #192,"I-75, EXIT 60",Tifton,GA,31.45028,-83.50861,3.599
52241,Rocket,"I-25/US-85/US-87, EXIT 161 & SR-105",Monument,CO,39.10073,-104.85416,3.195
52250,PILOT TRAVEL CENTERS #222,I-84 EXIT 1,Sturbridge,MA,42.11262,-72.08423,4.159
52255,GREATER CHICAGO I 55,"I-55, EXIT 267 & SR-53",Bolingbrook,IL,41.69761,-88.08732,3.319
52262,CIRCLE K #2721577,US-84 & SR-21,Monroeville,AL,31.51533,-87.34099,3.434
52278,NEIGHBORS EXPRESS,US-25/SR-121/SR-23/SR-67,Millen,GA,32.78774,-81.96181,3.3823
52297,IGA EXPRESS SHELL #874,"I-65, EXIT 20",Bowling Green,KY,37.00787,-86.45589,2.999
52299,415 TRUCK STOP,"I-10, EXIT 151 & SR-415",Port Allen,LA,30.47198,-91.25409,3.089
52302,LONGHORN TRUCK AND CAR PLAZA,"I-10, EXIT 4",Vinton,LA,30.20152,-93.57281,3.274
52304,Fast Stop,"I-10, EXIT 182 & SR-22",Sorrento,LA,30.18539,-90.86314,3.699
52307,CASEYS #3002,SR-60 & SR-30/SR-4,Saint James,MN,43.98752,-94.62293,3.219
52313,CIRCLE K #2723445,"I-20, EXIT 5A & US-61/SR-27",Vicksburg,MS,32.32582,-90.85065,2.959
52322,BOLLA MARKET,"I-95, EXIT 13",Elizabeth,NJ,40.67169,-74.20434,3.099
52323,POWER,"I-78, EXIT 58 & SR-9/SR-1",Newark,NJ,40.7308,-74.1744,4.299
52325,MIRABITO #69,"I-88, EXIT 15 & SR-23",Oneonta,NY,42.46245,-75.04907,3.999
52326,MR FUEL #715,"I-70, EXIT 203",Foristell,MO,38.76256,-90.93433,2.9257
52334,KWIK TRIP #775,"I-90, EXIT 69 & SR-82",Mauston,WI,43.79338,-90.06409,3.2873
52335,SHELL,"I-295, EXIT 3",Disputanta,VA,37.14827,-77.27317,3.029
52340,KWIK FILL #249,US-22,Duncansville,PA,40.42623,-78.43833,4.0723
52344,STAMART 1224,"I-94, EXIT 166",Bismarck,ND,46.82345,-100.77475,3.6157
52346,QUARLES #4436,"I-695, EXIT 41 & SR-151",Dundalk,MD,39.26486,-76.50248,3.699
52348,SHELL,"I-75, EXIT47 & SR-85",Detroit,MI,42.34743,-83.0604,3.699
52361,PAYLESS FUEL TRAVEL CENTER,"I-20, EXIT 470",Dallas,TX,32.99685,-96.79211,2.9857
52363,SPEEDWAY #2376,US-131 & SR-46,Cedar Springs,MI,43.22148,-85.54524,3.899
52364,PILOT TRAVEL CENTERS #335,"I-20 & SR-137, EXIT 138",Rayville,LA,32.46894,-91.7643,3.2123
52365,MOORES SUPER STORE,US-43/US-278/SR-171,Hamilton,AL,34.15341,-88.00852,3.799
52366,ALMA TRAVEL MART,"I-40, EXIT 13 & US-71",Alma,AR,35.50004,-94.20734,3.3323
52367,DOSWELL TRUCK STOP,"I-95, EXIT 98 & SR-30",Doswell,VA,37.84168,-77.51252,2.899
52383,FLYING J TRAVEL PLAZA #601,"I-20/I-59, EXIT 104",Mc Calla,AL,33.28455,-87.10238,3.1707
52384,PILOT TRAVEL CENTERS #337,"I-95, EXIT 164 & US-52",Florence,SC,34.18375,-79.77279,3.349
52385,Flying J Travel Plaza #696,"I-71, EXIT 131",Sunbury,OH,40.2655,-82.85105,3.719
52387,MARATHON,"I-55, EXIT 265 & SR-4",Senatobia,MS,34.63231,-89.8855,3.199
52388,FLYING J TRAVEL PLAZA #711,"I-85, EXIT 102",Blacksburg,SC,35.11505,-81.508,3.429
52393,CASEYS #3004,SR-15 & CR-52,Truman,MN,43.82001,-94.43186,3.299
52400,PILOT TRAVEL CENTERS #324,"I-94/US-41, EXIT 329",Franksville,WI,42.78589,-87.98727,3.889
52401,LOVES TRAVEL STOP #267,"I-40, EXIT 107 & SR-95",Morrilton,AR,35.16923,-92.73544,3.3607
52402,FLYING J TRAVEL PLAZA #665,"I-20, EXIT 3 & SR-79",Greenwood,LA,32.42403,-93.96925,3.1457
52403,FLYING J TRAVEL PLAZA #676,"I-10, EXIT 31",Gulfport,MS,30.38256,-89.09762,3.1457
52404,PETRO WELLS,"I-80, EXIT 352",Wells,NV,41.1298,-114.53275,3.7323
52405,FLYING J TRAVEL PLAZA #636,"I-80, EXIT 292",Davenport,IA,41.5218,-90.5743,3.8723
52411,SAPP BROS TRAVEL CENTER,"I-215, EXIT 21",Salt Lake City,UT,40.75585,-111.89666,3.399
52413,PILOT TRAVEL CENTERS #360,"I-75 & SR-613, EXIT 164",Findlay,OH,41.04417,-83.65,3.3157
52414,Mobil dba ONE9 #1341,"I-5, EXIT 208",Arlington,WA,48.18293,-122.11213,3.799
52421,SHEETZ #194,"I-80, EXIT 97",Falls Creek,PA,41.1455,-78.81279,3.3073
52422,KWIK TRIP #674,"I-94, EXIT 45 & US-12/SR-29",Menomonie,WI,44.87182,-91.92651,3.499
52423,PILOT TRAVEL CENTER #908- TOWN PUMP,"I-15 & I-90, EXIT 122",Butte,MT,45.99158,-112.51781,3.5657
52426,J MART #322,"I-65, EXIT 322",Falkville,AL,34.34765,-86.91309,3.199
52427,PILOT TRAVEL CENTERS #340,"I-80, EXIT 46",Fernley,NV,39.60189,-119.23504,3.9157
52428,PILOT TRAVEL CENTERS #338,"I-26, EXIT 115 & US-321",West Columbia,SC,33.99502,-81.08884,3.499
52430,CHEVRON FOOD MART,"I-75, EXIT 350 & SR-2",Ringgold,GA,34.92052,-85.15491,2.859
52431,WOODBINE TRAVEL CENTER,"I-95, EXIT 14",Woodbine,GA,30.94369,-81.67831,3.0323
52435,CM WINNERS CHOICE,"I-10 & SR-108, EXIT 23",Sulphur,LA,30.219,-93.36391,3.299
52438,NEW MADRID,"I-55, EXIT 52/SR-P",New Madrid,MO,36.60728,-89.53664,3.269
52439,CIRCLE K #2723395,US-11,Hattiesburg,MS,31.31455,-89.30647,3.199
52441,PILOT #6990,"I-95, EXIT 106",Kenly,NC,35.60774,-78.13823,3.709
52450,PILOT #1290,"I-35, EXIT 410 & US-77",Red Oak,TX,32.5161,-96.82034,3.299
52452,PLAINVIEW TRAVEL PLAZA,"US-41, EXIT 113 & SR-26",Oshkosh,WI,44.02196,-88.54363,3.199
52454,PILOT TRAVEL CENTERS #6,"I-70, EXIT 178 & SR-209",Cambridge,OH,40.0305,-81.59128,3.509
52455,LOVES TRAVEL STOP #266,"I-35, EXIT 32",Ardmore,OK,34.17668,-97.13416,3.649
52456,PILOT TRAVEL CENTERS #317,"I-44, EXIT 4 (ST 435)",Joplin,MO,37.09686,-94.50514,3.4123
52458,PILOT TRAVEL CENTER #332,"I-40, EXIT 161 & SR-391",North Little Rock,AR,34.76697,-92.26538,3.237
52461,FLORENCE VALERO,US-130,Burlington,NJ,40.06802,-74.84535,3.1357
52463,PILOT TRAVEL CENTERS #341,"I-15, EXIT 48",North Las Vegas,NV,36.4475,-114.85139,3.6957
52464,7-ELEVEN #40118,ST 220 & I-180,Muncy,PA,41.21372,-76.76326,4.359
52465,FLYING J TRAVEL PLAZA #605,"I-40, EXIT 84",Russellville,AR,35.28421,-93.13148,3.369
52466,FLYING J TRAVEL PLAZA #784,"I-95, EXIT 100 & SR-272",North East,MD,39.60453,-75.95381,4.199
52467,FLYING J TRAVEL PLAZA #712,"I-20, EXIT 70",Columbia,SC,34.07261,-81.17962,3.4323
52468,FLYING J TRAVEL PLAZA #703,"I-40, EXIT 140",Oklahoma City,OK,35.3337,-97.4922,3.309
52469,LOVES TRAVEL STOP #269,US-287/US-82/SR-79 & US-281,Wichita Falls,TX,33.90528,-98.49765,3.123
52470,QUIKTRIP #562,"I-80, EXIT 136",Des Moines,IA,41.6005,-93.6088,3.0473
52471,FLYING J TRAVEL PLAZA #695,"I-75, EXIT 135",Beaverdam,OH,40.83333,-83.97667,3.3307
52472,FLYING J TRAVEL PLAZA #708,"I-81, EXIT 52",Carlisle,PA,40.20388,-77.19953,4.109
52473,FLYING J TRAVEL PLAZA #743,"I-15, EXIT 222",Nephi,UT,39.69228,-111.8359,3.7157
52474,PILOT TRAVEL CENTERS #17,"I-94, EXIT 104",Battle Creek,MI,42.3053,-85.1389,3.959
52477,PETRO FARGO #361,"I-94, EXIT 348",Fargo,ND,46.90088,-96.79358,3.499
52478,LOVES TRAVEL STOP #418,"I-64, EXIT 172",Grayson,KY,38.32804,-82.96509,3.7557
52479,PETRO CARNESVILLE #377,"I-85, EXIT 160",Carnesville,GA,34.39472,-83.27921,3.154
52480,LOVES TRAVEL STOP #268,US6-9 & US-75,Atoka,OK,34.34451,-96.14183,3.489
52482,KING TRAVEL PLAZA,"I-95, EXIT 6",Kingsland,GA,30.79768,-81.70748,3.109
52483,FLYING J TRAVEL PLAZA #659,"I-70, EXIT 253",Salina,KS,38.8238,-97.60879,3.7723
52484,KWIK STAR #303,"I-80, EXIT 201 & US-21",Brooklyn,IA,41.73215,-92.42846,3.129
52510,Valero,SR-9,Maysville,KY,38.61972,-83.75886,3.599
52511,JOES JUNCTION #9,"I-65, RAYMOND EXIT",Indianapolis,IN,39.93842,-86.13894,3.459
52512,LOVES TRAVEL STOPS #270,"I-20, EXIT 349",Ranger,TX,32.46809,-98.67466,3.189
52513,FLYING J TRAVEL PLAZA #678,"I-20 & I-55, EXIT 47",Pearl,MS,32.27684,-90.10271,3.149
52514,FLYING J TRAVEL PLAZA #671,"I-55, EXIT 58",Matthews,MO,36.80753,-89.57683,3.239
52516,FLYING J TRAVEL PLAZA #612,"I-40, EXIT 255",Winslow,AZ,35.16078,-110.51138,3.624
52517,STRIPES 7FLEET #42562,US-84 & US-385,Littlefield,TX,33.92119,-102.3207,3.199
52520,DANDY MINI MART #19,"ROUTE 17, EXIT 59-A",Sayre,PA,41.98422,-76.52176,3.9923
52527,PETRO STOPPING CENTER #323,"I-75, EXIT 368",Reddick,FL,29.37535,-82.24399,3.3523
52528,QUIKTRIP #150,"I-70, EXIT 28",Oak Grove,MO,38.99846,-94.13995,2.959
52529,BIG SKY TRUCK STOP,"I-15, EXIT 56 N",Dillon,MT,45.23394,-112.64045,3.689
52531,FLYING J FUEL STOP #768,"I-435, EXIT 57",Kansas City,MO,39.16319,-94.56988,3.3823
52534,LEES FOOD MART #1122,"I-75, EXIT 122 & SR-61",Clinton,TN,36.08688,-84.18973,2.969
52535,PWI #115,"I-45, EXIT 178",Buffalo,TX,31.45715,-96.05852,2.899
52537,TA Express Osseo #431,"I-94, EXIT 88",Osseo,WI,44.55992,-91.21915,3.469
52539,PILOT TRAVEL CENTERS #331,"I-285 , EXIT 51",Atlanta,GA,33.74979,-84.31685,3.599
52541,PANTRY TRUCKSTOP,US-2/US-41,Rapid River,MI,45.91066,-86.88449,3.319
52542,FLYING J TRAVEL PLAZA #624,"I-75, EXIT 285 & SR-52",San Antonio,FL,28.33714,-82.28824,3.599
52546,CIRCLE K #2723910,US-84 & US-27,Bainbridge,GA,30.9355,-84.5809,3.599
52548,Henderson Fuel Mart,"I-80, EXIT 342",Henderson,NE,40.78137,-97.79787,2.899
52549,SPEEDWAY #3328,"I-77, EXIT 159 A",Cleveland,OH,41.4918,-81.6757,3.799
52550,PILOT TRAVEL CENTERS #404,"I-24, EXIT 81 SE",Murfreesboro,TN,35.7913,-86.357,3.4723
52551,PILOT TRAVEL CENTERS #374,"I-10, EXIT 142 & SR-71",Marianna,FL,30.75859,-85.22937,3.599
52552,FLYING J TRAVEL PLAZA #672,"I-49/US-71, EXIT167 & CR-J",Peculiar,MO,38.71645,-94.44053,3.4223
52553,FLYING J TRAVEL PLAZA #689,"I-40, EXIT 153",Albuquerque,NM,35.0936,-106.6423,3.549
52557,SPRINT MART #40,US-72 & SR-247,Tuscumbia,AL,34.68743,-87.68326,3.189
52558,LOVES TRAVEL STOP #271,"I-40, EXIT 37 & US-219",Ozark,AR,35.52464,-93.83742,3.3923
52562,MOBIL,"I-87, EXIT 36",Plattsburgh,NY,44.69271,-73.46597,3.799
52563,FLYING J TRAVEL PLAZA #631,"I-75, EXIT 2",Lake Park,GA,30.69062,-83.17529,3.3223
52564,FLYING J TRAVEL PLAZA #669,"I-44, EXIT 11A & US-71/SR-249 & SR-FF",Joplin,MO,37.09686,-94.50514,3.4123
52565,PILOT TRAVEL CENTERS #377,"I-35, EXIT 13",Laredo,TX,27.51554,-99.49858,3.599
52566,YUMM,"I-35, EXIT 8",Laredo,TX,27.51554,-99.49858,2.8757
52575,PILOT TRAVEL CENTERS #775,"I-15, EXIT 4",Saint George,UT,37.10665,-113.59526,3.6757
52577,PILOT TRAVEL CENTER #329,"I-29 & I-80, EXIT 1B",Council Bluffs,IA,41.25295,-95.88099,3.659
52580,LOVES TRAVEL STOP #405,"I-95, EXIT 29",Brunswick,GA,31.16965,-81.49304,3.321
52581,TA WILLCOX TRAVEL CENTER,"I-10, EXIT 340",Willcox,AZ,32.37298,-109.86311,3.2823
52582,JRs Oasis,SR-50,Yankton,SD,42.88209,-97.39862,3.149
52585,SUPERPUMPER #22,"I-94, EXIT 42",Belfield,ND,46.88773,-103.17951,3.529
52587,PILOT TRAVEL CENTERS #380,"I-81, EXIT 25 & I-90, EXIT 36",Liverpool,NY,43.10992,-76.187,4.159
52588,STRIPES #42564,US-87,Lubbock,TX,33.58653,-101.86063,3.199
52590,FLYING J TRAVEL PLAZA #661,"I-65, EXIT 2 & US-31W",Franklin,KY,36.72535,-86.57004,3.169
52591,FLYING J TRAVEL PLAZA #749,"I-95, EXIT 104",Ruther Glen,VA,37.94506,-77.47135,3.619
52594,PILOT TRAVEL CENTERS #348,"I-70, EXIT 32B",Bentleyville,PA,40.1187,-80.00699,4.109
52595,7-ELEVEN #40281,"I-476, EXIT 35/95",Jim Thorpe,PA,40.87,-75.73967,3.589
52597,7-ELEVEN #40278,"I-81, EXIT 44 & I-76",Plainfield,PA,40.20306,-77.29028,3.9673
52598,7-ELEVEN #40283,"I-76, EXIT 19/247",Middletown,PA,40.20409,-76.73313,3.9707
52599,7-ELEVEN #40285,"I-76, EXIT 21/286",Bowmansville,PA,40.19667,-76.01778,3.9707
52601,LOVES TRAVEL STOP #236,"I-40, EXIT 161 & SR-391",North Little Rock,AR,34.76697,-92.26538,3.2207
52602,7-ELEVEN #40277,"I-76, EXIT 16/226",Newburg,PA,40.13333,-77.56691,4.299
52603,CASEYS #3364,US-281 & SR-200,Carrington,ND,47.45392,-99.10823,3.439
52605,PILOT TRAVEL CENTERS #39,"I-57, EXIT 335",Monee,IL,41.41913,-87.77484,3.399
52607,PILOT TRAVEL CENTERS #409,"I-40, EXIT 172",Dickson,TN,36.07601,-87.39953,3.1923
52608,PILOT #7971,"I-40, EXIT 133",Conover,NC,35.73134,-81.21645,3.699
52610,TA HARBORCREEK TRAVEL CENTER,"I-90, EXIT 35",Erie,PA,42.12596,-80.08601,4.199
52611,STRIPES #40530,SR-239,Del Rio,TX,29.37388,-100.89155,3.229
52612,STRIPES 7FLEET #42568,US-60 & CR-G,Hereford,TX,34.83704,-102.40503,3.3507
52615,PILOT TRAVEL CENTERS #4,"I-90, EXIT 151",Avon,OH,41.44671,-82.02036,3.879
52616,PILOT TRAVEL CENTERS #28,I-69 EXIT 234,Daleville,IN,40.12574,-85.51102,3.519
52618,PILOT TRAVEL CENTERS #63,"I-85, EXIT 35",Piedmont,SC,34.72443,-82.47022,3.2223
52620,GOODLAND 24/7 STORE,"I-70, EXIT 19",Goodland,KS,39.3491,-101.7164,3.0873
52621,CORNER MARKET #111,"I-70, EXIT 27",Goodland,KS,39.3491,-101.7164,3.059
52622,STRIPES 7FLEET #42567,I-20,Stanton,TX,32.13999,-101.80989,3.0157
52623,TA WILLINGTON TRAVEL CENTER,"I-84, EXIT 71",Willington,CT,41.874,-72.27277,5.199
52624,PILOT TRAVEL CENTERS #390,"I-84, EXIT 188 & US-395",Stanfield,OR,45.78599,-119.2116,3.469
52625,FLYING J TRAVEL PLAZA #673,"I-44, EXIT 226 & SR-85",Sullivan,MO,38.23071,-91.15666,3.324
52626,FLYING J TRAVEL PLAZA #627,"I-95/SR-405, EXIT 29 & US-82/US-17/SR-25/SR-520",Brunswick,GA,31.16965,-81.49304,3.3957
52628,Pride Travel Center dba One9 #1215,"I-10, EXIT 45",Salome,AZ,33.74814,-113.57146,3.359
52629,LOVES TRAVEL STOP #413,"I-90, EXIT 106 & US-97",Ellensburg,WA,46.99963,-120.51627,3.829
52630,PILOT TRAVEL CENTERS #386,"I-5, EXIT 263",Salem,OR,44.92604,-122.97969,3.859
52632,LOVES TRAVEL STOP #451,"I-65, EXIT 95 & CR-500",Whiteland,IN,39.55531,-86.09348,3.949
52633,PILOT TRAVEL CENTERS #57,"I-40 & I-85, EXIT 152",Mebane,NC,36.09786,-79.2719,3.959
52634,PETRO STOPPING CENTER #362,"I-80, EXIT 353",York,NE,40.86668,-97.58248,3.299
52635,E EXPRESS at MLK,"I-40 & I-35, EXIT 127",Oklahoma City,OK,35.3337,-97.4922,2.889
52636,LOVES TRAVEL STOP #414,"I-64, EXIT 25B & US-41",Haubstadt,IN,38.18954,-87.57983,3.949
52638,STRIPES 7FLEET #42555,"I-20, EXIT 80 & SR-18",Monahans,TX,31.58129,-102.90027,2.929
52640,SPEEDWAY #8316,US-30 & US-41,Dyer,IN,41.49198,-87.5108,3.649
52641,PILOT TRAVEL CENTERS #71,"I-95, EXIT 109",Port Wentworth,GA,32.06763,-81.10239,3.3723
52642,One9 #61,"I-26, EXIT 52 & SR-56",Clinton,SC,34.47069,-81.87717,3.099
52643,Minit Mart #3,HIGHWAY 277 & FM 1589,Eagle Pass,TX,28.70279,-100.48176,3.199
52644,ONE9 #058,"I-95, EXIT 180 & SR-48",Pleasant Hill,NC,36.52125,-77.51922,3.399
52646,FLYING J TRAVEL PLAZA #619,"I-70, EXIT 285",Aurora,CO,39.73781,-104.81523,3.3923
52647,FLYING J TRAVEL PLAZA #699,"I-70, EXIT 122",Millersport,OH,39.89931,-82.52835,3.4457
52648,Stripes #42566,US-67 & SR-158,Ballinger,TX,31.74684,-99.95893,3.0557
52649,FLYING J TRAVEL PLAZA #623,"I-10, EXIT 192 & US-90",Midway,FL,30.49528,-84.45444,3.799
52651,TA NEW BRAUNFELS TRAVEL CENTER,"I-35, EXIT 193",New Braunfels,TX,29.69473,-98.11304,3.449
52652,PILOT TRAVEL CENTERS #47,"I-275, EXIT 129",Georgetown,KY,38.21171,-84.55618,3.2057
52656,TRAVELING TIGER CENTER,"I-10, EXIT 87",Sierra Blanca,TX,31.19382,-105.32187,3.1557
52658,LOVES TRAVEL STOP #274,"I-40, EXIT 221 & SR-27",Okemah,OK,35.44752,-96.30679,3.3557
52659,LOVES TRAVEL STOP #276,"I-10, EXIT 20",Lordsburg,NM,32.31403,-108.75466,3.4573
52661,LOVES TRAVEL STOP #281,"I-35 WEST, EXIT 40",Fort Worth,TX,32.7469,-97.3268,3.1873
52663,EXXON,"I-20/I-59, EXIT 17 & SR-28",Livingston,AL,32.58851,-88.17359,2.979
52664,PETRO STOPPING CENTER #378,I-81 EXIT 178B,Pittston,PA,41.3175,-75.78849,4.1657
52667,EXPRESS LANE TRAVEL CENTER,"I-20, EXIT 100 & US-80",Lawrence,MS,32.28761,-89.27243,3.299
52669,COLUMBIA TRUCK STOP,US-46,Columbia,NJ,40.93881,-75.05498,3.079
52674,FLYING J TRAVEL PLAZA #738,"I-20/FM707, EXIT 277",Tye,TX,32.44773,-99.86843,3.124
52675,PILOT TRAVEL CENTER #907- TOWN PUMP,"I-94, EXIT 138",Miles City,MT,46.40746,-105.83319,3.499
52676,PILOT TRAVEL CENTERS #336,"I-80, EXIT 97 & US-219",Du Bois,PA,41.12604,-78.7527,4.034
52678,STRIPES 7FLEET #42433,US-277,Bronte,TX,31.87894,-100.29877,3.474
52679,LOVES TRAVEL STOP #404,"I-295, EXIT 56 & I-95, EXIT 7",Bordentown,NJ,40.14314,-74.70325,3.979
52680,PILOT TRAVEL CENTER #91,"I-95, EXIT 329",Saint Johns,FL,30.09558,-81.6217,3.424
52683,PILOT TRAVEL CENTERS #145,"I-40/US-71/US-62, EXIT 72 AND US-412",Springdale,AR,36.18352,-94.17622,3.459
52684,KWIK STAR #348,US-30/US-67,Clinton,IA,41.85168,-90.20778,3.624
52685,LOVES TRAVEL STOP #275,"I-40/US-63, EXIT 233 & SR-261",Palestine,AR,34.96635,-90.90493,3.3157
52686,LOVES TRAVEL STOP #278,"I-40, EXIT 277",Joseph City,AZ,34.95583,-110.33333,3.6073
52687,LOVES TRAVEL STOP #286,"I-10, EXIT 17",Quartzsite,AZ,33.5675,-114.2731,3.949
52690,LOVES TRAVEL STOP #415,"I-95 & OKEECHOBEE RD, EXIT 129",Fort Pierce,FL,27.43823,-80.44396,3.5057
52691,PILOT TRAVEL CENTER #312,"I-20/SR-402, EXIT 5 & SR-100",Tallapoosa,GA,33.76017,-85.30005,3.389
52692,PILOT TRAVEL CENTER #249,"I-70/I-55, EXIT 18 & SR-162",Troy,IL,38.72427,-89.87085,3.379
52697,FLYING J TRAVEL PLAZA #747,"I-15, EXIT 261",Springville,UT,40.16253,-111.59866,3.7657
60084,SUNSTOP #625,US-84,Ashford,AL,31.1888,-85.25349,3.599
60106,SUNSTOP #619,US-84,Daleville,AL,31.28109,-85.73047,3.399
60114,SUNSTOP #606,US-84/SR-167,Enterprise,AL,31.34079,-85.84211,3.699
60136,HOBO PANTRY #18,US-431,Headland,AL,31.35341,-85.33228,3.599
60145,OCS QUICK STOP,US-43/SR-13,Mount Vernon,AL,31.09737,-88.03504,3.699
60147,HOP-IN FOOD STORES,US-82 & SR-22,Maplesville,AL,32.80451,-86.8717,3.399
60191,PILOT #1180,"I-10, EXIT 94",Tonopah,AZ,33.4228,-112.95279,3.899
60206,TA EXPRESS #649,"I-25, EXIT 52",Walsenburg,CO,37.63816,-104.8043,4.259
60208,BERKSHIRE PETROLEUM,"I-91, EXIT 9",North Haven,CT,41.38216,-72.85852,3.549
60220,ZELLWOOD TRUCK STOP,US-441,Zellwood,FL,28.71944,-81.57617,3.499
60224,SUNSTOP #419,US-19,Camilla,GA,31.21992,-84.22968,3.499
60226,CIRCLE K #2723903,US-82 & SR-520,Dawson,GA,31.77333,-84.44667,3.499
60229,96 TRAVEL PLAZA,"I-16, EXIT 24",Jeffersonville,GA,32.7411,-83.3859,3.399
60230,CIRCLE K #2745152,US-19,Pelham,GA,31.12723,-84.15637,3.499
60242,KWIK STAR #711,US-18/US-52,Monona,IA,43.07348,-91.45868,3.624
60243,PETRO MART,"I-29, EXIT 112",Onawa,IA,42.03697,-96.10721,3.1573
60245,STINKER #74,"I-84, EXIT 137",Bliss,ID,42.94486,-114.91039,3.634
60248,METRO,"I-95, EXIT 12",Avenel,NJ,40.58257,-74.27852,3.299
60250,ELIZABETH TRUCK STOP,"I-95, EXIT 13A & SR-81",Elizabethport,NJ,40.67169,-74.20434,3.399
60255,HUCKS FOOD & FUEL #186,US-51/CR-1450 & US-136,Heyworth,IL,40.3307,-88.97761,3.479
60256,BOLLA MARKET,"I-84, EXIT 1",Montague,NJ,41.30226,-74.75396,3.519
60270,CHUCKLES #27,SR-57,Washington,IN,38.65357,-87.17066,3.339
60273,24-7,"I-70, EXIT 53 & SR-25",Colby,KS,39.38304,-101.04417,3.0557
60280,JUMP START #9,"I-35, EXIT 4",South Haven,KS,37.05,-97.40423,3.069
60282,CRVS #7,SR-96 & SR-27,Tribune,KS,38.49622,-101.76558,3.399
60294,LITTLE CAPITOL EXXON,"I-10, EXIT 115",Breaux Bridge,LA,30.27495,-91.9059,3.899
60295,EXIT 80 TRAVEL PLAZA,"I-10, EXIT 80",Crowley,LA,30.21475,-92.37771,3.109
60298,BEAU CHENE TRUCK STOP,"I-49, EXIT 11",Grand Coteau,LA,30.41972,-92.04667,3.399
60313,WHITE MARSH TRUCK STOP,US-40,White Marsh,MD,39.39232,-76.41319,3.369
60316,CIRCLE K #4707001,"I-95, EXIT 264 & SR-158",Sherman,ME,45.87773,-68.36959,3.9323
60324,FUEL MART OF AMERICA,"I-75, EXIT 59",Detroit,MI,42.34743,-83.0604,3.499
60326,SUNRISE CONVENIENCE STORE #29,"I-69, EXIT 184",Memphis,MI,42.90595,-82.76962,3.499
60328,SPEEDWAY #8748,"I-69, EXIT 6",Flint,MI,43.0233,-83.6856,3.339
60329,CHARLIES COUNTRY CORNER,"I-75, EXIT 271",Grayling,MI,44.67096,-84.69132,3.799
60333,LAKESHORE BP,US-2,Manistique,MI,45.98298,-86.27551,3.499
60341,SNAPPY FOOD MART,ST 60,Tekonsha,MI,42.08633,-84.9926,3.589
60342,True North #254,US-31 & SR-37,Traverse City,MI,44.74365,-85.61887,3.729
60344,DORR TRUCK STOP,"US-131, EXIT 68",Wayland,MI,42.66427,-85.61911,3.499
60347,KWIK TRIP #875,"I-90, EXIT 157, BRIDGE ST ENTRANCE",Albert Lea,MN,43.65368,-93.37067,3.324
60358,PETRO SERVE USA #54,US-10,Glyndon,MN,46.88202,-96.55834,3.449
60372,FLYING W CONVENIENCE STORE,SR-96,Carthage,MO,37.15969,-94.31123,3.199
60373,FLYING J #571,"I-57, EXIT 12 & US-60",Charleston,MO,36.92134,-89.33421,3.559
60374,PILOT TRAVEL CENTERS #385,US-54 & SR-13,Collins,MO,37.881,-93.66085,3.4957
60379,FAST LANE #50,US-54/SR-19,Laddonia,MO,39.25933,-91.68935,3.1573
60380,AMOCO,US-63/US-136,Lancaster,MO,40.52526,-92.5264,3.249
60382,WINDSTARS #5101,"I-435, EXIT 57",Kansas City,MO,39.16319,-94.56988,3.099
60383,CASEYS #4399,"I-70, EXIT 175",New Florence,MO,38.90231,-91.49086,2.949
60392,Kangaroo Crossing #1107,"I-20, EXIT 68 & SR-43",Pelahatchie,MS,32.31799,-89.79135,3.199
60398,TOWN PUMP FOOD STORE #610,"I-90, EXIT 333",Livingston,MT,45.65459,-110.56091,3.644
60400,CAN AM C STORE,SR-16,Plentywood,MT,48.77882,-104.56003,3.499
60416,MINUTEMAN FOOD MART #20,US-74 & US-76,Whiteville,NC,34.32414,-78.71605,3.4607
60420,PUMP & PANTRY #35,US-183,Alma,NE,40.11885,-99.36007,3.459
60426,BONS BONS MOBIL,US-3,Merrimack,NH,42.86669,-71.51278,3.699
60434,ENRITE,US-9,Linden,NJ,40.63537,-74.25557,3.3423
60442,Circle K #4706716,SR-71 & SR-47,Yorkville,IL,41.63873,-88.44379,3.499
60460,HAHN OIL,US-36,Coshocton,OH,40.27541,-81.86603,3.299
60461,TRUE NORTH #704,"I-75, EXIT 56A",Dayton,OH,39.7654,-84.0998,3.799
60463,Anna Truck Stop,"I-75, EXIT 99",Anna,OH,40.4051,-84.21034,3.0157
60465,MOTOMART #4129,ST 309,Marion,OH,40.5886,-83.1286,3.3423
60471,FUEL MART #701,"I-480/I-271, EXIT 23 & SR-8",Bedford,OH,41.39207,-81.52315,3.529
60473,BELL STORES #50,ST 3,Wooster,OH,40.80935,-81.94827,3.599
60476,PETES #11,US-75,Dewey,OK,36.80125,-95.93454,3.154
60508,FEGLEY VALERO,SR-309,Tamaqua,PA,40.79832,-75.97353,3.599
60513,CIRCLE K #2723873,US-17,Georgetown,SC,33.43078,-79.32346,2.899
60515,FLASH MARKET #302,SR-9 & SR-151,Pageland,SC,34.77219,-80.39661,3.3857
60516,ENMARKET #892,"I-95, EXIT 150",Harleyville,SC,33.22051,-80.45009,3.399
60519,CORNER PANTRY #25,US-14,Huron,SD,44.35902,-98.21629,3.079
60538,TEXACO #380031,ST 21W,Bryan,TX,30.6327,-96.36616,3.399
60539,SHELL,US-96 & SR-62/FM-1004,Buna,TX,30.41321,-93.99126,3.1023
60540,CIRCLE K #2706340,"I-20, EXIT 533",Canton,TX,32.5143,-95.90466,2.7757
60551,CIRCLE K #2744522,"I-30, EXIT 201 I-30 & SR-8",New Boston,TX,33.46212,-94.43388,2.9423
60554,CEFCO #2070,"I-27, EXIT 49",Plainview,TX,34.19619,-101.7259,2.8323
60565,CEFCO #2006,"I-40, EXIT 163",Shamrock,TX,35.2206,-100.26215,3.099
60579,SPEEDWAY #4633,US-220/US-221/US-460,Roanoke,VA,37.2725,-79.953,3.399
60587,BJS AUTO TRUCK PLAZA,SR-28,Rock Island,WA,47.37056,-120.13779,3.999
60589,RIVER COUNTRY PLAZA,"SR-29, EXIT 91",Cadott,WI,44.96301,-91.16988,3.3973
60590,DARLINGTON MINI MART,SR-23 & SR-81,Darlington,WI,42.68782,-90.11065,3.399
60601,HOLIDAY STATIONSTORE #2746229,US-53/US-2,Superior,WI,46.70155,-92.09117,3.339
60635,EXXON ON THE RUN,US-62/US-412 & SR-126,Gassville,AR,36.31753,-92.47364,3.695
60650,SHELL DBA ONE9 #1244,"I-8, EXIT 115",Gila Bend,AZ,32.93059,-112.74683,3.259
60700,PWI #502,"I-70/US-40, EXIT 259",Golden,CO,39.73055,-105.19153,3.199
60707,REATA TRAVEL STOP,"I-76, EXIT 125",Sterling,CO,40.63062,-103.22118,3.399
60708,CRVS STORE #6,US-385,Wray,CO,40.10492,-102.23375,3.449
60762,BP,US-1 & US-341,Baxley,GA,31.78366,-82.34864,3.599
60768,GAS N GO FOOD STORE,"I-75, EXIT 290/US-41",Cartersville,GA,34.18697,-84.8204,2.9423
60773,NEIGHBORS EXPRESS,US-341/SR-27 & US-129 ALT/SR-340,Hawkinsville,GA,32.27783,-83.49476,3.399
60779,Marathon,US-129,Eatonton,GA,33.31272,-83.36277,3.399
60781,JP PERRY,"I-75, EXIT 138",Perry,GA,32.46051,-83.72826,3.0823
60783,CIRCLE K #2723324,US-441/US-23/SR-15 & SR-17A/SR-385,Clarkesville,GA,34.64499,-83.5243,3.439
60787,MARATHON,"I-20, EXIT 11",Lithia Springs,GA,33.79389,-84.66056,2.8723
60788,SPRINT FOODS #722,US-1/SR-4/SR-17 & SR-24,Louisville,GA,33.01634,-82.38362,4.099
60791,MARATHON #9,"I-475, EXIT 1",Macon,GA,32.84386,-83.59869,3.039
60795,CIRCLE K #2745080,US-319/US-129/SR-90/SR-11,Ocilla,GA,31.59294,-83.25654,3.6257
60797,EVANS FOOD MART,SR-20,Rome,GA,34.25073,-85.1465,3.699
60804,JET FOOD STORE #4,US-1 & SR-78,Wadley,GA,32.87474,-82.40246,3.4157
60807,BATAVIA GARDENS AND GAS,"US-34, EXIT 203",Batavia,IA,40.99048,-92.14306,3.379
60817,KWIK STAR #712,US-218 & SR-27,Janesville,IA,42.64652,-92.4791,3.599
60822,CASEYS #3639,US-18/US-52,Postville,IA,43.00362,-91.54781,3.599
60829,BARRY TRAVEL PLAZA,"I-72, EXIT 20",Barry,IL,39.70466,-91.02648,3.599
60833,SPEEDWAY #5400,CR-11 & CR-23,Bloomingdale,IL,41.94827,-88.07824,3.759
60834,SPEEDWAY #7422,SR-43,Burbank,IL,41.7447,-87.76991,3.619
60839,FREEDOM OIL #18,"I-74, EXIT 82",Edwards,IL,40.76436,-89.70534,3.399
60846,EXPRESS LANE #50,"I-88, EXIT 10",Hillsdale,IL,41.5929,-90.22625,3.699
60851,SPEEDWAY #7382,I-355 & SR-64,Lombard,IL,41.87214,-88.01599,3.249
60857,RED ROOSTER TERMINAL,US-50/SR-250 & SR-130,Olney,IL,38.73339,-88.08094,3.189
60865,Truckquest,"I-55, EXIT 286",Cicero,IL,41.84556,-87.75389,3.599
60871,WENONA BP,"I-39/US-51, EXIT 35 & SR-17",Wenona,IL,41.05485,-89.04164,3.499
60881,GAS AND STUFF,"I-64, EXIT 118",Georgetown,IN,38.30294,-85.9617,3.799
60882,SPEEDWAY #6666,US-33,Goshen,IN,41.58448,-85.83799,3.8157
60887,STERNBERG CITGO TRUCK STOP,"I-64, EXIT 57",Jasper,IN,38.40439,-86.94079,3.759
60890,JACK FLASH,I-57 EXIT 135,Farina,IL,38.8469,-88.76141,3.099
60900,7-ELEVEN #40504,"I-80/I=90, MM 56 EB",Rolling Prairie,IN,41.72286,-86.58409,3.999
60902,SPEEDWAY #6674,"I-80/I-90, EXIT 72 & SR-31",South Bend,IN,41.6727,-86.25349,3.6907
60913,J Mart #1,"HWY 50 E, HWY 83 N",Garden City,KS,37.97693,-100.86209,3.529
60926,CENEX,US-36 & US-83,Oberlin,KS,39.82751,-100.53139,3.159
60958,NORTH WEST TRUCK STOP,US-90 & SR-3211,Franklin,LA,29.78566,-91.50264,3.399
60979,TOBACCO PLUS #5,"I-10, EXIT 4 & US-90",Vinton,LA,30.20152,-93.57281,2.999
60988,GULF OIL LP #5020,"I-90, MM291",Blandford,MA,42.18295,-72.93611,3.914
60989,Blandford Service Plaza Westbound,"I-90, EXIT MM29",Blandford,MA,42.18295,-72.93611,3.919
60993,GULF #5165,"I-90, EXIT 12",Framingham,MA,42.30067,-71.42549,4.0657
60997,GULF OIL #5035,I-90 MM 66.7,Ludlow,MA,42.17282,-72.47101,3.914
60998,GULF OIL #5030,"I-90, EXIT 7",Ludlow,MA,42.17282,-72.47101,3.909
61004,Applegreen,SR-15,Sturbridge,MA,42.11262,-72.08423,3.999
61006,GULF OIL LP #5155,"I-90, EXIT 11",Westborough,MA,42.283,-71.6015,3.909
61019,MARDELA GOOSE CREEK FOOD STORE,US-50,Mardela Springs,MD,38.48639,-75.74144,3.979
61021,WESTOVER GOOSE CREEK,US-13 & SR-673,Westover,MD,38.10099,-75.74056,3.259
61028,MARATHON,"US-10, EXIT 137",Bay City,MI,43.61216,-83.91988,3.199
61030,HAGGERTY JOY MOBIL,I-275,Canton,MI,42.33201,-83.46952,3.699
61032,MARATHON,US-10/US-127,Clare,MI,43.82232,-84.76346,3.289
61034,MOTOR CITY TRUCK STOP,"I-75, EXIT 43",Detroit,MI,42.34743,-83.0604,3.499
61037,HEARTLAND MOBIL,US-23,Fenton,MI,42.7851,-83.72935,3.849
61038,SPEEDWAY #8753,"I-475, EXIT 4",Burton,MI,43.02449,-83.6063,3.089
61042,CITGO,"US-131, EXIT 44",Kalamazoo,MI,42.27356,-85.54565,3.499
61057,CIRCLE K #2746537,US-2 & US-41,Rapid River,MI,45.91066,-86.88449,3.319
61063,PS Food Mart,I-69 EXIT 25,Tekonsha,MI,42.08633,-84.9926,3.519
61076,Holiday StationStore #2746408,"I-35, EXIT 129",Forest Lake,MN,45.2685,-92.97489,3.399
61080,CO-OP SERVICE,US-10 & CR-67,New York Mills,MN,46.55587,-95.40472,3.499
61090,Northdale Oil,US-59 & SR-1,Thief River Falls,MN,48.11039,-96.16702,3.239
61093,CIRCLE K #2746501,"I-90, EXIT 45 & SR-60",Worthington,MN,43.62863,-95.60591,3.1423
61099,LOVES TRAVEL STOP #488,"I-55, EXIT 157 & SR-32",Bloomsdale,MO,38.04511,-90.28055,3.3823
61102,FAST LANE #54,US-63,Columbia,MO,38.93818,-92.30487,3.2073
61106,TEMP STOP #102,US-54 & SR-52,Eldon,MO,38.34013,-92.57362,3.199
61110,HB OF RANDOLPH,"I-435, EXIT 55B & SR-210",Kansas City,MO,39.16319,-94.56988,3.149
61111,Caseys #4540,"I-35, EXIT 40 & SR-116",Lathrop,MO,39.51773,-94.30927,3.0757
61115,BREAK TIME #3071,US-24 & US-63,Moberly,MO,39.42024,-92.43579,3.469
61118,MIDWEST PETROLEUM #21,"I-55, EXIT 129",Perryville,MO,37.71744,-89.87366,2.9907
61145,TEXACO,US-49 & US-98,Hattiesburg,MS,31.31455,-89.30647,3.199
61146,STUCKEYS EXPRESS #619,"I-59, EXIT 113 & SR-528",Heidelberg,MS,31.88203,-88.99805,3.499
61149,CEFCO #501,US-45,Lauderdale,MS,32.50219,-88.49557,2.899
61168,Blue Sky #717,US-72 & SR-15,Walnut,MS,34.95273,-88.90534,3.099
61171,CHEVRON CURB STORE,US-49 & SR-26,Wiggins,MS,30.86095,-89.13237,3.499
61176,TOWN PUMP FOOD STORE #8947,US-2,Chinook,MT,48.57985,-109.22246,3.629
61182,TOWN PUMP FOOD STORE #3000,US-87,Lewistown,MT,47.05632,-109.4203,3.599
61193,SPEEDWAY #8502,"I-75, EXIT 161 & CR-99",Findlay,OH,41.04417,-83.65,3.299
61195,MINUTEMAN FOOD MART #06,SR-24,Clinton,NC,35.01514,-78.32601,3.649
61205,SPEEDWAY #6961,"I-40, EXIT 303",Garner,NC,35.68125,-78.59753,2.9207
61210,SHEETZ #548,US-29,Greensboro,NC,36.0726,-79.792,2.859
61254,7-ELEVEN #36075,"I-77, EXIT 65 & SR-901",Union Grove,NC,36.03695,-80.89669,2.859
61266,CENEX CONVENIENCE STORE,US-2 & SR-19,Devils Lake,ND,48.11316,-98.86159,3.249
61269,FLYING J #489,"I-29, EXIT 138",Grand Forks,ND,47.90104,-97.04463,3.6157
61271,MARATHON,"I-94, EXIT 292",Valley City,ND,46.92681,-98.00332,3.499
61291,FLEMING OIL FOOD MART,ST 9,West Chesterfield,NH,42.87315,-72.51122,3.899
61292,ENRITE,"I-95, EXIT 14A",Jersey City,NJ,40.7164,-74.038,3.349
61301,SUNOCO- WALT WHITMAN PLAZA #7007,"NJTP,MILE POST 30",Cherry Hill,NJ,39.93081,-75.01754,3.899
61304,A Plus MOLLY PITCHER PLAZA #7011,MILE POST 71.7 NJ TURNPIKE SO,Cranbury,NJ,40.30387,-74.50653,3.909
61305,BP,US-130,Cranbury,NJ,40.30387,-74.50653,3.1457
61308,CARLSTADT VALERO,SR-120,Carlstadt,NJ,40.8403,-74.0925,3.199
61312,BLUE STAR,US-202 & SR-31,Flemington,NJ,40.51798,-74.84532,3.399
61326,SUNOCO JAMES F COOPER PLAZA- #7008,MILEPOST 39 NJ TURNPIKE N,Mount Laurel,NJ,39.94781,-74.90359,3.959
61328,KW RASTALL OIL,US-130,North Brunswick,NJ,40.45377,-74.48229,3.199
61333,46 GAS AND TRUCK STOP,US-46,Palisades Park,NJ,40.84624,-73.99544,3.2357
61337,SUNOCO- JOHN FENWICK PLAZA #7006,"NJTP, MM 5",Penns Grove,NJ,39.71794,-75.46562,3.909
61339,FUEL ONE,"I-78, EXIT 3 & US-22",Phillipsburg,NJ,40.69282,-75.1741,3.359
61346,SUNOCO- ALEXANDER HAMILTON PLAZA #7016,NEW JERSEY TURNPIKE SOUTH MILEPOST 111.6,Secaucus,NJ,40.79101,-74.06342,3.899
61357,KENT KWIK #501,US-70 & US-54,Alamogordo,NM,32.89319,-105.94854,2.9823
61364,HUNTINGTON BROADWAY CONOCO,US-64 BUS,Farmington,NM,36.70651,-108.19953,3.799
61409,104 STORE,SR-370/SR-104,Red Creek,NY,43.22907,-76.71456,3.799
61410,KWIK FILL #58,ST 15,Rochester,NY,43.1683,-77.6026,3.969
61421,7-ELEVEN #40294,"I-80 WB, EXIT 139",Amherst,OH,41.39051,-82.22817,3.5323
61430,7-ELEVEN #40303,"I-90, EXIT 7",Clyde,OH,41.3024,-82.99185,3.6623
61431,7-ELEVEN #40304,"I-90, EXIT 7",Clyde,OH,41.3024,-82.99185,3.6623
61439,7-ELEVEN #40302,"I-75, EXIT 157",Genoa,OH,41.53001,-83.35898,3.6623
61449,7-ELEVEN #40297,"I-80, EXIT 13A",Mantua,OH,41.29414,-81.22826,3.5323
61450,7-ELEVEN #40298,I-80,Mantua,OH,41.29414,-81.22826,3.5323
61453,CITGO,"I-475, EXIT 6",Maumee,OH,41.58168,-83.66283,3.499
61458,7-ELEVEN #40299,OHIO TNPK MM 237 & SR-26,New Springfield,OH,40.92652,-80.58558,3.5323
61459,7-ELEVEN #40300,"I-76, EXIT 157",New Springfield,OH,40.92652,-80.58558,3.5323
61461,S&G,"I-280, EXIT 7",Oregon,OH,41.64184,-83.47137,3.599
61477,CHOCTAW NATION GRANT #633,US-271,Grant,OK,33.93024,-95.48932,2.999
61483,CM SILVER DOLLAR,"I-220, EXIT 7",Shreveport,LA,32.50374,-93.7487,3.299
61492,SPRINGER TRAVEL PLAZA,I-35 EXIT 40,Springer,OK,34.30383,-97.12227,2.9157
61508,7-ELEVEN #40275,"I-70 & I-76 NB, MM 147",Bedford,PA,39.99084,-78.52607,4.199
61509,7-ELEVEN #40275,"I-70/I-76 SB, MM 147",Bedford,PA,39.99084,-78.52607,4.199
61511,MIDWAY FUEL AND TRUCK WASH,"I-78/US-22, EXIT 16",Bethel,PA,40.48083,-76.27421,3.364
61515,Carlisle Fuel Stop,"I-81, EXIT 52",Carlisle,PA,40.20388,-77.19953,3.359
61540,S&P Oil,US-13,Levittown,PA,40.16814,-74.82314,3.8157
61559,7-ELEVEN #40273,34 MILE WEST OF EXIT 11/146,Somerset,PA,40.02481,-79.08081,4.2073
61560,7-ELEVEN #40272,"I-70 & 76, EXIT 10",Somerset,PA,40.02481,-79.08081,4.2073
61567,7-ELEVEN #35774,"I-76, EXIT 5/48",Verona,PA,40.49273,-79.83454,4.2073
61569,KWIK FILL #295,US-6 BUS,Warren,PA,41.84526,-79.14286,4.699
61570,7-ELEVEN #40276,"I-76, EXIT 12/161 & SR-655",Waterfall,PA,40.07387,-78.04771,4.199
61571,7-ELEVEN #40280,MILE MARKER 55 NE EXT PENN TPKE,Allentown,PA,40.60273,-75.47096,3.589
61594,SPINX #138 (DISCOUNT AVAILABLE),"I-85, EXIT 44",Greenville,SC,34.84716,-82.40605,3.0423
61595,CORNER MART 3338,"I-85, EXIT 44",Greenville,SC,34.84716,-82.40605,2.907
61596,HOT SPOT #2009,US-25/US-178 & SR-225,Greenwood,SC,34.1758,-82.15621,2.939
61597,SPINX #121,"I-85, EXIT 56",Greer,SC,34.8968,-82.26744,3.1657
61598,Shell,SR-41,Hemingway,SC,33.74189,-79.44889,3.199
61599,HOT SPOT #2013,"I-26, EXIT 10",Inman,SC,35.0528,-82.05401,3.149
61605,HOT SPOT #2028,US-76/US-301,Marion,SC,34.15619,-79.38982,2.999
61616,PILOT #4578,"I-77, EXIT 48 & SC-200",Winnsboro,SC,34.38101,-81.10899,3.409
61621,CUBBYS #401,"I-90 , EXIT 332 & SR-37",Mitchell,SD,43.71092,-98.02703,3.149
61625,PRARIE STOP,US-212 & SR-20,Watertown,SD,44.90429,-97.12398,3.279
61633,ECO TRAVEL PLAZA,"I-40, EXIT 320 & SR-298",Crossville,TN,35.94404,-85.01717,3.0257
61642,PILOT TRAVEL CENTERS #252,"I-35, EXIT 26",Kearney,MO,39.36518,-94.3621,3.699
61646,SHELL,"I-40, EXIT 35 & SR-59",Mason,TN,35.43801,-89.55181,3.549
61651,LEES FOOD MART #123,"I-81, EXIT 23 AT MILE 23",Bulls Gap,TN,36.32571,-83.03149,3.259
61654,MAJOR MARKETS #276,US-51/SR-3,Ripley,TN,35.75265,-89.53498,3.799
61656,PHILLIPS 66,US-51,Union City,TN,36.42631,-89.06666,3.3823
61660,MARATHON,"I-40, EXIT 108",Wildersville,TN,35.76977,-88.43879,3.099
61684,WOODYS FOOD MART,"I-45 & SR-7, EXIT 164",Centerville,TX,31.27202,-95.92129,2.8457
61730,STRIPES 7FLEET #42430,"I-20, EXIT 131",Midland,TX,31.98964,-102.06261,3.569
61747,TEX-BEST #504,"I-35, EXIT 141",Von Ormy,TX,29.27498,-98.66774,3.1573
61751,ALLSUPS CONVENIENCE STORE #2264,SR-214,Seminole,TX,32.72104,-102.68276,3.094
61761,ALLSUPS CONVENIENCE STORE #2304,"I-40, EXIT 36 & US-385",Vega,TX,35.37321,-102.35657,2.999
61763,ALLSUPS CONVENIENCE STORE #2283,"I-20, EXIT 73",Wickett,TX,31.57,-103.00056,2.899
61787,DUCK THRU FOOD STORE #5,US-258,Franklin,VA,36.67862,-76.93911,3.499
61796,EXXON,US-220,Martinsville,VA,36.68707,-79.86914,3.375
61799,CIRCLE K #2723712,"I-77, EXIT 52 & US-52/SR-42",Bland,VA,37.13764,-81.02006,3.3757
61804,CARTERS ONE STOP,"I-95 & SR-301, EXIT 31 & SR-40",Stony Creek,VA,36.93613,-77.44428,2.959
61806,LANKFORD TRUCK PLAZA,US-13 & CR-646,Townsend,VA,37.18444,-75.95861,3.399
61819,CHEVRON,"I-5, EXIT 36",Longview,WA,46.15135,-122.96342,4.499
61830,APPLETON TRAVEL PLAZA,SR-96,Appleton,WI,44.27732,-88.39765,3.4057
61832,BARRON FARMERS UNION,"US-8, EXIT 53",Barron,WI,45.40053,-91.84996,3.639
61835,BRISTOL BP,"I-94, EXIT 345 & US-45",Bristol,WI,42.53252,-88.04778,3.719
61843,KWIK TRIP #332,SR-33,Horicon,WI,43.44686,-88.63105,3.2157
61849,KWIK TRIP #306,"I-94, EXIT 259 & SR-89",Lake Mills,WI,43.08158,-88.91334,3.4323
61862,KWIK TRIP #781,SR-21,Redgranite,WI,44.04381,-89.09812,3.3523
61867,KWIK TRIP #318,SR-27 & SR-16/SR-71,Sparta,WI,43.95405,-90.81457,3.3423
61877,CASEYS #3715,SR-59,Whitewater,WI,42.82717,-88.74286,3.299
61879,KWIK TRIP #347,SR-13,Wisconsin Rapids,WI,44.3758,-89.80623,3.3123
61880,KWIK TRIP #310,SR-13/SR-73,Wisconsin Rapids,WI,44.3758,-89.80623,3.2623
61968,FLYING J TRAVEL PLAZA #701,"I-35, EXIT 33",Ardmore,OK,34.17668,-97.13416,3.659
62008,LOVES TRAVEL STOP #366,"I-81, EXIT 90",Jonestown,PA,40.43607,-76.50384,3.8573
62075,FLYING J TRAVEL PLAZA #657,US-283/US-50/US-56 & US-400,Dodge City,KS,37.75688,-100.02407,3.799
62097,FLASH MARKET #17046,US-65/SR-9,Clinton,AR,35.60454,-92.47583,3.239
62211,STUBS GAS AND OIL,"I-76, EXIT 66",Wiggins,CO,40.20565,-104.05281,3.559
62238,Circle K #2726278,SR-207,Hastings,FL,29.70515,-81.49091,3.569
62283,Circle K #2745099,US-23 & US-341/SR-27,Hazlehurst,GA,31.86057,-82.59095,3.529
62316,BP,US-20,Delaware,IA,42.47771,-91.34718,3.299
62355,MINIT MART #600630,"I-39, EXIT 14",El Paso,IL,40.73895,-89.01195,3.599
62370,7-ELEVEN #34712,I-90 Exit 24,Belvidere,IL,42.25946,-88.85094,3.739
62399,Rebel Plus #882,"I-80, EXIT 101",Bristol,IN,41.71688,-85.82619,3.5757
62462,HAWESWAY TRUCKSTOP,US-60,Owensboro,KY,37.75126,-87.15539,3.599
62467,SUPER QUIK #9,"I-64, EXIT 181",Ashland,KY,38.44304,-82.70271,3.669
62480,CM GALLIANO,US-167,Cut Off,LA,29.52319,-90.3393,3.499
62487,Fred's Food Mart,US-61,Saint Francisville,LA,30.85866,-91.39227,3.799
62500,CASH MAGIC VINTON,"I-10, EXIT 4 & SR-109",Vinton,LA,30.20152,-93.57281,3.284
62547,MARATHON,SR-32W,Gaylord,MI,45.0275,-84.67472,3.799
62550,Sunoco,"I-275, EXIT 11",New Boston,MI,42.1449,-83.35886,3.399
62559,EXPRESS FOOD DEPOT,"I-94, EXIT 266",Smiths Creek,MI,42.92207,-82.57452,3.629
62560,ONE9 #23,"I-96, EXIT 67",Ionia,MI,42.98592,-85.07098,3.439
62701,PILOT TRAVEL CENTERS #408,"I-68, EXIT 22",Grantsville,MD,39.68444,-79.15166,4.259
62710,TOWN PUMP FOOD STORE #922,"I-90, EXIT 370 &SR-10",Big Timber,MT,45.82827,-109.96309,3.479
62753,PETRO SERVE USA,US-10,West Fargo,ND,46.86952,-96.895,3.029
62768,PUMP & PANTRY #34,US-20 & SR-27,Gordon,NE,42.80684,-102.20493,3.449
62774,MR MIKES MINI MART,SR-9,Northwood,NH,43.20696,-71.20042,3.599
62790,7-ELEVEN #40084,US-46/US-1/US-9,Palisades Park,NJ,40.84624,-73.99544,3.099
62800,A ONE TRUCK STOP,US-9,South Amboy,NJ,40.46473,-74.27863,3.499
62817,LOVES TRAVEL STOP #364,I-75 EXIT 33,Charleston,TN,35.25564,-84.76664,3.589
62824,FLYING J TRAVEL PLAZA #1005,"I-80, EXIT 48",Fernley,NV,39.60189,-119.23504,3.9157
62841,SPEEDWAY #9912,"I-81, EXIT 10",Mc Graw,NY,42.59476,-76.08196,4.309
62844,CIRCLE K #4707612,"I-81, EXIT 14",Tully,NY,42.80698,-76.13936,3.799
62850,GANSEVOORT MINI MART,"I-87, EXIT 17",Gansevoort,NY,43.18034,-73.70527,3.759
62887,SPEEDWAY #9367,"I-275, EXIT 42",Cincinnati,OH,39.09129,-84.27738,3.1257
62911,DAVIS TRAVEL CENTER #108,"I-85, EXIT 39",Warfield,VA,36.90112,-77.76732,3.099
62918,CIRCLE K #4705567,ST 91,Twinsburg,OH,41.32885,-81.45591,3.6323
62991,ONVO TRAVEL PLAZA,"I-84, EXIT 17",Lake Ariel,PA,41.43948,-75.43126,3.5857
62996,MARTIN GENERAL STORE,US-22,Alexandria,PA,40.5499,-78.10707,3.539
63013,TA WEST GREENWICH,"I-95, EXIT 5B",West Greenwich,RI,41.63998,-71.64355,3.7657
63018,CIRCLE K #2723354,"I-526, EXIT 18A & US-78",Charleston,SC,32.96222,-79.86533,3.299
63126,PWI #120,"I-10, EXIT 593",Schertz,TX,29.56816,-98.27221,2.9257
63193,Shell,US-29,Warrenton,VA,38.7063,-77.8159,3.2573
63211,OMAK MART,US-97 & SR-215,Omak,WA,48.41435,-119.52716,4.149
63246,Petro Stopping Center #368,"I-94, EXIT 333",Sturtevant,WI,42.69673,-87.90308,3.889
63313,MARION TRAVEL CENTER,I-55 EXIT 14,Marion,AR,35.2077,-90.19891,3.199
63330,CIRCLE K #2723678,SR-53,Rome,GA,34.25073,-85.1465,3.0623
63336,ROAD RANGER #118,"I-72 & I-55, EXIT 100-A",Springfield,IL,39.80004,-89.64953,3.299
63349,FLYING J TRAVEL PLAZA #662,"I-24, EXIT 86",Oak Grove,KY,36.66522,-87.42551,3.1523
63351,76 FUEL CENTER,"I-75, EXIT 76",Berea,KY,37.57994,-84.27492,2.999
63353,LOVES TRAVEL STOP #367,"I-74, EXIT 149",Le Roy,IL,40.34678,-88.75981,3.389
63376,Circle K #2746246,US-169 & SR-41,Shakopee,MN,44.7793,-93.51975,3.599
63379,Petro Stopping Center #460,"I-70, EXIT 28",Oak Grove,MO,38.99846,-94.13995,3.2123
63388,CIRCLE K #2723471,"I-95, EXIT 121",Wilson,NC,35.72702,-77.92273,3.199
63391,FLYING J TRAVEL PLAZA #687,"I-80, EXIT 179",North Platte,NE,41.1326,-100.77463,3.449
63409,FLYING J TRAVEL PLAZA #693,"I-90, EXIT 48A; PEMBROKE, NY",Corfu,NY,42.97773,-78.39291,3.889
63428,FLYING J TRAVEL PLAZA #702,"I-40, EXIT 264B",Checotah,OK,35.43579,-95.53504,3.699
63442,Flying J Travel Plaza #720,"I-40, EXIT 182",Fairview,TN,35.97553,-87.13206,3.1857
63455,FLYING J TRAVEL PLAZA #752,"I-81, EXIT 323",Clear Brook,VA,39.26546,-78.09879,3.659
63456,SHELL,"I-85, EXIT 61",Petersburg,VA,37.22,-77.43259,3.2007
63495,DECAUTER SHELL TRUCK STOP,"I-35, EXIT 369",Decatur,TX,33.23508,-97.57399,2.9157
63498,PILOT #6955,I-40/I-85 EXIT 150,Haw River,NC,36.05508,-79.33456,3.959
63500,SPEEDWAY #8723,"I-75, EXIT 144B",Bridgeport,MI,43.35531,-83.85491,3.249
63501,LOVES TRAVEL STOP #407,I-81 EXIT 52B OR I-76 EXIT 226,Carlisle,PA,40.20388,-77.19953,4.099
63502,FLYING J TRAVEL PLAZA #704,I-35 & 122ND ST,Edmond,OK,35.68,-97.53,3.3057
63506,KWIK TRIP #342,"I-39, EXIT 159",Stevens Point,WI,44.52122,-89.55876,3.559
63509,PILOT #4557,"I-85, EXIT 166",Carnesville,GA,34.39472,-83.27921,3.1723
63510,PILOT #4584,"I-95, EXIT 181",Latta,SC,34.33983,-79.4417,3.349
63511,PILOT #4576,"I-95, EXIT 82",Saint George,SC,33.18453,-80.57325,3.519
63512,SPEEDWAY #7929,"I-40, EXIT 208",Colfax,NC,36.10027,-80.01028,2.854
63516,SHEETZ #701,"I-81, EXIT 273",Mount Jackson,VA,38.76882,-78.67665,2.874
63517,TA LINCOLN TRAVEL CENTER,"I-20, EXIT 168 & SR-77",Lincoln,AL,33.60591,-86.11115,3.084
63519,PILOT TRAVEL CENTERS #243,"I-64, EXIT 45 & SR-25",Nitro,WV,38.41932,-81.82931,3.6257
63522,Pilot Travel Centers #411,"I-40, EXIT 238 & US-231",Lebanon,TN,36.20979,-86.30237,3.2457
63523,PILOT TRAVEL CENTER #441,"I-65, EXIT 334",Decatur,AL,34.5896,-86.98868,3.859
63524,PILOT TRAVEL CENTER #416,"I-75/SR-401, EXIT 101",Cordele,GA,31.96333,-83.7825,3.2857
63530,BIG EASY TRAVEL PLAZA,"I-10, EXIT 239-B",New Orleans,LA,29.96307,-90.16095,3.799
63532,FUELSMART,SR-165,Muskogee,OK,35.73066,-95.37549,3.2523
63533,FLYING J TRAVEL PLAZA #638,"I-84, EXIT 29",Caldwell,ID,43.66272,-116.70004,3.7873
63538,SUAMICO CITGO,"US-41/US-141, EXIT 176 & CR-B",Suamico,WI,44.63194,-88.03917,3.269
63540,GAS N GO,"I-75, EXIT 149",Byron,GA,32.64738,-83.76224,3.1723
63545,LOVES TRAVEL STOP #397,"I-85, EXIT 104",Blacksburg,SC,35.11505,-81.508,3.419
63546,CITGO QUIK MART,SR/15 & SR-68,Tennille,GA,32.9063,-82.84002,3.4657
63563,PILOT TRAVEL CENTERS #209,"I-10, EXIT 140",Van Horn,TX,31.04288,-104.83225,3.659
63564,PILOT TRAVEL CENTERS #213,"I-70, EXIT 94 (WILSON ROAD)",Columbus,OH,40.1444,-82.9789,3.509
63565,LOVES TRAVEL STOP #296,"I-8, EXIT 115 & SR-85",Gila Bend,AZ,32.93059,-112.74683,3.889
63566,PORT ALLEN TRUCKSTOP,"I-10, EXIT 151 & SR-415",Port Allen,LA,30.47198,-91.25409,3.259
63568,FLYING J TRAVEL PLAZA #658,"I-35, EXIT 127",Emporia,KS,38.4184,-96.18715,3.2523
63569,Flying J Dealer #893,"I-80, EXIT 40 (US-59)",Avoca,IA,41.47683,-95.35087,3.659
63570,PILOT TRAVEL CENTERS #287,"I-71, EXIT 204 & SR-83",Burbank,OH,40.96372,-81.99575,3.699
63571,Palace Truckstop,"I-10, EXIT 246 & I-510, EXIT 2C",New Orleans,LA,29.96307,-90.16095,3.299
63572,PILOT TRAVEL CENTER #211,"I-40, EXIT 9 & SR-95",Lake Havasu City,AZ,34.49288,-114.30808,3.849
63574,PILOT TRAVEL CENTERS #232,"I-84, EXIT 376A",Ontario,OR,44.04156,-116.97827,3.699
63575,OKEMAH TRAVEL CENTER,"I-40, EXIT 221 (ST 27)",Okemah,OK,35.44752,-96.30679,2.879
63577,PILOT TRAVEL CENTERS #236,"I-80, EXIT 122",Minooka,IL,41.46152,-88.2786,3.799
63579,301 PLAZA,US-301 & SR-299,Middletown,DE,39.48154,-75.68318,3.239
63580,FLYING J TRAVEL PLAZA #637,"I-380, EXIT 68",Evansdale,IA,42.47545,-92.28116,3.779
63581,CASEYS #4453,"I-75, EXIT 120",Lexington,KY,38.01739,-84.48542,3.224
63582,T BONE TRUCK STOP,US-30,Columbus,NE,41.43722,-97.35647,3.099
63583,CUBBYS #110,"I-80, EXIT 353",Columbus,NE,41.43722,-97.35647,3.179
63584,PILOT TRAVEL CENTER #417,"I-20, EXIT 19",Temple,GA,33.76769,-85.01332,3.389
63586,LOVES TRAVEL STOP #295,US-412 & US-69,Chouteau,OK,36.16692,-95.34157,3.2907
63587,24/7 TRAVEL PLAZA,"I-135, EXIT 92",Salina,KS,38.8238,-97.60879,2.974
63588,KWIK TRIP #686,"I-94, EXIT 333/US-41 & SR-20",Sturtevant,WI,42.69673,-87.90308,3.769
63594,PILOT TRAVEL CENTERS #49,"I-24, EXIT 89",Oak Grove,KY,36.66522,-87.42551,3.1523
63595,SPEEDWAY #5236,"I-75, EXIT 122",Lima,OH,40.76407,-84.0973,3.2557
63596,PILOT TRAVEL CENTERS #442,"I-55, EXIT 19",Hayti,MO,36.23947,-89.75161,3.2557
63597,PILOT TRAVEL CENTERS #163,"I-10, EXIT 24",Lordsburg,NM,32.31403,-108.75466,3.439
63598,PILOT TRAVEL CENTERS #164,"I-90/I-94, EXIT 69 & SR-82",Mauston,WI,43.79338,-90.06409,3.299
63599,PWI #978,"I-215, EXIT 21",Salt Lake City,UT,40.75585,-111.89666,3.359
63600,PILOT TRAVEL CENTERS #77,"I-55 /I-20, EXIT 45",Jackson,MS,32.2935,-90.18666,3.149
63601,PILOT TRAVEL CENTERS #206,"I-20, EXIT 406",Weatherford,TX,32.8435,-97.7047,3.209
63602,LOVES TRAVEL STOP #285,I-40 EXIT 277,Santa Rosa,NM,34.93328,-104.68215,3.474
63603,LOVES TRAVEL STOP #290,US-59/US-69/S LOOP 287 & FM-841,Lufkin,TX,31.336,-94.73418,3.649
63604,7-ELEVEN #40363,US-17/SR-15 & SR-100,Palatka,FL,29.65775,-81.65945,3.364
63605,FLYING J TRAVEL PLAZA #663,"I-64, EXIT 43 & SR-395",Waddy,KY,38.10545,-85.12883,3.759
63606,FLYING J TRAVEL PLAZA #652,"I-65/US-52, EXIT 139 & SR-39",Lebanon,IN,40.04489,-86.46407,3.6407
63607,ROAD RANGER #209,"I-90/94, EXIT 48",Oakdale,WI,43.95972,-90.38167,3.234
63608,ROAD RANGER #206,US-20,Winnebago,IL,42.27272,-89.23732,3.219
63609,ROAD RANGER #203,US-20 & SR-2,Rockford,IL,42.29223,-89.11612,3.219
63612,FLYING J TRAVEL PLAZA #622,"I-95/SR-9, EXIT 131 & SR-68 & SR-713",Fort Pierce,FL,27.43823,-80.44396,3.499
63613,FLYING J TRAVEL PLAZA #690,"I-10/US-70, EXIT 24",Lordsburg,NM,32.31403,-108.75466,3.439
63614,PILOT TRAVEL CENTERS #446,"I-69, EXIT 234",Daleville,IN,40.12574,-85.51102,3.514
63615,One9 #1413,"I-81, EXIT 101",Dublin,VA,37.09888,-80.6697,3.2423
63616,SPEEDWAY #8876,"US-23, EXIT 50",Whitmore Lake,MI,42.4289,-83.78282,3.499
63619,PILOT TRAVEL CENTERS #428,"I-20, EXIT 112",West Monroe,LA,32.53173,-92.17597,3.2057
63620,LOVES TRAVEL STOP #420,"I-20, EXIT 47",Flowood,MS,32.3165,-90.1105,3.149
63621,FUEL CITY FRIENDLYS,"I-35E, EXIT 435",Dallas,TX,32.99685,-96.79211,2.9657
63623,PILOT TRAVEL CENTERS #90,"I-95/SR-9, EXIT 129 & SR-91, EXIT 152 & SR-70",Fort Pierce,FL,27.43823,-80.44396,3.459
63624,FROG CITY TRAVEL PLAZA,"I-10, EXIT 87",Rayne,LA,30.20451,-92.24859,3.3657
63625,FLYING J TRAVEL PLAZA #688,"I-295, DEEP WATER STREET",Penns Grove,NJ,39.71794,-75.46562,3.989
63627,PILOT TRAVEL CENTERS #174,I-78 & SR-15,New Albany,MS,34.48505,-89.00306,3.859
63628,PILOT TRAVEL CENTER #75,"I-65, EXIT 19 & US-43/SR-13",Satsuma,AL,30.85163,-88.05331,3.195
63629,SPEEDWAY #4523,"I-94, EXIT 88",Osseo,WI,44.55992,-91.21915,3.5457
63630,TA DENVER EAST TRAVEL CENTER,"I-70 & I-270, EXIT 278",Commerce City,CO,39.82588,-104.91135,3.3757
63635,SAPP BROS TRAVEL CENTER,"I-70, EXIT 295",Junction City,KS,39.02991,-96.83955,3.709
63636,PILOT TRAVEL CENTER #279,"I-19, EXIT 12 & SR-289",Rio Rico,AZ,31.4851,-110.9898,3.614
63637,PILOT TRAVEL CENTERS #454,"I-70, EXIT 79",London,OH,39.90007,-83.4439,3.509
63639,PILOT TRAVEL CENTERS #444,"I-70, EXIT 23",Brazil,IN,39.52104,-87.12777,3.939
63640,SUPER EXPRESS STOP,"I-64, EXIT 113",Mount Sterling,KY,38.05482,-83.93877,3.859
63641,FLYING J TRAVEL PLAZA #625,"I-4/SR-400, EXIT 10 & SR-579",Seffner,FL,27.98333,-82.27583,3.4423
63642,COLTS QUICK DRAW,"I-40, EXIT 125 & US-65/SR-25",Greenbrier,AR,35.22955,-92.35779,3.3073
63648,CIRCLE K #2723333,"I-75, EXIT 216",Mcdonough,GA,33.45056,-84.15833,3.209
63649,ONE TRIP,US-84,Homerville,GA,31.04499,-82.7431,3.4423
63651,CIRCLE K #2723346,US-29/S8,Athens,GA,33.9761,-83.36317,3.399
63652,CASEYS #3292,"I-380, EXIT 43 & US-20",Independence,IA,42.46744,-91.88034,3.599
63653,FLYING J TRAVEL PLAZA #760,US-30 & SR-232,Cokeville,WY,42.05798,-110.91642,3.899
63661,FLYING J TRAVEL PLAZA #677,"US-78, EXIT 6",Olive Branch,MS,34.94414,-89.85443,3.2857
63662,PILOT TRAVEL CENTERS #267,"I-75, EXIT 146",Byron,GA,32.64738,-83.76224,3.3657
63667,CIRCLE K #2723875,SR-41/SR-45,Jamestown,SC,33.2288,-79.71555,2.974
63668,PILOT #4579,"I-26, EXIT 139",Saint Matthews,SC,33.69421,-80.85629,3.509
63669,One9 #1248,"I-45, EXIT 271",Wilmer,TX,32.59813,-96.68376,2.7557
63671,WESTERN TRAVEL TERMINAL,US-26 & US-85,Torrington,WY,42.06238,-104.19166,3.399
63676,CORNER EXPRESS,ST 55,Wellston,MI,44.21327,-85.95548,3.499
63680,ALLTOWN MARKETS-FLYING J #896,I-93 EXIT 11 & SR 3A,Bow,NH,43.13879,-71.54481,4.099
63685,RIVER HEIGHTS GROCERY,US-64/SR-69/SR-15,Crump,TN,35.22164,-88.33564,3.099
63690,LOVES TRAVEL STOP #277,"I-30, EXIT 46",Prescott,AR,33.80403,-93.37254,3.4757
63691,JIMMIES AUTO TRUCK PLAZA,"I-10, EXIT 262",Lee,FL,30.39786,-83.28439,3.8473
63694,PILOT TRAVEL CENTERS #261,"I-55, EXIT 186",Winona,MS,33.48575,-89.72765,3.499
63695,FLYING J TRAVEL PLAZA #634,"I-20/SR-402, EXIT 19 & SR-113",Temple,GA,33.76769,-85.01332,3.419
63697,MILLER MART #40,"I-64, EXIT 255B",Newport News,VA,37.05795,-76.46072,3.3057
63699,DEWITT TRAVEL MART,"US-30, EXIT 313",De Witt,IA,41.82673,-90.52374,3.599
63700,WIXOM FUEL STOP,"I-96, EXIT 159",Wixom,MI,42.53404,-83.52849,3.999
63701,FLYING J TRAVEL PLAZA #742,"I-80, EXIT 98/99",Tooele,UT,40.54545,-112.30021,3.759
63702,QUICK FUEL #2501,"I-264, EXIT 14",Louisville,KY,38.2435,-85.7639,3.0823
63703,QUICK FUEL #2303,"I-71, EXIT 104/FRANK RD EXIT",Columbus,OH,40.1444,-82.9789,3.5657
63704,QUICK FUEL #2301,"I-275, EXIT 44",Cincinnati,OH,39.09129,-84.27738,3.239
63706,QUICK FUEL #1003,"I-41/US-45, EXIT 45 & CR-EE",Milwaukee,WI,43.0343,-87.9151,3.4257
63715,FLYING J TRAVEL PLAZA #772,"I-215, EXIT 28",North Salt Lake,UT,40.84406,-111.90412,3.7323
63716,EXPRESS LANE #34,"I-39, EXIT 115",Rockford,IL,42.29223,-89.11612,3.549
63718,ROAD RANGER #210,"I-39/US-51, EXIT 99 & SR-38",Rochelle,IL,41.92816,-89.07103,3.699
63720,FLYING J TRAVEL PLAZA #611,"I-10, EXIT 137",Phoenix,AZ,33.451,-112.0685,3.589
63721,ROAD RUNNER TRAVEL CENTER,I-69E/US-77 & CR-892,Robstown,TX,27.79839,-97.69952,3.349
63722,LOVES TRAVEL STOP #240,"I-10, EXIT 151 & SR-415",Port Allen,LA,30.47198,-91.25409,3.2323
63724,LOVES TRAVEL STOP #244,"I-40, EXIT 87 & US-70/US-412",Jackson,TN,35.61022,-88.81401,3.4973
63725,TA CARTERSVILLE TRAVEL CENTER,"I-75, EXIT 296",Cartersville,GA,34.18697,-84.8204,3.599
63726,FLYING J TRAVEL PLAZA #706,"I-44 & I-244, EXIT 236",Tulsa,OK,36.05566,-96.06023,3.3657
63727,LOVES TRAVEL STOP #403,"I-81, EXIT 3",Binghamton,NY,42.14631,-75.88652,3.679
63728,PILOT TRAVEL CENTER #43,"I-80, EXIT 284",Walcott,IA,41.64531,-90.7256,3.859
63729,PILOT TRAVEL CENTERS #147,"I-80, EXIT 410",West Wendover,NV,40.735,-114.07528,3.709
63730,PILOT TRAVEL CENTERS #309,"I-77, EXIT 25",Caldwell,OH,39.74665,-81.51528,3.6523
63731,LOVES TRAVEL STOP #243,"I-10, EXIT 43 & SR-383",Iowa,LA,30.22194,-93.02586,3.5873
63732,LOVES TRAVEL STOP #265,"I-10, EXIT 200",Eloy,AZ,32.75093,-111.58328,3.434
63734,CIRCLE K #2723472,US-70 & SR-58,Kinston,NC,35.27833,-77.58597,3.319
63736,PLATEAU TRUCK AND AUTO CENTER,"I-10, EXIT 159",Van Horn,TX,31.04288,-104.83225,3.099
63737,I 10 DUSON TRUCK STOP,"I-10, AUSTRIA ROAD",Duson,LA,30.19122,-92.15246,3.4107
63738,U STOP 33,US-77,Beatrice,NE,40.27051,-96.74349,3.399
63740,CIRCLE K #2723478,US-29,Blairs,VA,36.66741,-79.37887,3.439
63741,SHELL,"I-295, EXIT 15",Chester,VA,37.34293,-77.41557,3.2023
63743,PILOT TRAVEL CENTERS #370,"I-81, EXIT 175",Pittston,PA,41.3175,-75.78849,4.1757
63744,PILOT TRAVEL CENTERS #439,"I-24, EXIT 86",Oak Grove,KY,36.66522,-87.42551,3.1523
63745,PILOT TRAVEL CENTER #447,"I-64, EXIT 25",Haubstadt,IN,38.18954,-87.57983,3.959
63746,PILOT TRAVEL CENTERS #453,"I-85, EXIT 90",Gaffney,SC,35.06151,-81.64906,3.429
63747,PILOT TRAVEL CENTERS #440,"I-71, EXIT 28",Pendleton,KY,38.48092,-85.31702,3.759
63751,PETRO STOPPING CENTER #328,"I-20 & I-55, EXIT 45",Jackson,MS,32.2935,-90.18666,3.109
63752,MR FUEL #732,"I-80, EXIT 226",Girard,OH,41.16114,-80.6933,3.239
63753,PILOT TRAVEL CENTER #4558,"I-75, EXIT 318",Calhoun,GA,34.49646,-84.93454,3.2857
63754,U SAVE TRAVEL PLAZA,US-19 & SR-129,Mount Nebo,WV,38.19706,-80.8202,3.599
63755,PILOT TRAVEL CENTERS #196,"I-40, EXIT 325 & US-64",Roland,OK,35.45381,-94.52908,3.739
63756,PILOT TRAVEL CENTERS #144,"I-20, EXIT 200",Augusta,GA,33.51169,-82.0995,3.859
63759,BUFFALO RANCH,US/69/US-60 & US-59,Afton,OK,36.63007,-94.90749,3.099
63760,CASH MAGIC CITGO HOUMA,I-57,Houma,LA,29.59433,-90.75481,3.5657
63761,7Fleet #46589,"I-94/US-52, EXIT 205 & SR-241",Saint Michael,MN,45.20641,-93.65925,3.309
63762,MINIT MART #600643,"I-57, EXIT 322",Manteno,IL,41.25144,-87.84676,3.249
63763,Flying J Travel Plaza #644,"I-80, EXIT 77 & SR-351",La Salle,IL,41.34422,-89.09547,3.299
63764,LOVES TRAVEL STOP #288,"I-45, EXIT 198 & US-84",Fairfield,TX,31.73614,-96.15718,3.429
63766,PILOT TRAVEL CENTERS #26,"US-23, EXIT 5 & US-223",Ottawa Lake,MI,41.76828,-83.68556,3.579
63767,HOP-IN FOOD STORES,I-27 & FM-1729,New Deal,TX,33.73722,-101.83611,2.9257
63768,PILOT TRAVEL CENTERS #443,"I-70, EXIT 49",Higginsville,MO,39.0705,-93.71327,3.2357
63770,FLYING J TRAVEL PLAZA #694,"I-90, EXIT 223",Austinburg,OH,41.75536,-80.85842,3.859
63771,FLYING J FUEL STOP #572,"I-35, EXIT 144",Williams,IA,42.46138,-93.56774,3.699
63773,QUIKTRIP #179,ST 152,Liberty,MO,39.24192,-94.43366,2.999
63774,PILOT TRAVEL CENTERS #150,"I-70, EXIT 24 &SR-63",Hagerstown,MD,39.63202,-77.73722,3.959
63775,FLYING J #646,"I-90/39, EXIT 1 & US-51 & SR-75",South Beloit,IL,42.48367,-89.02979,3.799
63776,KWIK TRIP #334,US-169/SR-60,Mankato,MN,44.15381,-93.99604,3.549
63777,KWIK TRIP #403,"I-35, EXIT 45",Owatonna,MN,44.08048,-93.21914,3.499
63778,KWIK TRIP #662,SR-55/SR-149,Saint Paul,MN,44.90269,-93.09643,3.629
63781,Pilot Travel Centers #8,US-23 & PITTSBURG RD,Circleville,OH,39.59884,-82.92997,3.799
63782,FUEL EXPRESSO #11,"I-35, EXIT 155",Lebo,KS,38.41609,-95.82217,3.1723
63787,LOVES TRAVEL STOP #402,"I-10, EXIT 44",Biloxi,MS,30.40348,-88.89714,3.449
63789,PILOT TRAVEL CENTERS #448,"I-65, EXIT 240",Hebron,IN,41.31554,-87.20879,3.354
63790,PILOT TRAVEL CENTERS #412,"I-81, EXIT 4",White Pine,TN,36.0903,-83.28792,3.699
63791,PILOT TRAVEL CENTERS #432,"I-35, EXIT 328",Waco,TX,31.55245,-97.13961,3.2207
63792,PILOT TRAVEL CENTERS #424,"I-75, EXIT 358",Ocala,FL,29.1981,-82.0974,3.359
63793,HUTCH'S #113,US-183 & US-270/SR-15,Woodward,OK,36.42678,-99.40202,2.999
63794,PILOT TRAVEL CENTERS #157,"I-30, EXIT 122",Sulphur Springs,TX,33.13454,-95.59216,3.309
63795,LOVES COUNTRY STORE #022,US-412,Clayton,NM,36.44138,-103.18882,3.414
63796,PETRO STOPPING CENTER #329,"I-40/I-85, EXIT 157",Mebane,NC,36.09786,-79.2719,3.999
63798,PETRO GLADE SPRING #372,"I-81, EXIT 29",Glade Spring,VA,36.7779,-81.76764,3.5873
63799,LOVES TRAVEL STOP #204,US-69 BUS & US-69,Eufaula,OK,35.29114,-95.64723,3.689
63800,PILOT TRAVEL CENTER #255,"I-95, EXIT 40",Milford,CT,41.21747,-73.05495,4.299
63801,PILOT #1126,"I-435, EXIT 55 & SR-210",Kansas City,MO,39.16319,-94.56988,3.3823
63802,CARTERS TRAVEL CENTER,"I-40, EXIT 201N",Flagstaff,AZ,35.18591,-111.66198,3.689
63803,KOUNTRY XPRESS,"I-40, EXIT 20",Mulberry,AR,35.51725,-93.98851,3.2723
63805,TEX-BEST #519,US-281 & US-281 BUS & CR-1930,Alice,TX,27.74317,-98.08362,2.899
63812,PETRO STOPPING CENTER #330,"I-65, EXIT 86",Glendale,KY,37.6034,-85.8921,3.599
63813,TA SAN ANTONIO TRAVELCENTER,"I-10 & FOSTER RD, EXIT 583",San Antonio,TX,29.46852,-98.52635,3.2073
63828,CIRCLE K #2723654,US-431,Boaz,AL,34.17389,-86.12111,3.519
63829,CALERA CHEVRON,SR-25,Calera,AL,33.1098,-86.75599,3.199
63836,Double Bees #109,"I-40, EXIT 183",Carlisle,AR,34.79329,-91.74593,3.139
63841,MAGNOLIA TRAVEL CENTER,US-82 & US-371,Magnolia,AR,33.26468,-93.23915,3.599
63846,71 EXPRESS,US-71,Mansfield,AR,35.0432,-94.22036,3.3323
63848,CIRCLE K #2706345,"I-30, EXIT 2",Texarkana,AR,33.44167,-94.0375,3.479
63850,PILOT TRAVEL CENTER #180,"I-40, EXIT 185",Bellemont,AZ,35.23806,-111.83278,3.609
63854,E-Z MART #4437,US-71,Boles,AR,34.76536,-94.06286,3.299
63855,LOVES TRAVEL STOP #460,"I-10, EXIT 302",Benson,AZ,31.98826,-110.29411,3.279
63856,PILOT TRAVEL CENTER #1175,"I-17, EXIT 262 & SR-69",Mayer,AZ,34.36554,-112.12955,3.6915
63870,CIRCLE K #2744074,"I-270/US-36, EXIT 4",Commerce City,CO,39.82588,-104.91135,3.4557
63871,Alta Convenience Store #6317,"I-70, EXIT 19",Fruita,CO,39.16366,-108.72176,3.399
63876,Mobil,"FL TURNPIKE, EXIT 244",Kissimmee,FL,28.30506,-81.42421,3.449
63887,QUIKTRIP #757,"I-79/SR-401, EXIT 306 & SR-140",Adairsville,GA,34.35953,-84.91763,2.8873
63893,QUICK FUEL #2204,"I-285, EXIT 58/SR-407 & I-75, EXIT 237/SR-401",Atlanta,GA,33.74979,-84.31685,3.2757
63894,CIRCLE K #2723653,"I-75, EXIT 124",Cartersville,GA,34.18697,-84.8204,3.224
63895,KWIK SERV #17,"I-75, EXIT 136",Chatsworth,GA,34.75893,-84.79429,3.499
63904,SUNOCO,"I-95, EXIT 19",Savannah,GA,32.06763,-81.10239,3.6323
63907,QUIKTRIP #737,"I-85, EXIT 137",Jefferson,GA,34.1062,-83.57081,3.119
63909,GAS2GO,"I-95, EXIT 6",Kingsland,GA,30.79768,-81.70748,3.109
63910,OGMULGEE CHEVRON #419,"I-16, EXIT 6",Macon,GA,32.84386,-83.59869,3.399
63912,PILOT #4562,"I-95, EXIT 1",Kingsland,GA,30.79768,-81.70748,3.559
63914,CIRCLE M #12,US-23/SR-365 & SR-52,Lula,GA,34.39851,-83.69446,3.539
63915,HIGHWAY 80 CHEVRON,"I-185, EXIT 7",Midland,GA,32.56159,-84.85585,3.399
63922,THOMASVILLE TRAVEL CENTER,US-84 & SR-3,Thomasville,GA,30.8665,-83.9233,3.1807
63925,PILOT TRAVEL CENTER #4561,"I-75, EXIT 11",Valdosta,GA,30.81058,-83.27717,3.2857
63931,LOVES TRAVEL STOP #371,"I-95, EXIT 190",Dillon,SC,34.41455,-79.37702,3.3307
63937,CUBBYS #305,"I-29, EXIT 10 & SR-2",Percival,IA,40.74015,-95.80931,3.694
63938,CUBBYS #301,US-34 & SR-48,Red Oak,IA,41.00795,-95.22692,3.399
63942,Discount Zone,"I-10, EXIT CLEARVIEW",New Orleans,LA,29.96307,-90.16095,3.279
63946,MINIT MART #600644,"I-80, EXIT 134",Joliet,IL,41.52715,-88.08241,3.599
63955,ROAD RANGER #266,"I-72, EXIT 82 & CR-10",New Berlin,IL,39.73605,-89.90572,3.439
63957,SUNMART FOOD STORE,SR-37,Bloomington,IN,39.14006,-86.50826,3.499
63959,SPEEDWAY #1429,SR-59 & SR-56,Warrenville,IL,41.82805,-88.19213,3.499
63960,BUTLER ONE STOP,"I-69, EXIT 329",Butler,IN,41.42873,-84.87872,3.519
63962,7-ELEVEN #40505,"I-80, EXIT 90",Elkhart,IN,41.71008,-85.97295,4.1157
63964,LOVES TRAVEL STOP #242,"I-35 & FISHER RD, EXIT 144",Von Ormy,TX,29.27498,-98.66774,3.167
63965,GOOD TO GO #11,"I-65, EXIT 158",Frankfort,IN,40.2884,-86.51139,3.549
63966,PHILS ONE STOP,"I-69, EXIT 309B",Fort Wayne,IN,41.0716,-85.1367,3.6757
63972,7-ELEVEN #40506,"I-80/I-90, MM 125 WB",Howe,IN,41.72859,-85.47275,3.899
63977,CAREFREE FOOD MART,"I-64, EXIT 92",Leavenworth,IN,38.19424,-86.35986,3.499
63978,Gallops,"I-80, EXIT 107",Middlebury,IN,41.67542,-85.71144,3.549
63979,Jaks Oil,US-90,Broussard,LA,30.12189,-91.95017,3.049
63988,Petes #47,US-400/SR-47,Fredonia,KS,37.52562,-95.8229,3.299
63990,TREX MART #4,"I-229/US-59, EXIT 4B & US-36",Wathena,KS,39.7625,-94.92546,2.999
63992,SANDRAS QUICK STOP,US-169 & US-59,Garnett,KS,38.28591,-95.25937,3.319
63994,U STOP #38,I-70 EXIT 298,Junction City,KS,39.02991,-96.83955,3.3557
63997,LEON GROCERY,US-400,Leon,KS,37.68127,-96.75263,3.399
64001,PETES #53,US-400 & SR-99 & CR-939,Severy,KS,37.64985,-96.22978,3.249
64002,SPEEDWAY #9567,"I-65, EXIT 105",Lebanon Junction,KY,37.85105,-85.72464,3.1657
64003,HUCKS Food & Fuel #305,SR-9001 & WKY PKWY SERVICE AREA,Beaver Dam,KY,37.38696,-86.87293,3.599
64016,SHELL,US-231 & SR-1468,Morgantown,KY,37.19102,-86.70373,3.799
64020,LEEBOS # 9,"I-49, EXIT 90",Alexandria,LA,31.28852,-92.46335,3.2157
64021,CM AMITE,SR-16,Amite,LA,30.71821,-90.57049,3.399
64028,DELCAMBRE FUEL DEPOT,SR-14 & SR-89,Delcambre,LA,29.94741,-91.98894,2.999
64029,SUNSHINE SUPER STOP TRUCKS,"I-10, EXIT 182",Convent,LA,30.05525,-90.86499,3.399
64030,STATE OIL,SR-23,Belle Chasse,LA,29.83451,-90.00418,3.4323
64034,BOONES CHEVRON,SR-317,Franklin,LA,29.78566,-91.50264,3.899
64036,CM PROSPECT STATION,SR-3087 & SR-660,Houma,LA,29.59433,-90.75481,3.599
64040,PILOT #1051,"I-10, EXIT 43 & SR-383",Iowa,LA,30.22194,-93.02586,3.599
64042,LA PLACE TRAVEL CENTER,"I-10, EXIT 209 & I-55, EXIT 1",La Place,LA,30.07772,-90.48954,3.259
64043,COUNTRY AUTO TRUCK STOP,"I-49, EXIT 177 & SR-509",Mansfield,LA,32.02386,-93.69804,3.259
64044,DISCOUNT ZONE,"I-510, EXIT 240",New Orleans,LA,29.96307,-90.16095,3.149
64045,SILVERS TRAVEL PLAZA - Port Allen,US-190/SR-1,Port Allen,LA,30.47198,-91.25409,3.3323
64047,LUCKY LOUIES TRUCK STOP,US-190,Port Allen,LA,30.47198,-91.25409,3.0657
64048,Pilot #1439,"I-10, Exit 151",Port Allen,LA,30.47198,-91.25409,3.2157
64049,Cash Magic CITGO LAROSE,SR-308,Larose,LA,29.57222,-90.38167,3.399
64050,WESTWOOD TRUCK PLAZA,US-90 BUS,Marrero,LA,29.85976,-90.11046,3.279
64058,DELTA TOWN TRUCK STOP,"I-10, EXIT 4",Vinton,LA,30.20152,-93.57281,2.799
64059,CM SPRINGHILL,"I-20, EXIT 44",Springhill,LA,33.00054,-93.45956,3.399
64060,CM VIVIAN,SR-1 & SR-2,Vivian,LA,32.86684,-93.98731,3.2657
64062,XTRA MART #10098,SR-146A,Uxbridge,MA,42.07443,-71.63287,3.649
64063,Mobil,US-20 & SR-56,North Oxford,MA,42.16549,-71.88595,3.5823
64069,301 BP,US-301/SR-5,Brandywine,MD,38.6922,-76.83203,3.259
64072,EZ MART #110,US-127 & US-127 BUS/SR-46,Alma,MI,43.38088,-84.66348,3.649
64082,SPEEDWAY #8797,SR-13,Lennon,MI,42.96932,-83.92791,3.379
64083,BIG DADDYS TRUCKSTOP,US-223 & US-23,Ottawa Lake,MI,41.76828,-83.68556,3.499
64084,RPF OIL #92 PARMA TRAVEL CENTER,"I-94, EXIT 128",Parma,MI,42.27388,-84.59989,3.499
64085,MADCO TRUCK PLAZA,"I-94, EXIT 200",Romulus,MI,42.2203,-83.35829,3.399
64087,SAHARA PETRO,"I-696, EXIT 22",Warren,MI,42.5159,-82.9824,3.699
64091,Circle K 2746398,US-10 & SR-27,Little Falls,MN,45.98108,-94.36043,3.399
64092,ONE9 #4555,"I-20/I-59, EXIT 77",Cottondale,AL,33.17667,-87.38705,2.9323
64097,KWIK TRIP #937,US-12,Willmar,MN,45.13926,-95.05231,3.3407
64098,BLUE LINE TRAVEL CENTER,"I-90, EXIT 45",Worthington,MN,43.62863,-95.60591,3.1657
64101,D DIAMOND TRAVEL PLAZA,"I-44, EXIT 82",Fair Grove,MO,37.37214,-93.14282,3.1323
64106,RAPID ROBERTS #122,SR-43,Joplin,MO,37.09686,-94.50514,2.899
64112,RAPID ROBERTS #123,"I-44, EXIT 80",Springfield,MO,37.2152,-93.295,2.899
64116,GRAND LEDGE,"I-96, EXIT 86",Grand Ledge,MI,42.75292,-84.73731,3.789
64120,HOLIDAY STATIONSTORE #2746185,US-2,Wakefield,MI,46.47518,-89.94245,3.139
64122,FLYING J TRAVEL PLAZA #691,"I-40, EXIT 333",Tucumcari,NM,35.168,-103.71793,3.899
64124,Shell,"I-94 & I-75, EXIT 171",Saint Cloud,MN,45.55211,-94.12845,3.3623
64126,CASEYS #3471,US-2 & CR-87,Cohasset,MN,47.26911,-93.63915,3.449
64132,45 TRUCKSTOP,US-45,Corinth,MS,34.93236,-88.54388,3.089
64139,4 MILE TRUCKSTOP,US-98 & HOLT RD,Lucedale,MS,30.86672,-88.59339,3.399
64153,SPEEDWAY #6972,US-70,Durham,NC,35.99672,-78.89661,3.799
64155,SPEEDWAY #8228,"I-85, EXIT 191 & SR-56",Creedmoor,NC,36.11243,-78.64759,3.999
64156,SPEEDWAY #6985,"I-40, EXIT 312 & SR-42",Garner,NC,35.68125,-78.59753,3.499
64163,FILL GOOD BP #15,US-74,Monroe,NC,35.01778,-80.53723,3.399
64167,NORTH LONDONDERRY SUNOCO,"I-93, EXIT 5",Londonderry,NH,42.86556,-71.37719,3.939
64170,LUCKY 7,"I-95, EXIT 61",Wade,NC,35.16056,-78.72493,2.999
64171,CIRCLE K #2723130,"I-40, EXIT 364",Warsaw,NC,34.99818,-78.08674,2.8757
64172,CUBBYS #108,"I-80, EXIT 420 & SR-63",Greenwood,NE,40.97064,-96.42584,3.399
64173,SAPP BROS TRAVEL CENTER,"I-80, EXIT 405",Lincoln,NE,40.8169,-96.7103,3.3657
64181,SUNOCO- JOYCE KILMER PLAZA #7012,"NJTP,EXIT 8A",East Brunswick,NJ,40.4284,-74.40638,3.899
64182,SUNOCO- VINCE LOMBARDI SERVICE AREA #7017,"NJ TURNPIKE, EXIT 18",Ridgefield,NJ,40.83257,-74.00153,3.899
64183,SUNOCO- THOMAS EDISON PLAZA #7013,"NJTP, EXIT 11",Woodbridge,NJ,40.55597,-74.28454,3.899
64187,SPEEDWAY #9117,"I-25, EXIT 339",Las Vegas,NM,35.59486,-105.22716,3.1857
64189,CIRCLE K #2708931,"I-10, EXIT 155",Tucumcari,NM,35.168,-103.71793,3.259
64195,DANDY MINI MART #14,"I-86, EXIT 62",Nichols,NY,42.03196,-76.36104,3.439
64201,POCO SHOP #2,"I-95, EXIT 31",Saint Pauls,NC,34.80096,-78.97308,3.799
64206,SUNOCO WOODROW WILSON PLAZA #7010,"NJTP, EXIT 7",Trenton,NJ,40.2169,-74.7433,3.899
64210,FUEL 1,"I-287, EXIT 4",South Plainfield,NJ,40.58388,-74.41469,4.799
64211,PILOT #490/WESTERN PETROLEUM,US-180,Carlsbad,NM,32.41187,-104.23954,3.729
64215,STRIPES 7FLEET #42588,US-380 & SR-206,Tatum,NM,33.26002,-103.314,3.6623
64216,DANDY MINI MART #31,SR-13 & SR-224,Cayuta,NY,42.27745,-76.69737,4.399
64218,PILOT TRAVEL CENTERS #494,"I-88, EXIT 25",Schenectady,NY,42.8155,-73.9395,3.999
64221,BELL STORES #49,"I-76E, EXIT 25B",Akron,OH,41.04485,-81.52005,3.499
64223,7-ELEVEN #40295,"I-80, EXIT 170",Broadview Heights,OH,41.32907,-81.68088,3.5273
64224,7-ELEVEN #40296,SR-176,Broadview Heights,OH,41.32907,-81.68088,3.5323
64227,GO MART FOOD STORE #116,US-50 & SR-7,Coolville,OH,39.21413,-81.83287,3.3573
64229,SPEEDWAY #9385,"I-70, EXIT 129",Hebron,OH,39.95346,-82.49187,3.369
64230,Certified Oil #400423,I-70 EXIT 126,Hebron,OH,39.95346,-82.49187,3.3957
64231,7-ELEVEN #40293,"OHIO TURNPIKE EB MILEPOST 139/I-80, EXIT 139",Amherst,OH,41.39051,-82.22817,3.5323
64233,74 FUEL STOP,"I-74, EXIT 3",Harrison,OH,39.25921,-84.78368,3.859
64235,PENNZMART FUEL EXPRESS,ST 100,Tiffin,OH,41.12382,-83.18436,3.4315
64236,KFC TRAVELMART,SR-199,Upper Sandusky,OH,40.82488,-83.29771,3.249
64243,Caseys #4519,US-62,Altus,OK,34.64841,-99.32048,3.0057
64244,CHOCTAW NATION DURANT WEST #632,US-69/US-75,Calera,OK,33.92887,-96.41021,3.089
64256,CHEROKEE TRAVEL PLAZA,"I-40, EXIT 325",Roland,OK,35.45381,-94.52908,3.799
64261,Phillips 66,US-75/SR-56,Okmulgee,OK,35.6288,-95.96967,2.989
64264,CASEYS #4594,US-81 & US-70,Waurika,OK,34.17447,-97.99735,3.0773
64265,ASAP GENERAL STORE #101,"I-40, EXIT 84 & US-54",Weatherford,OK,35.53505,-98.6996,3.1323
64270,PENN JERSEY DIESEL & TRAILER,"I-95, EXIT 37",Bensalem,PA,40.11088,-74.93775,4.199
64274,RUTTERS #53,"I-83, EXIT 32 & SR-382",Etters,PA,40.15451,-76.80186,3.999
64275,7-ELEVEN #40279,I-276 & US-202 (KING OF PRUSSIA SERVICE PLAZA WB),King Of Prussia,PA,40.1024,-75.4785,3.884
64282,ONVO TRAVEL PLAZA - HICKORY RUN,"I-80, EXIT 274",White Haven,PA,41.07905,-75.77149,3.5857
64285,PILOT #4566,"I-85, EXIT 106",Blacksburg,SC,35.11505,-81.508,3.429
64287,CIRCLE K #2703099,"I-20, EXIT 33",Batesburg,SC,33.93859,-81.54899,3.0857
64288,PILOT #4581,"I-20, EXIT 116",Bishopville,SC,34.2241,-80.27499,3.4323
64294,HOT SPOT #6004,"I-26, EXIT 28",Enoree,SC,34.67095,-81.92373,3.099
64298,CORNER MART #354,"I-26, EXIT 72",Newberry,SC,34.28466,-81.61574,3.299
64299,CIRCLE K #2720881,US-17 & SR-165,Ravenel,SC,32.78809,-80.22235,3.439
64300,CIRCLE K #2723416,"I-26, EXIT 28",Roebuck,SC,34.8688,-81.95255,3.0823
64301,HILLVIEW TRUCK STOP,"I-20, EXIT 39",Leesville,SC,33.91317,-81.45975,3.059
64307,CIRCLE K #2723876,US-17 & SR-64,Round O,SC,32.94052,-80.57388,3.3723
64309,CIRCLE K #2723272,"I-26, EXIT 119",West Columbia,SC,33.99502,-81.08884,3.5457
64310,Palmetto Roads #308,"I-95, EXIT 77",Saint George,SC,33.18453,-80.57325,3.009
64313,CUBBYS #403,"I-29, EXIT 79",Sioux Falls,SD,43.488,-96.7343,3.0657
64314,JAKES CORNER,US-81 & SR-34,Winfred,SD,43.95951,-97.30927,3.049
64336,LOVES TRAVEL STOPS #345,I-90/I-94 EXIT 48,Tomah,WI,43.99483,-90.4917,3.289
64337,GRAVES TRUCK STOP,"I-20, EXIT 59",Carthage,TX,32.15438,-94.35272,2.999
64343,Allsup's Marketplace #2411,US-67,Hawley,TX,32.59497,-99.79599,2.889
64347,PILOT TRAVEL CENTERS #256,"US-58 & US-29, SE QUAD",Danville,VA,36.62179,-79.41244,4.009
64350,STRIPES #40811,"I-37, EXIT 55",George West,TX,28.32039,-98.11616,3.0157
64352,CHEVRON #383461,"I-10, EXIT 259",Fort Stockton,TX,30.89079,-102.87994,3.029
64355,CEFCO #34,US-281 & SR-38,Hamilton,TX,31.67812,-98.11305,3.029
64360,CIRCLE K #2706983,"I-37, EXIT 36 & SR-359",Mathis,TX,28.08021,-97.80966,3.019
64374,CEFCO #2001,US-287 & FM-369,Iowa Park,TX,33.94235,-98.6745,2.864
64382,KOSSE COUNTRY STORE,SR-7 & SR-14,Kosse,TX,31.3147,-96.61947,3.1157
64390,TXB #71 DBA KWIK CHEK FOOD STORES,"I-20, EXIT 136",Midland,TX,31.98964,-102.06261,3.079
64393,TEX-BEST #505,"I-35, EXIT 183",New Braunfels,TX,29.69473,-98.11304,2.8057
64399,LOVES TRAVEL STOPS #247,US-287 & SR-256,Memphis,TX,34.71224,-100.53465,3.789
64406,Main Street Market,SR-84 & FM-73,Prairie Hill,TX,31.6591,-96.80938,2.899
64407,CIRCLE K #2741527,US-281,Premont,TX,27.35444,-98.13302,2.999
64408,QUIKTRIP #4058,"I-37, EXIT 125 & SR-1604",San Antonio,TX,29.46852,-98.52635,2.9657
64409,LONE STAR TRAVEL CENTER,"I-35, EXIT 147",San Antonio,TX,29.46852,-98.52635,3.059
64420,Valero,US-59 & AT ST-87,Timpson,TX,31.88409,-94.39673,3.059
64421,TXB #17 DBA KWIK CHEK FOOD STORES,SR-121,Trenton,TX,33.42349,-96.33975,3.299
64422,Chevron,"I-10, EXIT 858",Vidor,TX,30.15018,-94.00078,2.749
64423,PILOT #568,"I-35, EXIT 140",Von Ormy,TX,29.27498,-98.66774,3.2107
64430,GOLDEN SPIKE TRAVEL PLAZA,"I-15, EXIT 382",Tremonton,UT,41.70156,-112.18129,3.599
64431,RJS  FUEL STOP,"I-15, EXIT 40",Tremonton,UT,41.70156,-112.18129,3.459
64435,SPEEDWAY #4632,US-360/US-58 & SR-1224,Danville,VA,36.62179,-79.41244,4.059
64436,MS 58 PLAZA,"I-95, EXIT 11",Emporia,VA,36.68569,-77.56295,3.1823
64438,PILOT TRAVEL CENTER #4622,US-58,South Boston,VA,36.69633,-78.91883,4.009
64441,MILLER MART #55,US-460 & US-58/US-13,Suffolk,VA,36.86682,-76.55981,3.0923
64442,PILOT TRUCK STOP #583,"I-5, EXIT 262",Ferndale,WA,48.86253,-122.59529,4.559
64445,KWIK TRIP #413,SR-93 & SR-95,Arcadia,WI,44.25394,-91.48045,3.3157
64446,SPEEDWAY #4293,"I-90 & I-43, EXIT 185A",Beloit,WI,42.52287,-89.0399,3.799
64447,KWIK TRIP #621,"SR-29/SR-55, EXIT 234 & SR-47/SR-117",Bonduel,WI,44.73794,-88.43903,3.4573
64451,ROYAL FARMS #79,ST 13,New Church,VA,37.95253,-75.51119,3.339
64455,SPEEDWAY #4648,SR-254,Waynesboro,VA,38.07741,-78.90346,3.959
64463,KWIK TRIP #202,"I-39/US-51, EXIT 151 & SR-54",Plover,WI,44.45067,-89.54281,3.2657
64474,SIGNAL FOOD STORE #108,US-60,Mountain View,MO,36.9892,-91.70994,3.0323
64477,PILOT #1063,"I-40, EXIT 81",Marion,NC,35.68192,-82.01799,3.759
64478,PILOT TRAVEL CENTERS #141,"I-80, EXIT 6",Evanston,WY,41.26095,-110.96307,3.699
64479,YESWAY #1148,"US-30, EXIT 186",Marshalltown,IA,42.04048,-92.91269,3.2457
64480,TA Garden City,US-83 & US-400,Garden City,KS,37.97693,-100.86209,3.7307
64481,LOVES TRAVEL STOP #282,"I-44, EXIT 4 & SR-43",Joplin,MO,37.09686,-94.50514,3.3973
64482,LOVES TRAVEL STOP #208,"I-55, EXIT 119 & SR-22",Canton,MS,32.62054,-90.00608,3.489
64484,LOVES TRAVEL STOP #206,"I-10, EXIT 44 & SR-59",Loxley,AL,30.61796,-87.75624,3.339
64485,PILOT TRAVEL CENTERS #433,"I-20, EXIT 470",Dallas,TX,32.99685,-96.79211,3.1823
64486,GREENWAY STORE #614,"I-85/SR-403, EXIT 61 & SR-74",Fairburn,GA,33.56482,-84.58086,3.199
64487,PILOT TRAVEL CENTERS #165,"I-57 & I-70, EXIT 162",Effingham,IL,39.12173,-88.5611,3.299
64488,PILOT TRAVEL CENTERS #274,"I-10, EXIT 109",Breaux Bridge,LA,30.27495,-91.9059,3.1423
64490,QUICK FUEL #2201,"I-85, EXIT 36",Atlanta,GA,33.74979,-84.31685,3.3523
64491,QUICK FUEL #1803,I-80/I-294 & SR-1,South Holland,IL,41.59792,-87.59381,3.829
64492,QUICK FUEL #2103,"I-70, EXIT 89",Indianapolis,IN,39.93842,-86.13894,3.309
64493,QUICK FUEL #2801,"I-435, EXIT 1-A AT MILE 1",Lenexa,KS,38.96303,-94.73995,3.369
64494,QUICK FUEL #1704,I-75 EXIT 42 AT MILE 42,Lincoln Park,MI,42.24221,-83.18069,3.619
64495,QUICK FUEL #1702,"I-96, EXIT 173",Livonia,MI,42.3615,-83.36494,3.799
64496,QUICK FUEL #1703,"I-94, EXIT 199-A",Romulus,MI,42.2203,-83.35829,3.519
64498,QUICK FUEL #1705,SR-53,Warren,MI,42.5159,-82.9824,3.749
64499,QUICK FUEL #2401,"I-71, EXIT 234",Bridgeton,MO,38.75063,-90.4161,3.094
64500,QUICK FUEL #2402,"I-435, EXIT 57",Kansas City,MO,39.16319,-94.56988,3.2923
64501,QUICK FUEL #2602,"I-85, EXIT 40",Charlotte,NC,35.2269,-80.8433,3.3957
64502,QUICK FUEL #2305,"I-270, EXIT 10",Columbus,OH,40.1444,-82.9789,3.6307
64503,QUICK FUEL #2304,"I-75, EXIT 210",Toledo,OH,41.642,-83.5438,3.6007
64508,QUICK FUEL #1150,US-51 & SR-30,Madison,WI,43.073,-89.3817,3.5757
64509,QUICK FUEL #1002,"I-94, EXIT 319",Milwaukee,WI,43.0343,-87.9151,3.7407
64511,QUICK FUEL #1010,SR-100,Milwaukee,WI,43.0343,-87.9151,3.779
64512,QUICK FUEL #1001,"I-94, EXIT 301",New Berlin,WI,42.97397,-88.15527,3.499
64514,PILOT TRAVEL CENTERS #435,"I-10, EXIT 0",Anthony,TX,31.99072,-106.59762,3.459
64517,KWIK TRIP #696,"I-94, EXIT 19 & US-63",Baldwin,WI,44.9657,-92.3655,3.574
64519,BLUE RIDGE TRAVEL PLAZA,"I-81 SOUTHBOUND, EXIT 155",Mountain Top,PA,41.13497,-75.93764,3.649
64520,LOVES TRAVEL STOP #222,"I-70/US-35, EXIT 149B & US/35/SR-38",Richmond,IN,39.83244,-84.89361,3.949
64521,CHOCTAW TRAVEL PLAZA #635,US-259/SR-3,Broken Bow,OK,34.02699,-94.7623,2.999
64523,SKY CITY TRAVEL CENTER,"I-40, EXIT 102 NORTH",Pueblo Of Acoma,NM,34.90083,-107.58639,3.2807
64525,PILOT TRAVEL CENTERS #3,"I-80, EXIT 223",Youngstown,OH,41.0986,-80.6474,3.4523
64526,PILOT TRAVEL CENTERS #53,"I-40, EXIT 143",Hurricane Mills,TN,35.97486,-87.76713,3.1757
64527,PILOT TRAVEL CENTERS #50,"I-71, EXIT 28",Pendleton,KY,38.48092,-85.31702,3.759
64528,Raceway #7007,SR-74 & SR-180,Shelby,NC,35.34707,-81.58157,3.249
64529,PILOT TRAVEL CENTERS #436,"I-40, EXIT 75",Amarillo,TX,35.20324,-101.84205,3.2657
64530,PILOT TRAVEL CENTERS #420,"I-20, EXIT 114",Madison,GA,33.59468,-83.46178,3.859
64532,PILOT #4560,"I-75, EXIT 201",Jackson,GA,33.28201,-83.97839,3.3757
64533,SHELL,US-287/US-81 & CR-718,Haslet,TX,32.95573,-97.33719,2.8907
64534,CIRCLE K #4707045,"I-95, EXIT 32",Biddeford,ME,43.48365,-70.47193,3.9573
64535,FLYING J TRAVEL PLAZA #628,"I-85, EXIT 160",Carnesville,GA,34.39472,-83.27921,3.2057
64536,FLYING J TRAVEL PLAZA #640,"I-84, EXIT 173",Jerome,ID,42.71784,-114.50124,3.9023
64537,FLYING J TRAVEL PLAZA #739,"I-35, EXIT 330B",Waco,TX,31.55245,-97.13961,3.2207
64538,PILOT TRAVEL CENTERS #445,"I-94, EXIT 22 & US-20",Chesterton,IN,41.60395,-87.0502,3.799
64545,HOBO PANTRY #24,US-231 & SR-10,Brundidge,AL,31.70132,-85.81767,3.599
64546,GRUB MART #13,"I-59, EXIT 205 & US-411/SR-25/SR-68",Centre,AL,34.11159,-85.60923,3.349
64554,FACKLER TEXACO TRUCK STOP,US-72 & CR-42,Fackler,AL,34.82589,-85.98465,3.199
64558,MR FUEL #1203,"I-20, EXIT 129",Meridian,MS,32.35744,-88.65597,2.8123
64569,LOVES TRAVEL STOP #624,"I-65, EXIT 8B",Mobile,AL,30.6959,-88.0434,3.2057
64571,PETRO STOPPING CENTER #331,"I-15, EXIT 54",Las Vegas,NV,36.17208,-115.12237,3.734
64572,CIRCLE K #2723730,US-43/SR-13/SR-69,Northport,AL,33.2605,-87.5872,3.399
64578,MARATHON,US-431/SR-1,Phenix City,AL,32.484,-85.0911,3.249
64581,SNEAD SHELL,US-278 & SR-75,Altoona,AL,34.04292,-86.35088,3.109
64592,LOVES TRAVEL STOP #368,"I-65, EXIT 208 & CR-28",Clanton,AL,32.83553,-86.64247,3.3373
64595,PILOT TRAVEL CENTERS #425,"I-10, EXIT 192",Midway,FL,30.49528,-84.45444,3.799
64599,PONY EXPRESS TRAVEL PLAZA #6,"US-167/US-67, EXIT16 & SR-5",Cabot,AR,34.94572,-92.03177,3.499
64600,Caseys #4552,"I-40, EXIT 57",Clarksville,AR,35.49076,-93.49106,3.244
64610,KINGS RIVER COUNTRY STORE,US-412,Huntsville,AR,36.10435,-93.72789,3.2657
64617,SHELL,"I-55, EXIT 48",Osceola,AR,35.70186,-89.97976,2.999
64647,HOOKS,I-16 EXIT 16,East Dublin,GA,32.5475,-82.86833,3.399
64648,QUICK FUEL #2203,"I-20, EXIT 14",Atlanta,GA,33.74979,-84.31685,3.319
64651,QUICK FUEL #2101,I-465,Indianapolis,IN,39.93842,-86.13894,3.869
64654,Fast Stop,"I-10, EXIT 177",Saint Gabriel,LA,30.27987,-91.09162,3.699
64655,ONE9 #7937,"I-85/I-40, EXIT 132",Mc Leansville,NC,36.11629,-79.66839,3.399
64656,QUICK FUEL #2601,SR-27,Charlotte,NC,35.2269,-80.8433,3.5123
64660,QUICK FUEL #1005,SR-59 & SR-164,Waukesha,WI,42.9993,-88.21956,3.623
64662,QUICK FUEL #1011,"I-94, EXIT 100",Milwaukee,WI,43.0343,-87.9151,3.5207
64664,CIRCLE K #4701424,"I-74, EXIT 102",Morton,IL,40.61477,-89.46045,3.599
64671,FLYING J TRAVEL PLAZA #756,"I-94, EXIT 116 & CR-A",Black River Falls,WI,44.2921,-90.84795,3.3823
64672,FLYING J TRAVEL PLAZA #655,"I-70, EXIT 123 & SR-3",Spiceland,IN,39.82708,-85.44504,3.959
64673,WESTVILLE TRUCKSTOP,US-6/US-421,Westville,IN,41.53652,-86.90132,3.5857
64674,ZANCO SHELL,"I-395, EXIT 87",Plainfield,CT,41.67753,-71.92197,4.399
64675,Petro Mart #45,"I-70/US-40, EXIT 148 & US-54",Kingdom City,MO,38.95508,-91.95201,2.939
64676,PILOT TRAVEL CENTERS #460,"I-40, EXIT 140",Oklahoma City,OK,35.3337,-97.4922,3.309
64677,MOUNT VERNON FUEL CENTER,"I-75, EXIT 59 & US-25",Mount Vernon,KY,37.33661,-84.35488,2.999
64678,AINSWORTH FOUR CORNERS,US-218/SR-27 & SR-92,Ainsworth,IA,41.32023,-91.54717,3.109
64679,PILOT TRAVEL CENTERS #118,I-30 EXIT 121,Benton,AR,34.58009,-92.59524,3.199
64681,PILOT TRAVEL CENTER #458,"I-10, EXIT 208",Eloy,AZ,32.75093,-111.58328,3.439
64682,FLYING J TRAVEL PLAZA #705,"I-40, EXIT 20 & US-283",Sayre,OK,35.30472,-99.64293,3.1823
64683,QUIKTRIP #777,"I-20, EXIT 49",Atlanta,GA,33.74979,-84.31685,2.9723
64684,MR FUEL #721,"I-465, EXIT 4 & SR 37",Indianapolis,IN,39.93842,-86.13894,3.319
64687,PILOT TRAVEL CENTER #421,"I-75, EXIT 326",Dalton,GA,34.7697,-84.9702,3.2857
64706,CIRCLE K #2721571,"I-65, EXIT 69",Brewton,AL,31.11893,-87.06732,3.399
64712,SUNSTOP #650,US-431 & SR-210,Dothan,AL,31.20289,-85.41804,3.4123
64713,GOOD TO GO,"I-65, EXIT 200",Enterprise,AL,31.34079,-85.84211,3.599
64715,CIRCLE K #2709067,US-31/SR-6,Prattville,AL,32.4787,-86.42997,3.499
64718,CUZZS,US-43/SR-13,Thomasville,AL,31.90673,-87.75984,3.5323
64719,CIRCLE K #2706697,"I-85, EXIT 77",Valley,AL,32.81135,-85.17491,3.399
64721,FLASH MARKET #17049,"I-40/US-63, EXIT 216 & US-49/SR-17",Brinkley,AR,34.87812,-91.1886,3.179
64723,CASHS #4470,US-65,Dumas,AR,33.8921,-91.48606,3.209
64724,TOBOS TRAVEL CENTER,"I-540, EXIT 58",Fayetteville,AR,36.05204,-94.1534,3.349
64755,PILOT TRAVEL CENTERS #44,"I-70, EXIT 101",Boonville,MO,38.95364,-92.74497,3.519
64764,CORNER MARKET #62,SR-13/SR-789 & SR-64,Meeker,CO,40.03873,-107.8925,3.729
64765,CENEX,"I-76, EXIT 125",Sterling,CO,40.63062,-103.22118,3.4157
64773,Sun Gas,US-301,Middletown,DE,39.48154,-75.68318,2.999
64775,SHORE STOP #287,US-13,New Castle,DE,39.67703,-75.58994,3.289
64777,4 POINTS MARKET,US-441/SR-7 & SR-804,Boynton Beach,FL,26.525,-80.0666,3.229
64778,SUNSTOP #347,US-27,Branford,FL,29.93947,-82.89929,3.699
64779,SPEEDWAY #6530,US-50,Brooksville,FL,28.56581,-82.37367,3.3823
64789,KROME EXXON,SR-997 & SR-994,Miami,FL,25.779,-80.1982,3.399
64793,CIRCLE K #2721297,US-301,Middleburg,FL,30.06861,-81.86056,3.399
64795,QUICK FUEL #5101,"I-4, EXIT 79",Orlando,FL,28.49882,-80.58248,3.3623
64798,RIVIERA TRUCKSTOP,SR-710,West Palm Beach,FL,26.71396,-80.06587,3.779
64803,MARATHON,"I-4, EXIT 3",Tampa,FL,28.0879,-82.4593,3.4223
64804,SPEEDLANE,US-301 &SR-574,Tampa,FL,28.0879,-82.4593,3.449
64811,SUNSTOP #819,US-19,Americus,GA,32.0881,-84.2362,3.699
64815,BUENA VISTA GAS N GO,SR-26 & SR-41,Buena Vista,GA,32.3542,-84.52735,3.299
64819,CIRCLE K #4174,"I-285/SR-407, EXIT 53 & US-23/SR-42",Conley,GA,33.64472,-84.32583,3.999
64820,Mr Pips,US-84/SR-38,Donalsonville,GA,31.04028,-84.87917,3.199
64825,EXIT 10 AUTO AND TRUCK STOP,"I-185/SR-411, EXIT 19 & SR-315",Fortson,GA,32.62884,-85.00165,3.399
64831,CIRCLE K #2745072,US-341,Lumber City,GA,31.92512,-82.70731,3.529
64833,QWICKSERV,US-319 BUS & SR-133/SR-35/SR-33,Moultrie,GA,31.17924,-83.76409,3.599
64834,SUSIE Q #90,US-319 & SR-33,Moultrie,GA,31.17924,-83.76409,3.799
64840,BP,US-278/SR-6 & SR-101,Rockmart,GA,33.99791,-85.05937,3.599
64842,Circle K #2745128,US-301 & US-25,Statesboro,GA,32.44084,-81.77396,3.199
64843,A TO Z TRUCKSTOP,US-301/US-25/SR-73,Statesboro,GA,32.44084,-81.77396,3.599
64850,SHAKE RAG EXPRESS,US-1 & US-78,Wadley,GA,32.87474,-82.40246,3.4157
64856,KUM & GO #1056,"I-35, EXIT 56",Bevington,IA,41.37176,-93.81287,3.099
64857,CHARITON FOOD SHOP,US-34,Chariton,IA,41.02264,-93.30419,3.369
64859,QUICK FUEL #2901,"I-35/I-80, EXIT 136",Des Moines,IA,41.6005,-93.6088,3.1373
64860,BP TRUCK PLAZA,US-61/US-151,Dubuque,IA,42.51498,-90.68191,3.489
64862,218 FUEL EXPRESS,US-218 & US-18,Floyd,IA,43.14305,-92.72399,3.489
64863,FT MADISON FAST BREAK,US-61,Fort Madison,IA,40.63301,-91.33983,3.399
64868,MEDIAPOLIS FAST BREAK,US-61,Mediapolis,IA,41.00593,-91.13214,3.349
64871,STEWART ROAD FAST BREAK,CR-X61,Muscatine,IA,41.43038,-91.05093,3.299
64873,CUBBYS #2301,"I-29, EXIT 112",Onawa,IA,42.03697,-96.10721,3.149
64874,OSCEOLA TRAVEL PLAZA,"I-25, EXIT 33 & US-34",Osceola,IA,41.0295,-93.77124,3.3123
64875,CASEYS #2598,"SR-163, EXIT 42",Pella,IA,41.40817,-92.91721,3.199
64876,PILOT #238,"I-29, EXIT 10",Percival,IA,40.74015,-95.80931,3.799
64877,CASEYS #3900,"US-218, EXIT 80 & SR-22",Riverside,IA,41.47579,-91.57414,3.1707
64880,CASEYS #2487,US-71/SR-9,Spirit Lake,IA,43.42621,-95.11234,3.3823
64881,SPARKYS ONE STOP #16,US-71 & SR-3,Storm Lake,IA,42.64738,-95.19608,3.2323
64883,KUM & GO #1046,"I-80, EXIT 46 & CR-M47",Walnut,IA,41.46233,-95.21797,3.109
64884,SAPP BROS TRAVEL CENTER,US-61 & SR-78,Sioux City,IA,42.49722,-96.40292,3.649
64886,WEVER JUNCTION,US-61 & CR-X50,Wever,IA,40.70665,-91.22677,3.399
64887,COUNCIL FOOD AND FUEL,US-95,Council,ID,44.76275,-116.45183,3.589
64888,NOMNOM #21,US-95 & SR-13,Grangeville,ID,45.92724,-116.10764,3.9073
64892,JACKSONS FOOD STORE #3,US-95,Wilder,ID,43.65785,-116.9122,3.579
64894,CIRCLE K #4701251,"I-55, EXIT 160B & SR-9",Bloomington,IL,40.4783,-88.98932,3.399
64902,DOWNS TRAVEL MART,"I-74, EXIT 142",Downs,IL,40.38086,-88.87081,3.499
64907,FREEDOM OIL #77,"I-74, EXIT 112 & SR-117",Goodfield,IL,40.62972,-89.27472,3.659
64913,Circle K #4701331,US-136 & US-67,Macomb,IL,40.46167,-90.67867,3.499
64914,Martinsville Food and Fuel,"I-70, EXIT 136",Martinsville,IL,39.31744,-87.87074,3.489
64920,KWIK STAR #1530,"I-88/SR-110, EXIT 76 & SR-251",Rochelle,IL,41.92816,-89.07103,3.499
64928,SPEEDWAY #1432,"I-294, EXIT 22",Willow Springs,IL,41.73642,-87.87859,3.859
64929,KARTAR TRUCK STOP,"I-74, EXIT 32 & SR-17",Woodhull,IL,41.18489,-90.28328,3.599
64930,THORNDALE SHELL,"I-290, EXIT 5",Wood Dale,IL,41.96017,-87.98097,3.459
64933,MCCLURE OIL #66,US-33/US-27,Decatur,IN,40.82733,-84.93143,3.699
64938,FAMILY EXPRESS #41 (DISCOUNT AVAILABLE),US-52,Lafayette,IN,40.41774,-86.88836,3.4323
64939,FAMILY EXPRESS #27 (DISCOUNT AVAILABLE),US-421,Medaryville,IN,41.08973,-86.88084,3.649
64946,MORNING STAR AUTO TRUCK PLAZA,"I-69, EXIT 334 & US-6",Waterloo,IN,41.44022,-85.0221,3.699
64949,PETES #36,US- 54 & US-169,Iola,KS,37.92824,-95.40215,3.2057
64950,CASEYS #2957,US-73 & US-36,Hiawatha,KS,39.87156,-95.5289,3.1507
64952,AMPRIDE,US-160,Johnson,KS,37.56942,-101.71935,3.399
64961,SAC AND FOX TRUCK STOP,US-75,Powhattan,KS,39.71769,-95.67511,2.984
64963,FLINT HILLS ONE STOP,US-50,Strong City,KS,38.41292,-96.51719,2.919
64964,U PUMP IT,US-83 & US-56,Sublette,KS,37.52215,-100.82077,3.679
64969,ALLSTAR FOOD MART,SR-55,Campbellsville,KY,37.34662,-85.35076,3.159
64980,DOUBLE KWIK MARKET #1044,SR-15/SR-7/SR-160,Isom,KY,37.19603,-82.91335,3.749
64982,FAS MART #5260,SR-9 & US-68/US-62/SR-10,Maysville,KY,38.61972,-83.75886,3.364
64984,DOUBLE KWIK MARKET #1062,"I-75, EXIT 104",Nicholasville,KY,37.88056,-84.57306,3.499
64990,LAKE COUNTRY OUTDOORS,SR-127,Russell Springs,KY,37.05668,-85.04287,3.199
64994,E Z STOP,SR-555 & SR-9002,Willisburg,KY,37.83733,-85.13619,3.379
64996,AVONDALE TRUCK STOP,SR-90,Westwego,LA,29.91439,-90.1813,3.449
64998,CM BAYOU VISTA,US-90,Morgan City,LA,29.72394,-91.1165,3.399
64999,I 220 TRAVEL PLAZA,"I-270, EXIT 17A & US-80/US-79",Bossier City,LA,32.54492,-93.70383,2.9923
65000,SILVERS TRAVEL CENTER,"I-10, EXIT 109",Breaux Bridge,LA,30.27495,-91.9059,3.369
65002,FOOD N FUN #11,US-90 & SR-92-1,Broussard,LA,30.12189,-91.95017,3.3023
65005,USA TRAVEL CENTER,"I-20, EXIT 103/US-80",Calhoun,LA,32.52479,-92.32993,3.2157
65006,GOLDMINE TRUCKSTOP,US-190,Eunice,LA,30.51158,-92.39847,3.199
65007,GOLDEN GROVE TRUCK PLAZA,SR-641 & SR-3125,Gramercy,LA,30.05271,-90.69018,3.419
65008,BIG WHEELS TRAVEL CENTER,"US-90, EXIT 204 & SR-316",Gray,LA,29.69034,-90.78071,3.499
65011,PLANTATION TRUCK PLAZA,SR-311 & SR-664,Houma,LA,29.59433,-90.75481,3.1157
65017,Y NOT STOP MANSURA,SR-1,Mansura,LA,31.06147,-92.05433,3.399
65019,Hwy 31 Truck Stop,SR 31,Saint Martinville,LA,30.20828,-91.82596,3.329
65021,OPELOUSAS 190 TRUCK STOP,US-190,Opelousas,LA,30.51442,-92.08967,2.8707
65022,CM RACELAND,SR-1,Raceland,LA,29.71784,-90.59991,3.299
65023,SHOP RITE #85,"I-10, EXIT 87 AT MILE 87",Rayne,LA,30.20451,-92.24859,3.149
65025,ELSIE AUTO AND TRUCK PLAZA,SR-1,Shreveport,LA,32.50374,-93.7487,2.949
65026,TA ST Rose #06480,US-61,Saint Rose,LA,29.95807,-90.31243,3.2257
65027,STARKS TRUCK STOP,SR-12,Starks,LA,30.30848,-93.66148,3.599
65030,CASH MAGIC THIBODAUX,SR-1,Thibodaux,LA,29.79921,-90.80961,3.399
65033,PILOT TRAVEL CENTERS #457,"I-75, EXIT 135",Beaverdam,OH,40.83333,-83.97667,3.3307
65036,WAVERLY TRUCKSTOP,"I-20, EXIT 157 & SR-577",Delhi,LA,32.45043,-91.51249,2.964
65037,CIRCLE K #2707783,"I-20, EXIT 114 & SR-617",West Monroe,LA,32.53173,-92.17597,2.9573
65048,Irving,SR-2,Westminster,MA,42.54583,-71.91111,3.749
65059,ROYAL FARMS #111,"I-95, EXIT 57",Baltimore,MD,39.17185,-76.64829,3.209
65062,AC & T BIG POOL,"I-70, EXIT 12 & SR-56",Big Pool,MD,39.64569,-78.01045,3.659
65064,A C AND T SHARPSBURG PIKE,"I-70, EXIT 29A & SR-65",Hagerstown,MD,39.63202,-77.73722,3.799
65066,HURLOCK CITGO,SR-392 & SR-331,Hurlock,MD,38.64283,-75.86625,3.259
65067,SUNOCO,US-301,Newburg,MD,38.32978,-76.9175,3.379
65069,CIRCLE K #4707056,"I-95, EXIT 75",Auburn,ME,44.09479,-70.23898,3.899
65074,CIRCLE K #4707004,"I-95, EXIT 244 & SR-157",Medway,ME,45.60704,-68.52271,3.5023
65075,CIRCLE K #4707017,"I-95, EXIT 48",Portland,ME,43.66056,-70.25886,3.7423
65083,SUNOCO,"I-75, EXIT 34B",Riverview,MI,42.1733,-83.21309,3.639
65084,BEACON & BRIDGE #19,US-131 & SR-115,Cadillac,MI,44.25045,-85.43005,3.239
65086,FRED MOORE BP,"I-94, EXIT 257",Casco,MI,42.76806,-82.67028,4.099
65088,Circle K #2746528,US-41/SR-28 & SR-95,Champion,MI,46.4685,-87.83059,3.819
65091,WYOMING FUEL PLAZA,"I-94, EXIT 210A",Dearborn,MI,42.3053,-83.16049,3.599
65092,BP,"I-94 & US-12, EXIT 210",Dearborn,MI,42.3053,-83.16049,3.199
65094,MARATHON,"I-75 & SR-32, EXIT 282",Gaylord,MI,45.0275,-84.67472,3.799
65108,PICKLEMANS ONE STOP-ZEPHYR,ST 28,Newberry,MI,46.34376,-85.51495,3.699
65113,NORTHWIND TRAVEL CENTER,"US-131, EXIT 153 & US-10",Reed City,MI,43.88681,-85.51303,3.499
65121,BP TRAVEL CENTER AND TRUCK PLAZA,"I-275, EXIT 20",Belleville,MI,42.19486,-83.48543,4.199
65127,PITSTOP MOBIL MART,"I-196, EXIT 72",Wyoming,MI,42.90087,-85.70578,3.549
65129,HOLIDAY STATIONSTORE #2746345,"I-94, EXIT 103/US-52 & SR-29",Alexandria,MN,45.88175,-95.38199,3.499
65132,PETES PLACE SOUTH,US-71 & US-2,Bemidji,MN,47.48807,-94.84881,3.4157
65135,CIRCLE K #3819,SR-7,Clara City,MN,44.96391,-95.3499,3.3323
65136,HOLIDAY STATIONSTORE #2746422,"I-35, EXIT 253B",Duluth,MN,47.09443,-91.84673,3.499
65141,KWIK TRIP #619,US-14 & ST-57,Kasson,MN,44.02403,-92.74642,3.549
65142,HOLIDAY STATIONSTORE #2746376,"I-35W, EXIT 36 & CR-23",Circle Pines,MN,45.15284,-93.14398,3.549
65153,7Fleet #46516,"I-75, EXIT 164",Waite Park,MN,45.54972,-94.22448,3.459
65162,Petro Mart #15,I-270 EXIT 33,Saint Louis,MO,38.64257,-90.32419,2.904
65165,AMERIMART # 11,US-61,Jackson,MO,37.38788,-89.65194,3.299
65171,SIGNAL FOOD STORE #110,US-60 & SR-5,Mansfield,MO,37.1273,-92.59355,3.0257
65177,KUM & GO #0497,US-60/SR-413 & CR-M,Republic,MO,37.12302,-93.48004,3.079
65178,WILD BILLS TRAVEL CENTER,US-65 & SR-14,Ridgedale,MO,36.52466,-93.27781,3.199
65180,TREX MART #11,"I-29, EXIT 65 & US-59",Savannah,MO,39.91677,-94.82673,2.999
65188,GAS MART,"US-78, EXIT 14 & SR-309",Byhalia,MS,34.88535,-89.67633,2.9723
65192,CIRCLE K #2723396,US-49,Collins,MS,31.67071,-89.54381,3.879
65194,CIRCLE K #2723401,US-98 BYP/SR-44 & SR-13,Columbia,MS,31.25588,-89.79978,3.3323
65197,SINGH PETRO,US-11,Ellisville,MS,31.57966,-89.22307,3.059
65198,CIRCLE K #2723437,US-49,Florence,MS,32.153,-90.12167,2.8957
65204,SHELL GAS MART,US-82,Mathiston,MS,33.54149,-89.12748,3.3657
65212,Taters #2,US-98 & SR-29,New Augusta,MS,31.13091,-89.02861,3.3157
65213,CIRCLE K #2723390,US-98,New Augusta,MS,31.13091,-89.02861,3.199
65214,NEWTON CROSSING,"I-20, EXIT 109 & SR-15",Newton,MS,32.32445,-89.18395,3.249
65216,STUCKEYS EXPRESS,US-43S,Pelahatchie,MS,32.31799,-89.79135,3.199
65221,CEFCO #544,"I-55/US-51, EXIT 81",Terry,MS,32.11468,-90.32414,2.899
65223,SHELL EXPRESS MART,SR-7 & SR-315,Water Valley,MS,34.15247,-89.63799,3.0657
65225,CIRCLE K #2723402,US-49,Wiggins,MS,30.86095,-89.13237,3.509
65234,COUNTRY MART,US-13/SR-11,Bethel,NC,35.79089,-77.37476,3.0073
65241,CIRCLE K #2723474,US-70,Goldsboro,NC,35.38258,-78.01581,3.5407
65246,DOBBS PLACE,"I-95, EXIT 17",Lumberton,NC,34.6293,-79.00831,3.159
65250,CIRCLE K #2723473,US-70,Morehead City,NC,34.72532,-76.75307,3.649
65251,SPEEDWAY #8277,US-17 & SR-43,New Bern,NC,35.10194,-77.03194,3.2657
65252,SPEEDWAY #6964,SR-125 & SR-11/SR-42,Oak City,NC,35.95974,-77.30036,3.1973
65267,CIRCLE K #2720939,"I-795/US-264, EXIT 43A & US-301",Wilson,NC,35.72702,-77.92273,3.049
65268,SPEEDWAY #6931,"I-40, EXIT 195 & SR-109",Winston Salem,NC,36.10237,-80.2228,3.609
65270,INTERSTATE CENEX,"I-94, EXIT 1 & SR-16",Beach,ND,46.93238,-103.98429,3.499
65273,SIMONSON TRAVEL CENTER,"I-29, EXIT 141 & US-2",Grand Forks,ND,47.90104,-97.04463,3.539
65274,CENEX C STORE,US-2 & SR-3,Rugby,ND,48.31726,-99.99895,3.399
65282,HEBRON SINCLAIR,US-81,Hebron,NE,40.17281,-97.60523,3.284
65283,CUBBYS #2107,US-20/SR-15,Laurel,NE,42.42704,-97.08738,3.139
65284,Caseys #4526,"I-80, EXIT 237",Lexington,NE,40.785,-99.75151,3.0573
65287,AM ENERGY,"I-80, EXIT 248",Overton,NE,40.75187,-99.52782,2.899
65289,SHOEMAKERS SOUTH,US-77,Roca,NE,40.67019,-96.63908,3.349
65290,ESSENTIAL FUEL #3,ST 71,Scottsbluff,NE,41.87197,-103.66191,3.599
65292,CUBBYS #117,SR-2 & SR-50,Syracuse,NE,40.66139,-96.18241,3.319
65293,TRAILS WEST SINCLAIR,US-34 & SR-25,Trenton,NE,40.1681,-101.02007,3.499
65294,PRIME STOP,ST 35,Wayne,NE,42.23044,-97.01858,3.244
65296,CIRCLE K #4707214,"I-93, EXIT 12S & I-89 & SR-3A",Bow,NH,43.13879,-71.54481,4.199
65299,EPPING FUELING CENTER,SR-27 & SR-125,Epping,NH,43.04105,-71.07637,4.029
65308,SUNOCO,SR-17,East Rutherford,NJ,40.83853,-74.10407,3.1923
65310,Edison Fuel Stop,US-1,Edison,NJ,40.51708,-74.39729,3.159
65314,Union 76,"I-55, EXIT 50A",Richwood,NJ,39.7225,-75.16583,3.399
65315,SUNOCO- RICHARD STOCKTON PLAZA #7009,NJ TURNPIKE MILE POST 58.7,Trenton,NJ,40.2169,-74.7433,3.899
65319,PHILLIPS 66,US-30,Clementon,NJ,39.80703,-75.004,3.199
65320,PILOT #891,"I-80, EXIT 27B",Ledgewood,NJ,40.87803,-74.65541,4.099
65328,THIND TRAVEL PLAZA,SR-20,North Bergen,NJ,40.79302,-74.01771,3.259
65329,UTE MOUNTAIN TRAVEL CENTER,US-160 & US-491,Towaoc,CO,37.20841,-108.71999,3.4573
65332,BETTY ROSS TRUCK STOP /BP,US-130 & SR-73,Pennsauken,NJ,39.96274,-75.06345,3.329
65334,SUNOCO,US 22 WEST,Phillipsburg,NJ,40.69282,-75.1741,3.329
65335,CONOCO,US-22,Phillipsburg,NJ,40.69282,-75.1741,3.359
65338,SWIFT FUEL STOP,"I-78, EXIT 13",Newark,NJ,40.7308,-74.1744,3.879
65339,US GAS & DIESEL,US-46,Ridgefield,NJ,40.83257,-74.00153,3.229
65343,ENRITE,"I-287, EXIT 4",South Plainfield,NJ,40.58388,-74.41469,3.999
65345,SOUTH BRUNSWICK VALERO,US-130,North Brunswick,NJ,40.45377,-74.48229,3.1657
65350,Phillips 66,"I-295, EXIT 1",Vineland,NJ,39.48177,-75.00909,3.359
65351,RIGGINS TRUCK PLAZA,"I-55, EXIT 26",Vineland,NJ,39.48177,-75.00909,3.269
65353,SUNOCO- GROVER CLEVELAND TRAVEL PLAZA #7014,"NORTH NJ TNPK, EXIT 11",Woodbridge,NJ,40.55597,-74.28454,3.899
65359,ROAD RUNNER TRAVEL CENTER,"I-25, EXIT 156",Lemitar,NM,34.156,-106.90438,3.299
65360,Roswell #60,US-285,Roswell,NM,33.3885,-104.52586,3.3657
65361,BLACK MESA TRAVEL CENTER,"I-25, EXIT 252",Algodones,NM,35.42853,-106.61659,3.269
65365,CHEVRON #381125,US-95,Hawthorne,NV,38.53466,-118.64114,4.079
65373,CHAMPLAIN PETERBILT FUEL MART,"I-87, EXIT 43",Champlain,NY,44.97729,-73.4466,3.799
65377,PETROL 9 W,US-9W,Glenmont,NY,42.59715,-73.79588,3.699
65379,MIRABITO #74,"SR-79 N/I-88E, EXIT 6",Harpursville,NY,42.18232,-75.65454,4.659
65381,NATIVE PRIDE,"I-90, EXIT 58 & US-20",Irving,NY,42.57387,-79.05963,2.899
65383,M AND M ALLEGANY JUNCTION,"I-86/SR-17, EXIT 23 & US-219/US-219 BUS",Limestone,NY,42.06394,-78.63198,3.129
65386,MIRABITO #73,"I-88, EXIT 12",Otego,NY,42.41333,-75.20788,3.999
65387,MAPLEFIELDS,SR-22 & SR-442,Peru,NY,44.58511,-73.52932,3.799
65392,CIRCLE K #4707622,"I-90, EXIT 41",Seneca Falls,NY,42.90938,-76.79254,3.999
65395,BELLSTORES #132,US-30 & SR-60,Ashland,OH,40.85589,-82.31893,3.499
65398,QUICK FUEL #2306,"I-480, EXIT 12",Brookpark,OH,41.39794,-81.81181,3.669
65400,NORTHSIDE FUEL STOP,US-30 & SR-19,Bucyrus,OH,40.81031,-82.96983,3.5073
65406,MOBIL,"I-90/SR-2, EXIT 182B",Cleveland,OH,41.4918,-81.6757,3.7657
65411,CLARKS PUMP N SHOP #10,SR- 32,Jackson,OH,39.04282,-82.64721,3.699
65415,SPEEDWAY #9314,US-20 & SR-21,Massillon,OH,40.81161,-81.49726,3.4823
65423,BARNEYS CONVENIENCE MART #15,"I-75, EXIT 195 & I-90, EXIT 64 & SR-795",Rossford,OH,41.60491,-83.56379,3.599
65426,CIRCLE K #4705357,US-23 & SR-316,Ashville,OH,39.73158,-82.94457,3.089
65431,QUICK MART AND MORE,US-22 & SR-43,Steubenville,OH,40.37064,-80.66115,3.639
65441,HUTCH'S #103,SR-6 & SR-66,Elk City,OK,35.41036,-99.42109,2.969
65444,TXB #24 dba Kwik Chek Food Stores,US-70,Hugo,OK,34.01134,-95.51388,2.969
65445,QWIK CHEQUE,US-70 & SR-37,Idabel,OK,33.88512,-94.80201,3.199
65451,Petes #15,US-169 & SR-88,Oologah,OK,36.44372,-95.72901,3.159
65457,THACKERSVILLE TRAVEL PLAZA,"I-35, EXIT 1",Thackerville,OK,33.78817,-97.13635,2.9323
65490,PILOT TRAVEL CENTER #422,"I-85, EXIT 41 & US-29",Newnan,GA,33.3894,-84.81695,3.699
65494,FLYING J TRAVEL PLAZA #633,"I-20, EXIT 138",Union Point,GA,33.63454,-83.08791,3.859
65513,GETGO #3602,"I-76, EXIT 146 & I-99, EXIT 1 & US-220",Bedford,PA,39.99084,-78.52607,4.0923
65514,ONVO TRAVEL PLAZA,"I-78, EXIT 13 & SR- 501",Bethel,PA,40.48083,-76.27421,3.3473
65518,KWIK FILL #239,ST 51,Crescent,PA,40.5575,-80.23028,3.799
65521,RUTTERS #17,US-15 & SR-234,East Berlin,PA,39.96455,-77.00725,4.294
65522,TURKEY HILL #950324,US-322 & SR-23/SR-897,East Earl,PA,40.13947,-76.02763,3.7857
65523,SAC SHOP #512,US-30,Everett,PA,40.00981,-78.37131,4.099
65524,SAC SHOP #514,I-76/I-70 & US-30,Everett,PA,40.00981,-78.37131,4.099
65525,SHELL,"I-95, EXIT 46A & US-1",Fairless Hills,PA,40.17482,-74.85192,3.899
65527,SUNOCO SERVICE STATION,"I-81, EXIT 5",Greencastle,PA,39.78183,-77.74696,3.899
65530,7-ELEVEN #40284,"I-76, EXIT 19/247",Hershey,PA,40.26377,-76.65452,3.9673
65532,PILOT TRAVEL CENTERS #1,"I-80, EXIT 173",Mill Hall,PA,41.08669,-77.48361,4.0157
65533,LIBERTY EXXON,US-15 & SR-414,Liberty,PA,41.56557,-77.11951,3.699
65537,SHEETZ #048,US-22,Nanty Glo,PA,40.47044,-78.8375,3.5173
65538,WELMART,"SR-28, EXIT 16",Natrona Heights,PA,40.62886,-79.72562,4.1923
65549,T&C MINI MART,SR-33 & SR-191,Stockertown,PA,40.75389,-75.2625,3.699
65552,A PLUS MINI MARKET,US-1 & SR-132,Feasterville Trevose,PA,40.15119,-74.98376,3.899
65556,RUTTERS #60,US-30 & SR-116,York,PA,39.96354,-76.72689,4.249
65572,CIRCLE K #2705377,"I-20, EXIT 22 & US-1",Aiken,SC,33.55302,-81.71943,3.129
65573,SPEEDWAY/7fleet #4587,US-501,Aynor,SC,33.98227,-79.17773,3.124
65578,CIRCLE K #2723355,US-52,North Charleston,SC,33.0562,-80.0759,3.399
65587,HOT SPOT #2022,US-25/US-76,Honea Path,SC,34.44172,-82.42547,2.909
65588,SPEEDWAY #2836,US-17,Johns Island,SC,32.7097,-80.09429,3.069
65593,CIRCLE K #2723441,"I-82, EXIT 73 & SR-773",Prosperity,SC,34.18324,-81.53235,3.1157
65594,PILOT #4567,I-77 EXIT 77,Rock Hill,SC,34.91507,-81.0129,3.149
65598,LEES QUICK STOP,US-52 & SR-45,Saint Stephen,SC,33.40595,-79.93764,3.4157
65603,JET TRUCK PLAZA,"I-29, EXIT 47",Beresford,SD,43.08741,-96.78126,3.159
65604,SHELL,"I-29, EXIT 132",Huron,SD,44.35902,-98.21629,3.359
65608,ZIP TRIP #81,"I-29, EXIT 62 & US-18",Lennox,SD,43.34507,-96.88206,3.204
65614,281 TRAVEL CENTER,US-281,Wolsey,SD,44.39907,-98.47425,3.089
65622,QUICK STOP #34,US-11/SR-1,Bristol,TN,36.56864,-82.18186,3.299
65624,Sudden Service #61,SR-149 & SR-46,Cumberland City,TN,36.36692,-87.63494,3.564
65625,Chevron,US-64,Fayetteville,TN,35.15268,-86.56645,3.754
65629,CASEYS GOODSTOP #4036,"I-40, EXIT 355",Kingston,TN,35.85281,-84.49705,3.164
65639,SPEEDWAY #7138,"I-24, EXIT 70 & SR-102",Smyrna,TN,35.96561,-86.50482,3.049
65641,ALLSUPS CONVENIENCE STORE #2331,I-20 & FM 600,Abilene,TX,32.46816,-99.71821,2.8757
65652,CIRCLE K #2706343,"I-20, EXIT 428",Fort Worth,TX,32.7469,-97.3268,2.969
65659,ALLSUPS CONVENIENCE STORE #2169,US-287,Chillicothe,TX,34.24395,-99.51567,2.8957
65666,FUEL CITY #2,"I-30, EXIT 45B/I-35E",Dallas,TX,32.99685,-96.79211,2.9657
65667,ALLSUPS CONVENIENCE STORE #2103,US-287/US-81,Decatur,TX,33.23508,-97.57399,2.899
65671,SUPER STOP #22,SR-87 & SR-12,Orange,TX,30.12517,-93.77188,3.439
65673,PILOT #894,US-57 & US-277,Eagle Pass,TX,28.70279,-100.48176,3.899
65674,VALLEY MART #09,US-277,Eagle Pass,TX,28.70279,-100.48176,3.199
65678,ONE9 #1300,US-287 & SR-34,Ennis,TX,32.3321,-96.62236,2.869
65683,ALLSUPS CONVENIENCE STORE #2225,US-60,Friona,TX,34.6403,-102.71914,2.999
65686,CEFCO #2004,"I-35 , EXIT 499",Vernon,TX,34.14914,-99.30301,2.8607
65690,CIRCLE G TRUCK STOP,US-183 & SR-97,Gonzales,TX,29.50857,-97.44946,2.799
65691,CIRCLE K #2704037,US-90/SR-97 & US-183,Gonzales,TX,29.50857,-97.44946,2.904
65721,Paradise RV & Truck Park,US-287/US-81,Alvord,TX,33.36982,-97.68849,2.8157
65724,STRIPES 7FLEET #42427,US-385 & SR-191,Odessa,TX,31.8465,-102.3663,3.289
65728,RIVER MART,US-281/SR-241,Pharr,TX,26.17705,-98.18702,3.349
65738,CIRCLE K #2741499,SR-35 & FM-1069,Rockport,TX,28.02028,-97.05417,2.8057
65755,CIRCLE K #2723373,US-11 & SR-622,Atkins,VA,36.86653,-81.40479,3.349
65759,XPRESS STOP,US-522 & SR-694,Cross Junction,VA,39.3762,-78.29972,3.3323
65761,NEW DIXIE MART #15,US-58 & SR-671,Franklin,VA,36.67862,-76.93911,3.099
65762,7-ELEVEN #34516,"I-66, EXIT 6",Front Royal,VA,38.92678,-78.17962,3.5257
65764,LEESBURG CITGO,US-15,Leesburg,VA,39.0867,-77.5775,3.499
65765,FOSTERS CONVENIENCE STORE,US-29 & SR-685,Rustburg,VA,37.25454,-79.12151,3.599
65767,STATELINE FOOD MART #69,US-23,Pound,VA,37.09273,-82.60156,3.599
65770,JOLLEY #136,"I-89, EXIT 21",Alburgh,VT,44.96845,-73.28096,3.539
65771,CITGO,"I-91, EXIT 3 & US-5",Brattleboro,VT,42.85735,-72.59332,3.6723
65789,BEAR CREEK CITGO,US-45 & SR-76/SR-22,Bear Creek,WI,44.5348,-88.74038,3.439
65791,EDGAR TRAVEL CENTER,SR-29 & CR-H,Edgar,WI,44.90383,-89.99803,3.559
65793,KWIK TRIP #921,SR-13 & SR-21,Friendship,WI,43.98963,-89.81488,3.274
65794,BP,"I-43, EXIT 180",Green Bay,WI,44.48531,-88.01687,3.349
65796,ADDISON STATION,"I-41/US-41, EXIT 68 & CR-K",Hartford,WI,43.31575,-88.37073,3.149
65800,BP,US-45,Kewaskum,WI,43.52145,-88.19253,3.219
65804,KWIK TRIP #628,US-45,Larsen,WI,44.19842,-88.6963,3.4323
65805,HI WAY HOP BP,"I-42/US-41, EXIT 85 & SR-67",Lomira,WI,43.58849,-88.44131,3.099
65806,SHELL,US-41 & SR-67,Lomira,WI,43.58849,-88.44131,3.389
65809,KWIK TRIP #399,SR-21 & SR-80,Necedah,WI,44.03448,-90.05998,3.249
65810,HIGHWAY HARRY'S,I-90/I-94 EXIT 61 & SR-80,New Lisbon,WI,43.88775,-90.15241,3.1723
65812,PLAINFIELD PLAZA,SR-73 & I-39,Plainfield,WI,44.20908,-89.4559,3.2907
65813,KWIK TRIP #683,"I-39, EXIT 92 & US-51",Portage,WI,43.55015,-89.47139,3.249
65814,Kracheys BP Truck Stop,US-18 & SR-35,Prairie Du Chien,WI,43.04265,-91.1193,3.574
65817,TREGO TRAVEL CENTER,US-53 & CR-E,Trego,WI,45.95156,-91.85805,3.5823
65818,KWIK TRIP #1048,"I-90, EXIT 12",West Salem,WI,43.90625,-91.08931,3.3173
65820,KWIK TRIP #673,"I-90 & SR-19, EXIT 131",Windsor,WI,43.21412,-89.34147,3.254
65822,RSTORE #4499,US-45 & SR-29,Wittenberg,WI,44.82325,-89.16648,3.1557
65824,CHANEYS SERVICE STATION,US-30 & SR-2,Chester,WV,40.59811,-80.55844,3.799
65828,PAR MAR FOOD STORE #52,US-50 & CR-50/16,West Union,WV,39.27618,-80.79106,4.099
65831,Hat Six Travel Center,"I-25/US-87, EXIT 182 & SR-253/SR-256",Evansville,WY,42.86138,-106.26389,3.999
65835,SOUTHSIDE TRAVEL CENTER,US-20/SR-789,Thermopolis,WY,43.66215,-108.2313,3.799
65836,PILOT TRAVEL CENTERS #434,"I-35W, EXIT 65",Fort Worth,TX,32.7469,-97.3268,3.264
65837,PILOT TRAVEL CENTERS #455,"I-71, EXIT 140",Marengo,OH,40.38951,-82.81214,3.719
65842,AM PM TRAVEL CENTER,US-1/SR-4,Blythe,GA,33.29409,-82.20304,3.599
65847,ROAD RANGER #132,"I-57, EXIT 240",Champaign,IL,40.11102,-88.24075,3.409
65848,Mobil,I-475,Flint,MI,43.0233,-83.6856,3.199
65849,PS FOOD MART #1034,"I-94, EXIT 110 & US-27",Marshall,MI,42.27205,-84.95828,3.429
65857,PILOT TRAVEL CENTERS #199,"I-20, EXIT 33",Haughton,LA,32.55073,-93.56574,3.1457
65858,SPEEDWAY #6661,"I-94, EXIT 40 & US-20 & US-35",La Porte,IN,41.59944,-86.70765,3.599
65859,SPEEDWAY #6662,US-20 & SR-15,Bristol,IN,41.71688,-85.82619,3.549
65860,LOVES TRAVEL STOPS #283,"E I-30 & FM 549, EXIT 70",Rockwall,TX,32.93111,-96.45944,3.049
65862,PILOT TRAVEL CENTERS #396,"I-81, EXIT 213",Staunton,VA,38.1451,-79.07519,3.659
65863,VALERO,SR-31,Clinton,NJ,40.64119,-74.90885,3.359
65866,FLYING J TRAVEL PLAZA #710,"I-81, EXIT 219",New Milford,PA,41.86641,-75.71711,4.1757
65868,7-ELEVEN #36073,"I-77, EXIT 54 & US-21",Statesville,NC,35.8381,-80.8842,2.879
65873,PILOT TRAVEL CENTER #4619,"I-81 & I-77, EXIT 77",Wytheville,VA,36.94067,-81.09408,3.5507
65880,MR FUEL DBA ONE9 #1245,"I-55, EXIT 52 & SR-16",Litchfield,IL,39.17934,-89.64991,3.199
65883,FLYING J TRAVEL PLAZA #647,"I-64, EXIT 25 & US-41",Haubstadt,IN,38.18954,-87.57983,3.959
65885,LOVES TRAVEL STOP #299,"US-75, EXIT 48 & SR-455",Anna,TX,33.34452,-96.56386,3.1973
65909,7-Eleven/7FLEET #40496,"I-81, EXIT 47 & SR-12",Watertown,NY,43.97426,-75.91221,4.149
65912,ATOKA FUEL,US-75/US-69/SR-3,Atoka,OK,34.34451,-96.14183,3.179
65914,CASEYS #2732,US-30 & US-284/SR-2,Grand Island,NE,40.92186,-98.34106,3.149
65915,Marathon,"I-94/US-52, EXIT 346 & CR-17",West Fargo,ND,46.86952,-96.895,3.029
65917,CUMBERLAND CORNER MART,SR-90 & US-127,Albany,KY,36.68569,-85.14068,3.574
65919,QUICK FUEL #5001,US-78/SR-4,Memphis,TN,35.0337,-89.9343,3.0257
65935,MAIN ST JUNCTION,SR-14 & SR-15,Louisville,MS,33.10582,-89.02865,3.099
65962,CIRCLE K #2705937,US-301/SR-35 & SR-50,Dade City,FL,28.4297,-82.2082,3.3323
65969,PILOT  #1105,SR-29 & SR-182,Bunkie,LA,30.94928,-92.18258,3.2123
65974,BEACON & BRIDGE #13,"US-127, EXIT 117",Ithaca,MI,43.28281,-84.60883,3.649
65978,KWIK TRIP #623,US-61,Minnesota City,MN,44.08322,-91.74181,3.399
65983,SPEEDWAY #6967,"US-17, EXIT 227 & SR-32",Edenton,NC,36.09078,-76.62238,3.287
65989,DANCING EAGLE,"I-40, EXIT 108",Casa Blanca,NM,35.03522,-107.43391,3.359
66014,BIG D TRAVEL CENTER,SR-12 & SR-183,Irving,TX,32.842,-96.9719,2.9557
66015,LOVES TRAVEL STOP #298,"I-35, EXIT 39 & SR-44",Encinal,TX,28.05133,-99.3409,3.589
66016,FLYING J TRAVEL PLAZA #660,"I-64, EXIT 185 & SR-180",Catlettsburg,KY,38.37995,-82.63206,3.7657
66017,FLYING J TRAVEL PLAZA #626,"I-95/SR-9, EXIT 305 & SR-206",Saint Augustine,FL,29.8364,-81.2745,3.449
66020,LOVES TRAVEL STOP #221,I-70 EXIT 160,Zanesville,OH,39.94427,-82.0089,3.4823
66021,LOVES TRAVEL STOP #238,"I-65, EXIT 116 & SR-480",Shepherdsville,KY,38.00451,-85.68877,3.599
66022,PILOT TRAVEL CENTER #459,"I-10, EXIT 133",Avondale,AZ,33.43211,-112.34375,3.587
66023,SAPP BROS TRAVEL CENTER,"I-29, EXIT 10 & SR-2",Percival,IA,40.74015,-95.80931,3.789
66024,LOVES TRAVEL STOP #239,"I-81/US-11, EXIT 84 & SR-619",Max Meadows,VA,36.91708,-80.92139,3.545
66025,SPACE AGE TRAVEL CENTER,"I-84, EXIT 183 & SR-207",Hermiston,OR,45.84499,-119.28488,3.3323
66026,FLYING J TRAVEL PLAZA #643,"I-70 & I-57, EXIT 160",Effingham,IL,39.12173,-88.5611,3.299
66029,Roady's Lucky Deuces,"I-10, EXIT 92 & SR-95",Duson,LA,30.19122,-92.15246,3.0357
66030,Colfax Travel Center,"I-80, EXIT 159 & SR-117",Colfax,IA,41.67878,-93.25882,3.149
66031,WILCO FAST BREAK,US-61/US-24,Palmyra,MO,39.79131,-91.53682,3.119
66034,FAS MART #5134,"I-72, EXIT 144 S",Decatur,IL,39.82714,-88.92598,3.459
66035,ROAD RANGER #136,"I-90, EXIT 147",Cottage Grove,WI,43.0784,-89.20169,3.544
66036,FLYING J TRAVEL PLAZA #602,"I-65, EXIT 264",Birmingham,AL,33.519,-86.8014,3.559
66037,TA PRESCOTT TRAVEL CENTER,"I-30, EXIT 44",Prescott,AR,33.80403,-93.37254,3.5023
66038,FLYING J #1043,"I-15, EXIT 113",Idaho Falls,ID,43.51768,-111.99063,3.699
66039,LOVES TRAVEL STOP #237,"I-20, EXIT 171 & US-65",Tallulah,LA,32.40213,-91.19007,3.259
66040,LOVES TRAVEL STOP #272,"I-40 & DW (RANCH RD), EXIT 59",Kingman,AZ,35.25838,-114.05689,3.8557
66041,PILOT TRAVEL CENTERS #195,"I-84, EXIT 104 & US-97",Wasco,OR,45.59745,-120.73036,3.8657
66042,FLYING J TRAVEL PLAZA #707,"I-80, EXIT 78",Brookville,PA,41.15999,-79.0641,4.034
66043,LOVES TRAVEL STOPS #216,US-67 & US-287,Midlothian,TX,32.47574,-96.99355,3.199
66044,TA TAMPA TRAVEL CENTER,"I-4, EXIT 10",Seffner,FL,27.98333,-82.27583,3.3957
66045,FLYING J TRAVEL PLAZA #698,"I-71, EXIT 69",Jeffersonville,OH,39.65896,-83.56873,3.399
66046,PETRO STOPPING CENTER #345,I-69 EXIT357,Fremont,IN,41.73313,-84.94525,3.899
66050,PILOT TRAVEL CENTERS #130,"I-77, EXIT 145",Richfield,OH,41.23712,-81.64667,3.799
66051,Caseys #4419,I-165 EXIT 5,Bowling Green,KY,37.00787,-86.45589,3.0257
66054,LOVES TRAVEL STOP #220,"I-25/US-87, EXIT 7 & SR-212",Cheyenne,WY,41.14372,-104.79623,3.709
66055,WINDMILL BP,"US-20, EXIT 208 & SR-14",Holland,IA,42.40114,-92.79988,3.599
66056,PILOT TRAVEL CENTERS #114,"I-40, EXIT 320",Crossville,TN,35.94404,-85.01717,3.2457
66057,ROAD RANGER #205,"I-90, EXIT 1",South Beloit,IL,42.48367,-89.02979,3.469
66059,TIME OUT TRAVEL CENTER,"I-40, EXIT 432-B",Newport,TN,35.95443,-83.20275,2.9657
66061,FLYING J TRAVEL PLAZA #709,"I-80, EXIT 173",Mill Hall,PA,41.08669,-77.48361,4.0157
66062,FLYING J TRAVEL PLAZA #716,"I-29, EXIT 83",Sioux Falls,SD,43.488,-96.7343,3.899
66065,LOVES TRAVEL STOP #321,"SR 770 & I-75 , EXIT 29",Corbin,KY,36.93443,-84.10208,3.599
66068,HOLIDAY STATIONSTORE #2746262,I-175 EXIT 394,Sault Sainte Marie,MI,46.47393,-84.34675,3.799
66069,128 NEWTON GAS,"I-95, EXIT 20A/SR-128 & SR-9",Newton Lower Falls,MA,42.32917,-71.25417,4.299
66070,TAURO,"SR-78, EXIT 3",Phillipsburg,NJ,40.69282,-75.1741,3.3423
66072,GENES GO TRUCK STOP,"I-10/US-83, EXIT 456 & US-377",Junction,TX,30.47544,-99.74731,3.289
66073,EXXON,"I-24 & HUSBAND ROAD, EXIT 11",Paducah,KY,37.06338,-88.6632,3.1573
66074,HEARTLAND XPRESS,US-67 & SR-M,Poplar Bluff,MO,36.76624,-90.41665,3.199
66075,CORNER MART #349,"I-26, EXIT 54 & SR-72",Clinton,SC,34.47069,-81.87717,3.099
66078,Amoco,I-40 EXIT 447,Hartford,TN,35.8256,-83.09964,3.099
66083,KANGAROO CROSSING,SR-35,Kosciusko,MS,33.0446,-89.57235,3.199
66090,ROAD RANGER #267,US-281,Pharr,TX,26.17705,-98.18702,3.564
66091,KEYSVILLE SAV U TIME,US-360,Keysville,VA,37.04109,-78.46991,3.399
66093,KWIK TRIP #414,"I-90, EXIT 209A & US-63/SR-30",Stewartville,MN,43.86735,-92.45465,3.5573
66099,NEW JERSEY TRUCK STOP DIESEL ONLY,"I-95, EXIT 15E & US-9/US-1",Kearny,NJ,40.76466,-74.14711,3.759
66100,CIRCLE K #2723692,"I-26, EXIT 213",North Charleston,SC,33.0562,-80.0759,3.399
66103,TERRIBLE HERBST #243,I-95 & SR-164,Searchlight,NV,35.4476,-114.92418,3.8323
66106,FLYING J TRAVEL PLAZA #509,"I-15, EXIT 112",Beaver,UT,38.28071,-112.62992,3.689
66109,QUARTERS TRAVEL PLAZA,"I-49, EXIT 23 & US-167 /SR-744",Opelousas,LA,30.51442,-92.08967,3.184
66110,LOVES TRAVEL STOP #479,"I-29, EXIT143",Sioux City,IA,42.49722,-96.40292,3.6423
66111,CROSSROADS EXPRESS,US-36 & US-83,Oberlin,KS,39.82751,-100.53139,3.089
66113,7-ELEVEN #39467,"I-95, EXIT 16E",Jersey City,NJ,40.7164,-74.038,3.259
66114,LOVES TRAVEL STOP #235,"I-29 & US-169, EXIT 44",Saint Joseph,MO,39.76875,-94.83849,3.3323
66115,FLYING J TRAVEL PLAZA #697,"I-80, EXIT 234B",Hubbard,OH,41.1624,-80.57619,3.459
66116,ONVO TRAVEL PLAZA - HARFORD,"I-81, EXIT 217 & SR-547",Harford,PA,41.77989,-75.67863,3.589
66117,ONVO TRAVEL PLAZA PINE GROVE,"I-81, EXIT 32",Pine Grove,PA,40.56709,-76.32691,3.539
66119,FLYING J TRAVEL PLAZA #645,"I-270 & SR-11, EXIT 6",Granite City,IL,38.72157,-90.11582,3.559
66120,LOVES TRAVEL STOP #306,"I-40/SR-66, EXIT 412",Dandridge,TN,36.0018,-83.40444,3.689
66121,ROAD RANGER #226,"I-65, EXIT 99",Greenwood,IN,39.6224,-86.14899,3.6007
66122,ROAD RANGER #139,"I-57, EXIT 212",Tuscola,IL,39.79951,-88.28159,3.229
66123,ROAD RANGER #225,"I-80, EXIT 56",Princeton,IL,41.36293,-89.42702,3.289
66125,LOVES TRAVEL STOP #249,"I-55, EXIT 109",Williamsville,IL,39.93044,-89.53417,3.389
66126,LOVES TRAVEL STOP #209,"I-20, EXIT 3 & US-80 & SR-169",Greenwood,LA,32.42403,-93.96925,3.134
66131,SPEEDWAY #3446,"I-95, EXIT 10 & SR-440",Edison,NJ,40.51708,-74.39729,3.5857
66133,LOVES TRAVEL STOPS #228,"I-4, EXIT 44",Polk City,FL,28.19867,-81.80828,3.389
66134,CIRCLE K #2721591,"I-10, EXIT 10 & US-29/SR-95",Pensacola,FL,30.42228,-87.22476,3.2223
66135,CIRCLE K #2721592,"I-10, EXIT 5 & US-90 ALT",Pensacola,FL,30.42228,-87.22476,3.2223
66136,CHOCTAW TRAVEL PLAZA #638,US-270 & US-59 & US-112,Poteau,OK,35.06056,-94.6096,3.299
66137,CIRCLE K #2721594,"I-10, EXIT 263",Slidell,LA,30.27841,-89.77119,3.1707
66138,LOVES TRAVEL STOP #307,"I-75, EXIT 201",Jackson,GA,33.28201,-83.97839,3.3857
66139,LOVES TRAVEL STOPS #305,"I-81, EXIT 291 & SR-651",Toms Brook,VA,38.97016,-78.40376,3.649
66141,QUICK FUEL #5102,"SR-826, EXIT NW 58TH ST",Miami,FL,25.779,-80.1982,3.389
66142,QUICK FUEL #5106,SR-589 & SR-580,Tampa,FL,28.0879,-82.4593,3.4923
66149,QUICK FUEL #5105,"I-75, EXIT W BRANDON BLVD",Tampa,FL,28.0879,-82.4593,3.5007
66152,Flying J Travel Plaza #656,"I-65, EXIT 95 & CR-500",Whiteland,IN,39.55531,-86.09348,3.959
66155,7-ELEVEN #36575,"I-35, EXIT 248",Pflugerville,TX,30.44213,-97.6299,2.899
66156,7-ELEVEN #36567,SR-6 & SR-21,Bryan,TX,30.6327,-96.36616,3.144
66172,Timewise Food Store #163,"I-35, EXIT 8",Laredo,TX,27.51554,-99.49858,2.9357
66173,TIMEWISE FOOD STORE #160,"I-10, EXIT 661",Flatonia,TX,29.70949,-97.09869,3.199
66174,TIMEWISE FOOD STORE #162,"I-10, EXIT 456",Junction,TX,30.47544,-99.74731,3.099
66176,PILOT #6996,"I-40, EXIT 364",Warsaw,NC,34.99818,-78.08674,3.4723
66177,PILOT #6978,"I-74/I-73/US-220, EXIT 44 & SR-211",Candor,NC,35.22335,-79.78762,3.999
66178,LOVES TRAVEL STOP #284,I-69C/US-281 & FM-2812,Edinburg,TX,26.30422,-98.15692,3.1107
66179,LOVES TRAVEL STOP #246,I-80 EXIT 46,Fernley,NV,39.60189,-119.23504,3.9157
66182,CIRCLE K #2706708,"I-185, EXIT 10",Midland,GA,32.56159,-84.85585,3.339
66183,CHEVRON CURB STORE,SR-35 & SR-21,Forest,MS,32.347,-89.4672,3.569
66184,HENRIETTA TRUCK STOP,"I-390, EXIT 12 & I-90, EXIT 46",Henrietta,NY,43.04826,-77.61222,3.899
66185,TIGERMART OF BUFFALO,"I-45, EXIT 178 & US-79",Buffalo,TX,31.45715,-96.05852,3.599
66186,STRIPES #40813,US-281 & SR-285,Falfurrias,TX,27.22416,-98.14084,3.0873
66195,MOBIL,"I-495, EXIT 26 & SR-62",Berlin,MA,42.38444,-71.63563,3.699
66196,EXXON TIGER MART,"I-35, EXIT 386",Italy,TX,32.17851,-96.88229,3.1223
66198,CIRCLE K #2703117,"I-20, EXIT 11",Graniteville,SC,33.56302,-81.81469,3.159
66221,ROAD RANGER #236,"I-43, EXIT 38",East Troy,WI,42.80353,-88.40922,3.0823
66223,7-ELEVEN #36548,SR-83,Laredo,TX,27.51554,-99.49858,2.999
66224,ROAD RANGER #235,"I-90, EXIT 36",Hampshire,IL,42.08075,-88.51703,3.369
66225,ROAD RANGER #140,"I-39, EXIT 72",Mendota,IL,41.54431,-89.10828,3.269
66227,Pilot Travel Center #482,"I-57, EXIT 95",Mount Vernon,IL,38.31701,-88.91053,3.359
66229,LOVES TRAVEL STOP #308,"I-40, EXIT 86 & SR-226",Marion,NC,35.68192,-82.01799,3.739
66230,PETRO COLBY TRUCKSTOP,"I-70, EXIT 53 & SR-25",Colby,KS,39.38304,-101.04417,3.599
66235,LOVES TRAVEL STOP #291,"I-75, EXIT 95 & SR-627",Richmond,KY,37.7546,-84.29553,3.599
66236,LOVES TRAVEL STOP #309,"I-80, EXIT 332 & SR-14",Aurora,NE,40.85284,-98.02011,3.289
66237,ROUTE 66 TRAVEL CENTER,"I-40, EXIT 140",Albuquerque,NM,35.0936,-106.6423,3.359
66238,BETTY BEAVERS TRUCKSTOP,"I- 90, EXIT 29",Canajoharie,NY,42.88239,-74.58352,3.599
66239,Hola,US-27/SR-80/SR-25,South Bay,FL,26.67013,-80.73121,3.419
66241,PUMP & PANTRY #29,US-30,Central City,NE,41.12126,-98.00169,3.3373
66242,PUMP & PANTRY #23,"US-34, EXIT 4TH AVE",Holdrege,NE,40.44753,-99.36723,3.449
66243,CIRCLE K #4707000,SR-9,Baileyville,ME,45.13323,-67.41752,3.899
66244,STRIPES #40809,"I-37, EXIT 56",George West,TX,28.32039,-98.11616,3.044
66247,GULF OIL #5045,I-90 EXIT 83,Charlton,MA,42.1379,-71.96638,3.909
66248,CIRCLE K #4707046,"I-95, EXIT 6",Scarborough,ME,43.57806,-70.32222,3.909
66249,CIRCLE K #4707206,SR-125,Epping,NH,43.04105,-71.07637,3.7673
66250,SPEEDWAY #6973,US-1,Wake Forest,NC,35.98154,-78.53921,2.949
66252,CIRCLE K #4707023,US-1A,Holden,ME,44.74221,-68.64831,3.7323
66255,CIRCLE K #4707217,US-2 & SR-16,Gorham,NH,44.3996,-71.17998,3.7507
66257,LOVES TRAVEL STOP #310,"I-80/US-30, EXIT 173",Wamsutter,WY,41.65828,-108.15167,3.723
66258,CIRCLE K #4707208,"I-93, EXIT 23",New Hampton,NH,43.61839,-71.64351,3.659
66259,CEFCO #48,"I-35, EXIT 304",Temple,TX,31.08952,-97.33426,2.9657
66261,CIRCLE K #2723123,"I-95, EXIT 71",Dunn,NC,35.31651,-78.61508,3.1423
66263,One9 SPEEDWAY #6753,"I-78, EXIT 1",Fleetwood,PA,40.44677,-75.8144,3.8323
66266,7-ELEVEN #40508,"I-80, EXIT 90",Elkhart,IN,41.71008,-85.97295,3.999
66267,TA DEMOTTE TRAVEL CENTER,"I-65, EXIT 230",Demotte,IN,41.17132,-87.24913,3.4473
66272,MOOSETRACKS #752,"I-85, EXIT 113",High Point,NC,35.95931,-80.01167,3.114
66273,PETRO STOPPING CENTER,"I-59, EXIT 181 & US-77",Gadsden,AL,33.99725,-86.01028,3.999
66274,FLYING J TRAVEL PLAZA #692,"I-80, EXIT 352 & US-93",Wells,NV,41.1298,-114.53275,3.709
66278,PILOT TRAVEL CENTERS #394,"I-84, EXIT 6",Newburgh,NY,41.51783,-74.03598,4.359
66284,JOLLEY #150,"I-89, EXIT 19",Saint Albans,VT,44.81114,-73.08903,3.539
66285,QUIKTRIP #787,"I-675, EXIT 5",Ellenwood,GA,33.61,-84.28806,3.109
66286,CASEYS #4205,"I-40/75, EXIT 374",Knoxville,TN,35.9609,-83.9189,3.099
66290,ABBYLAND TRUCK STOP,"SR-29, EXIT 127",Curtiss,WI,44.96019,-90.45922,3.4623
66292,LOVES TRAVEL STOP #311,"I-20, EXIT 9",Waco,GA,33.68399,-85.21967,3.3907
66293,One9 #254,"I-24, EXIT 169",Wildwood,GA,34.97791,-85.43046,3.099
66294,FLYING J TRAVEL PLAZA #667,"I-69, EXIT 81SB / I-96, EXIT 9",Grand Ledge,MI,42.75292,-84.73731,3.959
66295,LOVES TRAVEL STOP #432,"I-94/I-41, EXIT 322 & SR-100",Oak Creek,WI,42.88916,-87.90266,3.867
66299,XTRA MART #10093,SR-146,Millbury,MA,42.19678,-71.76444,3.649
66300,PILOT TRAVEL CENTERS #149,"I-40, EXIT 42 & SR-222",Stanton,TN,35.44817,-89.33263,3.509
66301,KWIK TRIP #743,US-10 & SR-114,Menasha,WI,44.21116,-88.41754,3.5073
66303,KWIK TRIP #787,US-51 & CR-JJ,Schofield,WI,44.90641,-89.58179,3.4157
66307,CM ST HELENA,SR-16,Amite,LA,30.71821,-90.57049,3.399
66310,FLYING J #620,"I-70, EXIT 49",Smithton,PA,40.14427,-79.73128,4.109
66313,LOVES TRAVEL STOP #313,"I-55, EXIT 58 & SR-80",Matthews,MO,36.80753,-89.57683,3.2773
66314,PS FOOD MART #1042,"US-23, EXIT 17",Dundee,MI,41.95143,-83.65216,3.429
66315,SPEEDWAY #6748,"I-94, EXIT 34 & US-421",Michigan City,IN,41.69803,-86.8699,3.6823
66316,CASEYS #4204,SR-168,Knoxville,TN,35.9609,-83.9189,3.259
66317,LOVES TRAVEL STOP #314,I-24 EXIT 89,Christiana,TN,35.74088,-86.40793,3.4623
66318,ROAD RANGER #242,"I-44, EXIT 163",Saint Robert,MO,37.82806,-92.1775,3.264
66319,ROAD RANGER #211,I-90 & RIVERSIDE BLVD,Loves Park,IL,42.32952,-89.03352,3.469
66320,SPEEDWAY #8772,"I-69, EXIT 168 & SR-53",Imlay City,MI,43.04251,-83.0708,3.779
66322,LOVES TRAVEL STOP #318,"I-57, EXIT 83 & CR-42",Ina,IL,38.15274,-88.88936,3.389
66323,PILOT TRAVEL CENTERS #905- TOWN PUMP,"I-90, EXIT 109",Milltown,MT,46.87139,-113.88083,3.609
66328,LOVES TRAVEL STOP #320,"I-16/SR-404, EXIT 49 & SR-257",Dublin,GA,32.54779,-82.90368,3.3323
66329,CIRCLE K #2723438,"I-85, EXIT 96",Gaffney,SC,35.06151,-81.64906,3.199
66332,PWI #172,"I-45, EXIT 258",Palmer,TX,32.43871,-96.67943,2.7757
66334,Hucks Travel Center #052,"I-24/I-69, EXIT 40 & US-641/US-62/SR-93",Kuttawa,KY,37.06187,-88.14981,3.699
66337,ZIP TRIP #60,"I-25, EXIT 299 & US-16/SR-196",Buffalo,WY,44.34847,-106.70726,3.5807
66338,SHELL,"I-30, EXIT 160 & US-271/SR-49 & US-67",Mount Pleasant,TX,33.17331,-94.96946,3.899
66339,PILOT DEALER #873,US-27,Miami,FL,25.779,-80.1982,3.699
66341,7-ELEVEN #218,"I-44, EXIT 4",Harrold,TX,34.0971,-99.03505,2.6873
66342,ONE9 #398,"I-75, EXIT 109",Vienna,GA,32.09129,-83.7922,3.109
66346,PILOT TRAVEL CENTERS #247,"I-74, EXIT 39 & SR-32",Crawfordsville,IN,40.03252,-86.90742,3.899
66348,PIT STOP,I-40 EXIT 221,Wheatley,AR,34.9207,-91.10864,2.999
66349,CIRCLE K #2741796,"I-40, EXIT 5",Little Rock,AR,34.74834,-92.28194,3.3657
66352,KWIK TRIP #871,"US-41, EXIT 124 & SR-76",Oshkosh,WI,44.02196,-88.54363,3.2907
66353,MOTOMART #3361,"I-55, EXIT 129",Perryville,MO,37.71744,-89.87366,2.989
66355,CIRCLE K #2723439,"I-26, EXIT 5",Campobello,SC,35.108,-82.14034,3.1323
66357,LOVES TRAVEL STOP #351,"I-80 & E 8TH RD, EXIT 81",Utica,IL,41.36303,-89.00079,3.289
66361,SHADY NOOK,US-61/US-49,Lyon,MS,34.24737,-90.49815,3.999
66362,TA FLORENCE TRAVEL CENTER,"I-95, EXIT 164 & US-52",Florence,SC,34.18375,-79.77279,3.3257
66363,LOVES TRAVEL STOP #178,"US-35/KS TPKE, MM 26",Belle Plaine,KS,37.40516,-97.28522,3.329
66364,SHELL,"I-4, EXIT 64",Plant City,FL,28.0168,-82.1289,3.4473
66365,LIBERTY,US-202,Ringoes,NJ,40.44587,-74.82884,3.399
66368,PETRO STOPPING CENTER #371,"I-90, EXIT 41",Waterloo,NY,42.90452,-76.8755,4.1957
66369,LOVES TRAVEL STOP #319,"I-74, EXIT 61",Pittsboro,IN,39.86153,-86.46455,3.889
66370,SPEEDWAY #6979,US-301,Wilson,NC,35.72702,-77.92273,3.129
66371,RAPIDES STATION TRUCK STOP,"I-49, EXIT 94",Boyce,LA,31.3216,-92.68668,3.099
66372,CEFCO #54,"I-35, EXIT 292",Belton,TX,31.0723,-97.47203,2.9523
66374,BROOKSHIRE BROS #6111,US-259,Nacogdoches,TX,31.61853,-94.65109,3.369
66376,SUBS AND GRUBS,"I-63, EXIT 39",Jonesboro,AR,35.83302,-90.69653,3.389
66377,QUIKTRIP #873,"I-35W, EXIT 42",Fort Worth,TX,32.7469,-97.3268,2.9757
66382,STATELINE CONOCO,"I-35, EXIT 114",Eagleville,MO,40.4912,-93.99506,3.549
66383,TENAHA EXPRESS MART,US-96 & US-84,Tenaha,TX,31.94081,-94.24877,3.299
66385,TA EXPRESS MINDEN,"I-20, EXIT 52",Minden,LA,32.63228,-93.28859,3.114
66386,SPEEDWAY #4631,US-220,Bassett,VA,36.75343,-80.00551,3.4157
66388,Gas n Go,"I-75, EXIT 117 AT MILE 117",Pinehurst,GA,32.19669,-83.72085,3.099
66392,MISSILE MART #10,"I-40, EXIT 161",El Dorado,AR,33.20735,-92.66286,3.499
66393,VILLAGE PANTRY #5210,"I-74, EXIT 206",Oakwood,IL,40.11666,-87.7825,3.179
66396,CIRCLE K #2723988,"I-55, EXIT 61 & SR-38",Kentwood,LA,30.88922,-90.47283,3.299
66399,CIRCLE K #2723672,"I-59/I-20, EXIT 128",Birmingham,AL,33.519,-86.8014,3.699
66400,PWI #640,"I-10/US-95, EXIT 5",Ehrenberg,AZ,33.60417,-114.52444,3.359
66404,QUICK FUEL #5302,"I-635, EXIT 14",Garland,TX,32.92274,-96.6248,3.0873
66405,FLYING J FUEL STOP #668,"I-75, EXIT 151",Saginaw,MI,43.40469,-83.91563,3.289
66406,LOVES TRAVEL STOPS #317,"I-95, EXIT 4 & SR-629",Skippers,VA,36.57968,-77.54366,3.789
66407,CIRCLE K #2723668,SR-35,Fort Payne,AL,34.43679,-85.71239,3.649
66410,SIBLEY FOOD FUEL,US-72/SR-20 & CR-150,Courtland,AL,34.67187,-87.31426,3.399
66416,DUCK THRU FOOD STORE #18,US-13,Winton,NC,36.38262,-76.93601,3.5623
66420,PILOT TRAVEL CENTER #911,I-90 EXIT 47,Superior,MT,47.1721,-114.88848,3.559
66422,PLAQUEMINE TRUCK STOP,ST 1,Plaquemine,LA,30.26841,-91.25236,3.999
66424,CIRCLE K #2741652,"I-10, EXIT 139",Phoenix,AZ,33.451,-112.0685,3.369
66425,CLARK OIL #31,"I-10, EXIT 44",Biloxi,MS,30.40348,-88.89714,2.849
66428,SHELL,US-167,Hensley,AR,34.59113,-92.21402,3.589
66437,PILOT #4596,"I-81, EXIT 4",White Pine,TN,36.0903,-83.28792,3.699
66439,JACK FLASH,I-55,Farmersville,IL,39.45305,-89.64272,3.199
66440,BP CONNECT #4701,I-55,Chicago,IL,41.88585,-87.61812,3.569
66447,CIRCLE K #4701207,"U-55, EXIT 220",Dwight,IL,41.0887,-88.41588,3.349
66448,HAMMOND TRAVEL CENTER,"I-55, EXIT 31B & US-190/SR-3260",Hammond,LA,30.51908,-90.48786,3.099
66449,CITGO,"I-55, EXIT 67",Blytheville,AR,35.93448,-89.9225,3.389
66451,EZ MART #304,M-57,Middleton,MI,43.16891,-84.75522,3.699
66454,Fast Stop Shell,I-10,Reserve,LA,30.06026,-90.55177,3.799
66456,TEXACO #383124,SR-70,Saint James,LA,30.0276,-90.86055,2.969
66460,CASH MAGIC BROUSSARD NORTH,"I-49, EXIT 103",Broussard,LA,30.12189,-91.95017,3.399
66461,YESWAY #1167,US-62 & CR-41/CR-168,Ropesville,TX,33.4575,-102.15841,3.0407
66465,Knapp Truck Stop,"I-64, EXIT 50 & SR-127",Nashville,IL,38.33521,-89.38406,3.299
66470,CIRCLE K #9068,"I-65, EXIT 181",Millbrook,AL,32.49948,-86.36413,3.2157
66472,DIAMOND #21,"I-65, EXIT 54",Atmore,AL,31.05725,-87.48735,3.259
66474,FAMCO EXPRESS,"I-690, EXIT 8",Syracuse,NY,43.0459,-76.1528,3.299
66475,SPEEDWAY #4346,SR-7,Calexico,CA,32.68323,-115.50281,4.799
66478,LOVES TRAVEL STOP #175,"I-70, EXIT 187",Tecumseh,KS,39.02166,-95.53793,3.289
66480,LOVES TRAVEL STOP #360,"I-65, EXIT 58 & SR-218 & SR-335",Horse Cave,KY,37.18494,-85.87855,3.429
66487,COMPASS,"I-55, EXIT 282",La Grange,IL,41.80134,-87.87525,3.549
66488,HUCKS FOOD & FUEL #54,I-74,Farmer City,IL,40.24469,-88.66339,3.269
66495,SUPER SAVER EXPRESS,"I-10, EXIT 21",Sulphur,LA,30.219,-93.36391,2.999
66496,EXXON FUEL EXPRESS,"I-10/SR-8, EXIT 31 & SR-87",Milton,FL,30.66041,-87.04728,3.999
66502,SHOP RITE #82,"I-10, EXIT 64",Jennings,LA,30.22011,-92.6574,3.589
66504,COUNTRY BOYS COUNTRY STORE,"I-10, EXIT 813",Hankamer,TX,29.87524,-94.59385,2.8657
66507,ST IGNACE TRUCKSTOP,I-75,Saint Ignace,MI,45.92153,-84.70941,3.799
66508,SAMS SUNOCO,I-75,Toledo,OH,41.642,-83.5438,3.399
66509,FOUR STAR FOOD MART,"I-75, EXIT 122",Lima,OH,40.76407,-84.0973,3.144
66512,MARATHON #1554,"I-75, EXIT 21",Newport,MI,41.97658,-83.28044,3.299
66513,SUNRISE STORE,"I-75, EXIT 212",West Branch,MI,44.27903,-84.22862,3.199
66514,BIGFOOT TRAVEL CENTER,"I-75, EXIT 29",Hahira,GA,30.94159,-83.35737,3.099
66516,ADEL TRUCK PLAZA,"I-75, EXIT 39",Adel,GA,31.12514,-83.42135,2.999
66517,ADMIRAL PETROLEUM #5796,"I-75, EXIT 392",Sault Sainte Marie,MI,46.47393,-84.34675,3.799
66518,Racetrac #2622,"I-75, EXIT 60",Valdosta,GA,30.81058,-83.27717,3.0323
66523,LOVES TRAVEL STOP #325,"I-75, EXIT 59 & SOUTHWELL BLVD",Tifton,GA,31.45028,-83.50861,3.609
66525,BP,"I-76, EXIT 6",Luna Pier,MI,41.81537,-83.43617,3.399
66527,TA EXPRESS #648,"I-76, EXIT 90A",Brush,CO,40.26026,-103.62788,4.099
66528,GO MART FOOD STORE #99,US-50 & SR-14,Parkersburg,WV,39.26443,-81.53541,3.489
66529,7-ELEVEN #36076,"I-77, EXIT 73 & US-421",Hamptonville,NC,36.12425,-80.81369,2.899
66531,MIDWAY EXXON TRAVEL CENTER,"I-78, EXIT 16",Bethel,PA,40.48083,-76.27421,3.359
66532,PETRO PLAZA,"I-78, EXIT 17",Hampton,NJ,40.67735,-74.96222,3.2657
66534,LOVES TRAVEL STOP #347,"I-70, EXIT 101 & SR-5",Boonville,MO,38.95364,-92.74497,3.509
66537,BECKS EXPRESS MART #26,"I-80, EXIT 19",Geneseo,IL,41.46881,-90.17113,3.269
66538,KUM & GO #0023,"I-80, EXIT 23",Neola,IA,41.45638,-95.67936,3.1573
66539,SOUTH RIDGE FARM MARKET,"I-80, EXIT 6",Clyde,OH,41.3024,-82.99185,3.399
66547,OLD STONE JIFFY MART,"I-81, EXIT 321",Clear Brook,VA,39.26546,-78.09879,3.599
66548,YESWAY #1156,US-84 & SR-289,Lubbock,TX,33.58653,-101.86063,2.9507
66550,CIRCLE K #2709663,"I-82, EXIT 730",Umatilla,OR,45.91573,-119.31372,3.639
66552,GEM STOP,I-84,Marsing,ID,43.53987,-116.82397,3.5857
66553,JACKSONS FOOD STORE #83,"I-84, EXIT 304",Baker City,OR,44.7801,-117.82863,3.599
66556,PILOT TRAVEL CENTER #899- SLIP IN,I-85,South Hill,VA,36.71239,-78.15339,3.959
66560,Sunoco,"I-85, EXIT 11",Townville,SC,34.52264,-82.89633,3.199
66562,TA EXPRESS FAIR PLAY,"I-85, EXIT 4",Fair Play,SC,34.57755,-82.99987,3.209
66564,SPEEDWAY #6954,US-70,High Point,NC,35.95931,-80.01167,3.049
66565,KWIK FILL #395,"I-86, EXIT 12",Jamestown,NY,42.09284,-79.24399,4.469
66571,LEXINGTON GULF,"I-128, NORTH MASS PIKE",Lexington,MA,42.4558,-71.2193,4.299
66573,Brake Time Corner Market,"I-135, EXIT 14",Wichita,KS,37.6898,-97.3415,3.299
66579,GULF OIL LP #5010,"I-90, EXIT 2",Lee,MA,42.29899,-73.2317,3.914
66582,PWI #807,"I-15, EXIT 163 & SR-99",Fillmore,UT,38.98054,-112.33132,3.374
66584,MOAPA PAIUTE TRAVEL CENTER,"I-15, EXIT 75",Moapa,NV,36.67583,-114.62,3.3323
66586,CIRCLE K #4707609,US-20 & SR-12,Sangerfield,NY,42.91389,-75.37944,4.099
66588,CUBBYS #402,"I-90, EXIT 330",Mitchell,SD,43.71092,-98.02703,3.149
66594,FRIENDLY GUS STORE #23,I-16/SR-19,Dublin,GA,32.54779,-82.90368,3.399
66595,GULF OIL LP #5040,"I-90, EXIT 9",Charlton,MA,42.1379,-71.96638,3.909
66597,BP,"I-16, EXIT 90 & US-1",Twin City,GA,32.61293,-82.19786,3.7823
66598,WOODSHED LL,I-166 & I-169,S Coffeyville,OK,36.98368,-95.60651,3.099
66601,LOVES TRAVEL STOP #323,"I-69, EXIT 264 & SR-18",Marion,IN,40.57433,-85.67413,3.5757
66603,COFFEE CUP FUEL STOP #7,"I-90, EXIT 406 & SR-11",Brandon,SD,43.59641,-96.5782,2.9773
66604,GALLOPS,"I-90, I-80, EXIT 40",La Porte,IN,41.59944,-86.70765,3.549
66606,BART INDUSTRIES,"I-91, EXIT 6",Bellows Falls,VT,43.1482,-72.46637,3.709
66607,7-ELEVEN #37392,"I-93, EXIT 5",Londonderry,NH,42.86556,-71.37719,3.799
66608,CASEYS #2650,I-94/US-52 EXIT 135 & CR-173,Melrose,MN,45.65818,-94.81977,3.179
66612,STOP N GO #1709,"I-94, EXIT 105",Hixton,WI,44.39778,-91.03909,3.2373
66613,LOVES TRAVEL STOP #362,"I-10, EXIT 7 & SR-3063",Vinton,LA,30.20152,-93.57281,3.3057
66614,MARATHON,"I-94, EXIT 212A",Detroit,MI,42.34743,-83.0604,3.699
66615,KWIK TRIP #396,"I-94, EXIT 295",Waukesha,WI,42.9993,-88.21956,3.399
66618,CIRCLE K #2723378,I-95,Sumter,SC,33.9282,-80.32101,3.159
66620,Shell,"I-95, EXIT 130",Ashland,VA,37.73948,-77.47837,3.264
66622,DUNCAN TRUCK STOP,"I-95, EXIT 15",Jersey City,NJ,40.7164,-74.038,3.409
66624,Sunoco,"I-95, EXIT 25",Croydon,PA,40.09332,-74.89908,3.659
66625,EXIT 43 QUICK STOP,"I-95, EXIT 43",Richmond,ME,44.10421,-69.82108,3.7657
66628,Chevron,"I-95, EXIT 5 & US-17",Hardeeville,SC,32.26351,-81.06687,3.0073
66631,SPEEDWAY #3589,I-96,Lake Odessa,MI,42.78634,-85.13567,3.599
66632,SHELL FOOD MART AND TRUCKSTOP,I-985,Gainesville,GA,34.30727,-83.8256,3.399
66635,C  BARN,US-67,Park Hills,MO,37.85555,-90.52735,3.049
66637,BERKLYS TRAVEL CENTER,US-281,Round Mountain,TX,30.44288,-98.43651,3.3157
66640,Kent Kwik #928,US-82/SR-6 & SR-5/SR-25,Brent,AL,32.93567,-87.21139,3.099
66643,DEERFIELD TRAVEL CENTER,"I-55, EXIT 8",Steele,MO,36.09153,-89.83459,2.9757
66645,ALLSUPS #2390,"I-20/US-84, EXIT 270",Merkel,TX,32.44437,-99.99244,2.8757
66648,CHEVRON,"I-20, EXIT 113",Bessemer,AL,33.409,-86.94755,3.099
66649,CHOCTAW TRAVEL PLAZA #637,US-59 & CR-E1452,Heavener,OK,34.83527,-94.61849,3.299
66659,MARATHON,SR-37,Mitchell,IN,38.74262,-86.4761,3.599
66664,CASEYS #3294,"I-380/SR-27, EXIT 43 & SR-150",Urbana,IA,42.22417,-91.87417,3.449
66667,CIRCLE K #4701408,"I-36, EXIT 99",Rochelle,IL,41.92816,-89.07103,3.499
66668,ACME TRUCK STOP,"I-4, EXIT 96",Orlando,FL,28.49882,-80.58248,3.399
66669,CIRCLE K #2726032,I-40,Jacksonville,FL,30.3163,-81.4175,3.429
66670,SPEEDWAY #7930,"I-40, 1126 N MAIN ST",Lillington,NC,35.33195,-78.92122,3.759
66671,CIRCLE K #2723686,US-72,Scottsboro,AL,34.67227,-86.05134,3.2657
66673,MARATHON,SR-72,Huntsville,AL,34.72687,-86.56732,2.979
66676,HUTCH'S #118,"I-40, EXIT 108",Watonga,OK,35.85376,-98.41749,3.099
66678,NKS ROYAL TRUCKSTOP,"I-40, EXIT 16",Gallup,NM,35.50648,-108.74135,3.119
66680,BIG TOP TRAVEL CENTER,"I-20, EXIT 157",Delhi,LA,32.45043,-91.51249,2.969
66683,SUPERSTOP Shell,"I-40, EXIT 192",Stuttgart,AR,34.48536,-91.54874,3.4157
66689,ROSCOE TRAVEL PLAZA,"I-20, EXIT 235",Roscoe,TX,32.42756,-100.53909,2.759
66693,Allsup Marketplace #2400,"I-40, EXIT 356",San Jon,NM,35.11985,-103.2846,3.059
66705,7-ELEVEN,"I-44, EXIT 1/US-287",Wichita Falls,TX,33.90528,-98.49765,2.7607
66709,CIRCLE K #2709343,"I-24, EXIT 169",Wildwood,GA,34.97791,-85.43046,3.1457
66715,7-Eleven #34210,"I-25/US-87, EXIT 240 & SR-119",Longmont,CO,40.17792,-105.10095,3.189
66717,Fast Stop Travel Centers #1131,"I-25/US-87, EXIT 80",Wheatland,WY,42.04947,-104.96785,3.499
66718,Bartonville SHELL,"I-474, EXIT 6",Peoria,IL,40.6854,-89.5953,4.299
66720,MOUNTAIN ENERGY #126,"I-26, EXIT 13",Hendersonville,NC,35.31921,-82.49999,2.8457
66721,USA SPEEDTRAC,"I-49US-167, EXIT 11",Grand Coteau,LA,30.41972,-92.04667,3.399
66725,SPEEDWAY #9662,I-264,Louisville,KY,38.2435,-85.7639,3.029
66728,CIRCLE K #2723706,"I-81/US-52, EXIT 72 & I-77, EXIT 41",Wytheville,VA,36.94067,-81.09408,3.349
66734,Marathon,"I-675, Exit 7",Ellenwood,GA,33.61,-84.28806,3.009
66737,THE JUNCTION,US-59 & US-73,Atchison,KS,39.55941,-95.13041,3.279
66738,TREX MART #9,I-29,Dearborn,MO,39.51725,-94.76637,2.999
66739,ZIP TRIP #64,I-29,Brookings,SD,44.30562,-96.79141,3.399
66741,DEANS LANE VALERO,I-295,Monmouth Junction,NJ,40.39439,-74.54702,3.1457
66742,DEEP WATER TRUCK STOP,"I-295, EXIT 2C",Penns Grove,NJ,39.71794,-75.46562,3.279
66746,CASEYS #4246,"I-30, EXIT 123",Bryant,AR,34.60679,-92.49201,3.0323
66747,LOVES TRAVEL STOP #322,"I-90, EXIT 3",Roscoe,IL,42.42166,-88.99433,3.789
66749,BIG RIVER #18,"I-310 EXIT 2, & US-61",Saint Rose,LA,29.95807,-90.31243,3.099
66750,LOVES TRAVEL STOP #177,I-35,El Dorado,KS,37.82265,-96.8543,3.2557
66751,FAST N FRIENDLY,"I-35, EXIT 132",Emporia,KS,38.4184,-96.18715,3.6573
66756,CASEYS #2550,"I-35, EXIT 33 & US-34",Osceola,IA,41.0295,-93.77124,3.339
66760,LOVES TRAVEL STOP #326,I-26 EXIT 154A,Orangeburg,SC,33.50254,-80.85928,3.389
66761,SPEEDWAY #4589,US-501 & SR-90,Conway,SC,33.87307,-79.05571,3.064
66762,EXXON TIGER MART #44,"US-45, EXIT 249",Ennis,TX,32.3321,-96.62236,3.099
66763,SPEEDWAY #7998,US-52 & US-74,Wadesboro,NC,34.98094,-80.06959,3.6457
66765,STRIPES #40736,US-77/US-83,Olmito,TX,26.03917,-97.55611,2.999
66767,SPRINT MART #49,"I-22/US-78, EXIT 87 & SR-811",Tupelo,MS,34.25383,-88.72085,2.9923
66769,PETRO STOPPING CENTER #344,"I-95, EXIT 3",Kingsland,GA,30.79768,-81.70748,3.649
66771,FLYING J TRAVEL PLAZA #727,"I-69C/US-281, EXIT 8 & FM-1925",Edinburg,TX,26.30422,-98.15692,3.084
66773,STRIPES 7FLEET #42475,US-62,Hobbs,NM,32.72217,-103.13725,3.459
66774,Clark #4667,"I-80/I-90, EXIT 39 & SR-109",Delta,OH,41.5577,-83.9866,3.699
66775,GO MART,US-33 & CR-116,Rockbridge,OH,39.55091,-82.56257,3.499
66776,S&G #77,US-224 & US-23,Alvada,OH,41.04628,-83.37698,3.259
66778,LOVES TRAVEL STOP #169,"I-44, EXIT 179 & US-377/SR-99",Stroud,OK,35.78239,-96.68438,3.144
66784,Texaco #384529,US-80/SR-8 & SR-14,Selma,AL,32.41972,-87.02453,3.299
66785,WINFIELD TRUCK STOP,SR-129,Winfield,AL,33.93026,-87.79716,3.659
66786,Circle K #2741791,"I-40, EXIT 175 & SR-31",Lonoke,AR,34.78316,-91.92137,3.139
66787,TEXACO,"I-59, EXIT 67B",Hattiesburg,MS,31.31455,-89.30647,3.0657
66788,CIRCLE K #4703626,"I-75, EXIT 60 & SR-68",Sweetwater,TN,35.5957,-84.43042,3.289
66793,CIRCLE K #2723693,"I-526, EXIT 19 & SR-10-60",Charleston,SC,32.96222,-79.86533,2.9757
66795,FUEL MART #645,"I-90, EXIT 353",Spencer,SD,43.75568,-97.59361,3.499
66796,ROYAL FARMS #109,US-13 & SR-404,Bridgeville,DE,38.73663,-75.60877,3.259
66799,SHELL DBA ONE9 #1403,"I-75/SR-93, EXIT 451 & US-129",Jasper,FL,30.50291,-82.93219,3.244
66800,CIRCLE K #2743950,I-35,San Antonio,TX,29.46852,-98.52635,2.804
66801,SUNSTOP #330,"I-75, EXIT 460 & SR-6",Jennings,FL,30.54824,-83.13497,3.299
66802,MOBIL,US-27 & SR-66,Sebring,FL,27.49239,-81.43571,3.459
66803,Stripes,FM-2061 & FM-3072,Pharr,TX,26.17705,-98.18702,3.1657
66804,PWI #586,"I-80, EXIT 104 & US-191",Rock Springs,WY,41.60596,-109.23005,3.199
66805,CIRCLE K #2723553,US-27,Ringgold,GA,34.92052,-85.15491,3.0757
66807,QUICK FUEL #5303,"I-35E, EXIT 436A",Dallas,TX,32.99685,-96.79211,3.0457
66809,CASEYS #3449,SR-78,Wapello,IA,41.20698,-91.17192,3.349
66810,QUICK FUEL #3145,SR-83,Bensenville,IL,41.9536,-87.935,3.449
66812,FAMILY EXPRESS #47 (DISCOUNT AVAILABLE),"I-65, EXIT 201 & US-24/US-231",Remington,IN,40.76665,-87.15994,3.5523
66813,MCCLURE OIL #59,I-69 EXIT 259,Gas City,IN,40.4879,-85.60553,3.639
66815,MAXS #132,US-641 N,Murray,KY,36.60992,-88.30325,3.399
66816,CIRCLE K #4707082,"I-95, EXIT 132 & SR-139",Fairfield,ME,44.60964,-69.63321,3.899
66817,JOLLY TRUCK STOP,US-82/US-287,Wichita Falls,TX,33.90528,-98.49765,2.899
66819,ROAD RANGER #265,"I-88, EXIT 54",Dixon,IL,41.8478,-89.4893,3.479
66820,CM BREAUX BRIDGE,"I-10, EXIT 109",Breaux Bridge,LA,30.27495,-91.9059,3.299
66821,DENTON GOOSE CREEK,SR-404/SR-619,Denton,MD,38.87793,-75.83607,3.259
66822,WILD BILL'S,I-78,Sherman,MS,34.35917,-88.84111,2.919
66824,STRIPES #42435,US-87/US-277,San Angelo,TX,31.47817,-100.48175,2.799
66833,STRIPES #5148,US-281,Pharr,TX,26.17705,-98.18702,3.399
66834,ROAD RANGER #186,"I-39/US-51, EXIT 27 & SR-2/CR-2200",Minonk,IL,40.8985,-89.03486,3.339
66838,RUTTERS #96,US-322 & SR-655,Milroy,PA,40.72033,-77.55674,4.0507
66843,FLYING J TRAVEL PLAZA #728,"I-10, EXIT 37",El Paso,TX,31.75841,-106.47831,3.0923
66844,CIRCLE K #2706984,US-77 & CR-1356,Kingsville,TX,27.50742,-97.8596,2.8223
66845,CIRCLE K #2723643,SR-431,Dothan,AL,31.20289,-85.41804,3.5823
66846,CIRCLE K #2723664,US-280,Childersburg,AL,33.26693,-86.33762,3.899
66847,CIRCLE K #2723667,"I-20, EXIT 185 & SR-21",Oxford,AL,33.59683,-85.83347,2.999
66848,CIRCLE K #2723695,"I-55, EXIT 265",Senatobia,MS,34.63231,-89.8855,3.199
66850,Stripes,ST 77,Riviera,TX,27.32174,-97.77871,3.1257
66853,LOVES TRAVEL STOP #327,US-77 & FM-1898,Kingsville,TX,27.50742,-97.8596,3.1557
66854,TA WAPAKONETA TRAVEL CENTER,"I-75, EXIT 111",Wapakoneta,OH,40.56898,-84.17738,3.2823
66856,Speedway #4800,"I-94, EXIT 183",Clearwater,MN,45.38769,-94.04525,3.199
66858,LOVES TRAVEL STOP #328,"I-10, EXIT 162",Chandler,AZ,33.33009,-111.86316,3.469
66862,LOVES TRAVEL STOP #330,I-40 EXIT 280 & SR-56,Baxter,TN,36.12492,-85.63777,3.234
66863,101 TRAVEL PLAZA,"I-40, EXIT 101 & SR-104",Cedar Grove,TN,35.86126,-88.5517,2.999
66865,FLYING J FUEL STOP #741,US-287/US-281/US-82 & SR-473,Wichita Falls,TX,33.90528,-98.49765,3.1257
66867,KWIK STAR #212,"US-61, EXIT 156",Maquoketa,IA,42.07782,-90.67708,3.624
66868,STRIPES #40604,US-83,Mission,TX,26.24153,-98.34265,2.8823
66869,SPEEDWAY #4630,US-220 BUS & CR-782,Ridgeway,VA,36.5874,-79.86859,3.409
66870,PETRO STOPPING CENTER NAPOLEON,"US-24/US-6/CR-3, EXIT 41",Napoleon,OH,41.39097,-84.14327,3.7057
66874,FLYING J TRAVEL PLAZA #733,"I-27, EXIT 4 & US-82",Lubbock,TX,33.58653,-101.86063,3.3323
66876,PILOT TRAVEL CENTERS #156,SR-1633 & SR-813 & SR-9004,Mortons Gap,KY,37.23667,-87.47528,3.629
66877,PILOT TRAVEL CENTER #916- TOWN PUMP,US-93 & US-12,Lolo,MT,46.7585,-114.10973,3.609
66878,PILOT TRAVEL CENTER #915- TOWN PUMP,"I-90, EXIT 455",Billings,MT,45.77449,-108.50045,3.5807
66879,TA EXPRESS,"I-40, EXIT 101",Atkins,AR,35.24495,-92.9507,3.3407
66880,LOVES TRAVEL STOP #324,I-80 EXIT 242 & SR 339,Mifflinville,PA,41.02347,-76.2924,3.9657
66881,PLAZAGO TRUCKSTOP,US-50/SR-61 & SR-96/SR-14,South Hutchinson,KS,38.00731,-97.90814,3.269
66888,LOVES TRAVEL STOP #334,"I-84, EXIT 211 & US-30/SR-24",Heyburn,ID,42.55992,-113.77089,3.8923
66890,CASEYS #4223,US-25E,Middlesboro,KY,36.61719,-83.72308,3.489
66892,LOVES TRAVEL STOP #336,"I-94, EXIT 112",Marshall,MI,42.27205,-84.95828,3.489
66893,ONE9 #1291,US-287 & CR-174,Bowie,TX,33.5568,-97.83734,2.9123
66894,PILOT TRAVEL CENTERS #259,US-69,Muskogee,OK,35.73066,-95.37549,3.3223
66895,TA Express Tonkawa,"I-35, EXIT 40 & US-60",Tonkawa,OK,36.68062,-97.30634,3.294
66897,FLYING J TRAVEL PLAZA #604,"I-65, EXIT 158",Hope Hull,AL,32.22426,-86.39319,3.309
66898,PILOT TRAVEL CENTERS #384,"I-95, EXIT 58",Colonial Heights,VA,37.26997,-77.40383,3.799
66899,LOVES TRAVEL STOP #333,"I-77, EXIT 83",Fort Mill,SC,35.00737,-80.94508,3.3807
66900,DODGE CITY PETRO #397,"I-65, EXIT 299 & SR-69",Hanceville,AL,34.05157,-86.78484,3.919
66902,CIRCLE K #4707239,SR-103,Warner,NH,43.30351,-71.83535,3.9323
66905,CIRCLE K #4707212,SR-27,Raymond,NH,43.03251,-71.19116,3.759
66906,LOVES TRAVEL STOP #331,"I-45, EXIT 272",Hutchins,TX,32.63959,-96.70702,3.1023
66908,CIRCLE K #2723708,"I-81, EXIT 77",Wytheville,VA,36.94067,-81.09408,3.3657
66911,LOVES TRAVEL STOP #343,"I-20 & I-59, EXIT 165",Toomsuba,MS,32.42958,-88.48923,3.009
66912,LOVES TRAVEL STOPS #335,"I-15, EXIT 62 & SR-130",Cedar City,UT,37.68954,-113.07451,3.649
66914,FLYING J TRAVEL PLAZA #683,"I-95, EXIT 106",Kenly,NC,35.60774,-78.13823,3.709
66915,CIRCLE K #2723716,"I-81, EXIT 84",Max Meadows,VA,36.91708,-80.92139,3.4623
66918,MINIT MART #647,"I-39, EXIT 35 & SR-17",Wenona,IL,41.05485,-89.04164,3.499
66920,7-ELEVEN #35562,"I-85, EXIT 32",Charlotte,NC,35.2269,-80.8433,3.379
66921,LOVES TRAVEL STOP #338,"I-95/SR-405, EXIT 90 & SR-144",Richmond Hill,GA,31.89615,-81.29403,3.364
66922,LOVES TRAVEL STOPS #339,"I-20, EXIT 115 & FM-1882",Odessa,TX,31.8465,-102.3663,3.549
66923,LOVES TRAVEL STOP #765,"I-85, EXIT 147",Commerce,GA,34.2216,-83.3874,3.2107
66925,FLYING J TRAVEL PLAZA #714,"I-77, EXIT 73",Rock Hill,SC,34.91507,-81.0129,3.399
66927,PILOT TRAVEL CENTER #41,I-64 EXIT 113 SE QUAD,Mount Sterling,KY,38.05482,-83.93877,3.759
66928,FLYING J TRAVEL PLAZA #730,"I-35/US-83, EXIT 13",Laredo,TX,27.51554,-99.49858,3.599
66929,FLYING J TRAVEL PLAZA #642,"I-255, EXIT 17",East Saint Louis,IL,38.63154,-90.13807,3.389
66931,CASEYS #3896,"I-380, EXIT 35",Center Point,IA,42.18984,-91.77576,3.449
66932,CIRCLE K #4701444,US-34 & SR-164,Monmouth,IL,40.9107,-90.64483,3.399
66935,FRANCIS CREEK TRAVEL PLAZA,SR-41,Francis Creek,WI,44.19996,-87.72001,3.384
66937,LOVES TRAVEL STOP #341,"I-44, EXIT 189",Rolla,MO,37.94853,-91.76035,3.3007
66939,KWIK TRIP #416,SR-172 & CR-GV,De Pere,WI,44.43878,-88.08061,3.3907
66941,PILOT TRAVEL CENTERS #367,"I-30, EXIT 87 & 88",Caddo Mills,TX,33.06827,-96.23909,3.169
66942,MAVERIK COUNTRY STORE #612,"I-15, EXIT 362",Brigham City,UT,41.50792,-112.01518,3.449
66944,LOVES TRAVEL STOP #316,"I-95, EXIT 273 & US-1",Ormond Beach,FL,29.2855,-81.0561,3.477
66945,PILOT TRAVEL CENTERS #159,"I-64, EXIT 211",Providence Forge,VA,37.42591,-77.07112,3.899
66948,CIRCLE K #4707618,"I-481, EXIT 8 & CR-82",East Syracuse,NY,43.07336,-76.05578,3.799
66951,BERKLYS TRAVEL CENTER #3,US-377/US-87,Brady,TX,31.1283,-99.3372,3.6157
66953,LOVES TRAVEL STOP #355,"I-65, EXIT 16",Memphis,IN,38.46418,-85.7775,3.949
66954,LOVES TRAVEL STOP #344,I-240 EXIT 21 & US-78/SR-4,Memphis,TN,35.0337,-89.9343,3.249
66955,LOVES TRAVEL STOP #349,"I-8, EXIT 3",Yuma,AZ,32.70151,-114.64236,3.5023
66956,LOVES TRAVEL STOP #348,"I-69/I-24, EXIT 27 & US-62",Calvert City,KY,37.01474,-88.38111,3.689
66957,LOVES TRAVEL STOP #346,I-65 EXIT 46 & SR-99,Columbia,TN,35.61558,-87.03803,3.789
66959,PILOT TRAVEL CENTERS #388,"I-20 & I-59, EXIT 151",Meridian,MS,32.35744,-88.65597,2.979
66961,CIRCLE K #2707020,"I-4, EXIT 32 & US-98/SR-700/SR-35",Lakeland,FL,28.03813,-81.93915,3.414
66962,PILOT TRAVEL CENTERS #242,"I-74, EXIT 109",Shelbyville,IN,39.50434,-85.78751,3.999
66963,SPARTA TRAVEL CENTER,"I-90, EXIT 28",Sparta,WI,43.95405,-90.81457,3.179
66964,PILOT TRAVEL CENTERS #239,US-30/US-23,Upper Sandusky,OH,40.82488,-83.29771,3.899
66965,EATONTON TRAVEL CENTER,US-441/US/129/SR-24,Eatonton,GA,33.31272,-83.36277,3.249
66966,LOVES TRAVEL STOP #352,I-71 EXIT 65,Jeffersonville,OH,39.65896,-83.56873,3.4223
66968,FLYING J TRAVEL PLAZA #675,US-136 & SR-27,Wayland,MO,40.44257,-91.60786,3.3057
66972,PETRO STOPPING CENTER #339,"I-90, EXIT 272",Spokane,WA,47.66649,-117.43653,3.959
66987,LOVES TRAVEL STOP #354,"US-78 & I-20, EXIT 172",Thomson,GA,33.47736,-82.4942,3.849
66993,PILOT TRAVEL CENTER #198,US-30 & US-31,Plymouth,IN,41.3339,-86.32409,3.859
66994,PILOT TRAVEL CENTERS #303,US-24/US-6 & SR-108,Napoleon,OH,41.39097,-84.14327,3.7107
66995,PILOT TRAVEL CENTERS #322,"I-86, EXIT 37",Bath,NY,42.34545,-77.32326,4.499
66997,LOVES TRAVEL STOP #289,"I-20, EXIT 49 & SR-531",Minden,LA,32.63228,-93.28859,3.149
67008,TA ST LOUIS EAST TRAVEL CENTER,"I-55, EXIT 18",Troy,IL,38.72427,-89.87085,3.379
67009,PILOT TRAVEL CENTERS #407,"I-35, EXIT 194",Clear Lake,IA,43.14061,-93.38498,3.659
67030,LOVES TRAVEL STOP #337,"I-90 & I-35, EXIT 11",Albert Lea,MN,43.65368,-93.37067,4.089
67034,LOVES TRAVEL STOP #356,"I-75, EXIT 167",North Baltimore,OH,41.1867,-83.68058,3.3473
67037,LOVES TRAVEL STOP #332,I-71 EXIT 204,Burbank,OH,40.96372,-81.99575,3.689
67038,PILOT TRAVEL CENTERS #260,US-82/SR-520 & SR-300,Albany,GA,31.56778,-84.16192,3.799
67039,ROAD RANGER #145,"I-44, EXIT 275",Fenton,MO,38.50149,-90.4683,3.359
67040,FLYING J TRAVEL PLAZA #603,US-431/SR-210 & US-231/SR-1,Dothan,AL,31.20289,-85.41804,3.999
67041,CIRCLE K #4707040,"I-95, EXIT 133 & US-201",Skowhegan,ME,44.77721,-69.69757,3.7257
67044,PILOT TRAVEL CENTER #1212,"I-10, EXIT 45",Salome,AZ,33.74814,-113.57146,3.959
67047,Circle K #2746490,"I-90, EXIT 332",Mitchell,SD,43.71092,-98.02703,3.064
67051,PILOT TRAVEL CENTERS #208,"I-44, EXIT 257",Pacific,MO,38.49217,-90.74797,3.324
67053,TA LAREDO TRAVEL CENTER,"I-35/US-83, EXIT 13",Laredo,TX,27.51554,-99.49858,3.649
67054,LOVES TRAVEL STOPS #436,"I-80, EXIT 118",Salt Lake City,UT,40.75585,-111.89666,3.649
67055,FLYING J TRAVEL PLAZA #641,I-15,Mccammon,ID,42.63362,-112.17576,3.749
67056,Arco,US-2 & US-59,Erskine,MN,47.66182,-96.01217,3.399
67057,PILOT TRAVEL CENTERS #146,"I-90, EXIT 12",Castleton On Hudson,NY,42.53824,-73.70953,3.999
67058,PILOT TRAVEL CENTER #368,"I-72, EXIT 144",Decatur,IL,39.82714,-88.92598,3.459
67060,PILOT TRAVEL CENTERS #151,"I-5, EXIT 99NE",Olympia,WA,47.01291,-122.87631,4.599
67063,PILOT TRAVEL CENTERS #330,"I-35, EXIT 184 SW",New Braunfels,TX,29.69473,-98.11304,3.399
67064,LOVES TRAVEL STOP #385,"I-40, EXIT 101 & US-281",Hinton,OK,35.4675,-98.33135,3.3857
67065,TA GREENWOOD TRAVEL CENTER,"I-20, EXIT 5 & US-79",Greenwood,LA,32.42403,-93.96925,3.1657
67066,LOVES TRAVEL STOP #361,"I-80, EXIT 168",Newton,IA,41.69917,-93.04546,3.7623
67067,LOVES TRAVEL STOP #377,"I-76/US-6, EXIT 31 & SR-52",Hudson,CO,40.06056,-104.65321,3.459
67069,FLYING J TRAVEL PLAZA #621,"I-70, EXIT 359 & US-24",Limon,CO,39.26389,-103.69167,3.874
67070,CASEYS #4225,"SR-155N, EXIT 26-A",Nashville,TN,36.16703,-86.77844,3.0623
67071,FAS MART #5154,"I-270, EXIT 3 & SR-3",Hartford,IL,38.82985,-90.07453,3.279
67073,PILOT TRAVEL CENTERS #81,"I-79, EXIT 99",Portersville,PA,40.94865,-80.17297,4.259
67075,CM FOREST GOLD,SR-16,Amite,LA,30.71821,-90.57049,3.399
67076,CASH MAGIC LUCKY MAGNOLIA,SR-63/SR-16,Denham Springs,LA,30.5821,-90.9341,3.399
67077,CASH MAGIC BROUSSARD SOUTH,US-90,Broussard,LA,30.12189,-91.95017,3.399
67078,CASH MAGIC SILVER FOX,SR-63/SR-16,Denham Springs,LA,30.5821,-90.9341,3.399
67081,LOVES TRAVEL STOP #376,"I-85/SR-403, EXIT 28 & SR-54/SR-100",Hogansville,GA,33.16438,-84.93086,3.689
67082,PILOT TRAVEL CENTERS #179,"I-81, EXIT 5-B",Hagerstown,MD,39.63202,-77.73722,3.959
67085,PILOT TRAVEL CENTERS #210,"I-287, EXIT 66 & SR-17",Mahwah,NJ,41.07447,-74.15597,3.899
67086,SPEEDWAY #7945,SR-24,Swansboro,NC,34.69907,-77.13501,3.699
67087,SPEEDWAY #8189,"I-40, EXIT 408 & SR-210 & US-117",Rocky Point,NC,34.43442,-77.92345,3.6057
67088,PILOT #4580,"I-26, EXIT 82",Prosperity,SC,34.18324,-81.53235,3.4257
67090,LOVES TRAVEL STOP #373,US-69 & PLATTER RD,Calera,OK,33.92887,-96.41021,3.229
67091,SPEEDWAY #7903,SR-211,Raeford,NC,34.98901,-79.22276,3.699
67092,SPEEDWAY #8288,US-64 & SR-149,Plymouth,NC,35.85083,-76.74315,3.2073
67094,SPEEDWAY #7943,US-64/SR-49 & US-220,Asheboro,NC,35.6935,-79.81968,3.5423
67095,SPEEDWAY #8297,US-17 & US-17 BYP,Chocowinity,NC,35.48141,-77.0868,3.1323
67096,SPEEDWAY #6997,I-95/US-301,Fayetteville,NC,35.05099,-78.84225,3.3957
67097,SPEEDWAY #8298,SR-11/SR-55,Kinston,NC,35.27833,-77.58597,3.353
67101,SPEEDWAY #7974,US-601 & SR-24/SR-27,Midland,NC,35.24772,-80.53185,3.429
67103,SPEEDWAY #8225,US-13/US-17 & US-64,Williamston,NC,35.66015,-77.04834,3.849
67106,PILOT TRAVEL CENTER #4656,"I-295, EXIT 3-A & US-460",Disputanta,VA,37.14827,-77.27317,3.5723
67107,SPEEDWAY/7fleet #4595,US-501 & SR-544,Conway,SC,33.87307,-79.05571,3.089
67108,SPEEDWAY/7fleet #4594,SR-90,Longs,SC,33.90641,-78.79336,3.309
67109,SPEEDWAY #4676,US-13/SR-32,Suffolk,VA,36.86682,-76.55981,3.799
67113,COLUMBUS WEST TRAVEL CENTER,"US-151, EXIT 118",Columbus,WI,43.33149,-89.02709,3.119
67114,SPEEDWAY #1415,"I-57, EXIT 306 & US-45/US-52",Kankakee,IL,41.11658,-87.86961,3.339
67115,CIRCLE K #3912,"I-24/SR-27, EXIT 155 & SR-28",Jasper,TN,35.0666,-85.61474,2.889
67117,MCCLURE OIL #65,US-31 & SR-38,Cicero,IN,40.12678,-86.02484,3.889
67118,ABELS QUIK SHOP #20,US-36 & CR-437,Hannibal,MO,39.70636,-91.38387,3.0657
67119,EASTWAY TRUCKSTOP,SR-80,Somerset,KY,37.07385,-84.60436,3.599
67120,LOVES TRAVEL STOP #379,"I-10 & CR 255, EXIT 262 SW",Lee,FL,30.39786,-83.28439,3.789
67121,BETTY BEAVERS TRUCKSTOP,"I-88, EXIT 12 & CR-48",Otego,NY,42.41333,-75.20788,3.819
67122,WORKMANS TRAVEL CENTER,"I-540, EXIT 24 & SR-282",Alma,AR,35.50004,-94.20734,3.3723
67125,LOVES TRAVEL STOP #370,I-80 EXIT 234,Hubbard,OH,41.1624,-80.57619,3.4657
67126,PILOT TRAVEL CENTERS #366,"I-40, EXIT 85 CHRISTMASVILLE RD",Jackson,TN,35.61022,-88.81401,3.509
67127,LOVES TRAVEL STOP #381,"I-65, EXIT 322 & CR-55",Falkville,AL,34.34765,-86.91309,3.849
67129,PILOT TRAVEL CENTER #920,"I-70, EXIT 54",Colby,KS,39.38304,-101.04417,3.634
67130,Pilot Travel Centers #473,"I-55, EXIT 248 & US-6",Channahon,IL,41.43466,-88.21379,3.359
67133,LOVES TRAVEL STOP #365,I-80 EXIT 352,Wells,NV,41.1298,-114.53275,3.7157
67137,PILOT TRAVEL CENTERS #485,"I-80, EXIT 173",Winnemucca,NV,40.96642,-117.74669,3.7707
67138,Kum N Go #0561,US-65 & SR-744,Springfield,MO,37.2152,-93.295,2.899
67139,LOVES TRAVEL STOP #383,I-71 EXIT 55 & SR-1039,Sparta,KY,38.72558,-84.88133,3.749
67140,Maverik Country Store #5069,I-35 EXIT 133,Ellsworth,IA,42.30086,-93.54898,3.0957
67141,KUM & GO #0022,"I-80, EXIT 182 & SR-146",Grinnell,IA,41.74208,-92.73443,3.1973
67143,ALL AMERICAN STORES #7,US-30,Fort Wayne,IN,41.0716,-85.1367,3.559
67149,HOOPS TRAVEL CENTER,I-39 & SR-21,Coloma,WI,44.02746,-89.49433,3.1823
67150,Maverik Country Store #5119,"US-30, EXIT 150",Ames,IA,42.02986,-93.6394,3.0823
67151,CASEYS #2523,"SR-163, EXIT 29 & SR-14",Monroe,IA,41.53562,-93.07255,3.199
67155,PILOT TRAVEL CENTER #1219,"I-70, EXIT 61",Vandalia,IL,38.94391,-89.10412,3.699
67158,GOLDEN GATE AUTO TRUCK PLAZA,"I-80 , EXIT 32",Sparks,NV,39.54725,-119.75559,3.539
67160,LOVES TRAVEL STOPS #378,"I-77, EXIT 132",Ripley,WV,38.80904,-81.70199,3.589
67162,PILOT TRAVEL CENTER #495,"I-80 , EXIT 201",Brooklyn,IA,41.73215,-92.42846,3.699
67163,LOVES TRAVEL STOP #358,"I-78, EXIT 23",Hamburg,PA,40.5488,-75.98736,3.8573
67164,FLYING J TRAVEL PLAZA #510,"I-15 , EXIT 188",Scipio,UT,39.245,-112.10333,3.689
67165,SOMERSET TRAVEL CENTER,"I-76 , EXIT 110",Somerset,PA,40.02481,-79.08081,4.219
67166,Circle K #4705726,US-33,Carroll,OH,39.79574,-82.70836,3.2457
67167,LOVES TRAVEL STOP #372,"I-84, EXIT 374",Ontario,OR,44.04156,-116.97827,3.689
67168,LOVES TRAVEL STOP #455,"I-70, EXIT 145",Ellis,KS,38.94713,-99.52851,3.623
67169,JD ORANGEBURG,US-301/US-601/SR-4,Orangeburg,SC,33.50254,-80.85928,3.3423
67170,FAST TRACK #410,"I-10, EXIT 258",Madison,FL,30.48021,-83.40668,3.749
67174,KWIK STAR #419,"US-218, EXIT 218",Charles City,IA,43.06833,-92.67606,3.539
67175,KWIK STAR #428,SR-9,Cresco,IA,43.36301,-92.12595,3.524
67178,KWIK STAR #701,US-63,Denver,IA,42.67314,-92.3417,3.499
67182,KWIK STAR #817,US-52 & SR-24,Calmar,IA,43.1974,-91.91258,3.579
67185,KWIK TRIP #385,SR-19/SR-3,Northfield,MN,44.45872,-93.16683,3.499
67186,KWIK TRIP #424,SR-15 & CR-26,Fairmont,MN,43.63759,-94.45095,3.399
67192,KWIK TRIP #464,US-63,Rochester,MN,44.04957,-92.48962,3.5407
67193,KWIK TRIP #609,SR-16 & SR-43,Rushford,MN,43.82163,-91.75365,3.499
67195,KWIK TRIP #646,US-169 & CR-53,Blue Earth,MN,43.63943,-94.09238,3.324
67196,KWIK TRIP #753,US-14 & SR-42,Eyota,MN,44.00429,-92.24407,3.6157
67200,KWIK TRIP #319,SR-13,Spencer,WI,44.73915,-90.31141,3.4757
67202,KWIK TRIP #328,US-53 & SR-95,Blair,WI,44.29684,-91.2235,3.2373
67204,KWIK TRIP #337,SR-65,New Richmond,WI,45.15982,-92.55133,3.499
67206,KWIK TRIP #352,US-53,Chippewa Falls,WI,44.9322,-91.38438,3.4073
67207,KWIK TRIP #354,SR-26,Watertown,WI,43.19472,-88.72889,3.3723
67208,KWIK TRIP #363,US-14 & CR-O,Richland Center,WI,43.36271,-90.39138,3.389
67209,KWIK TRIP #386,SR-64,Merrill,WI,45.18092,-89.6907,3.499
67211,KWIK TRIP #392,SR-49/SR-23,Ripon,WI,43.8454,-88.84243,3.3907
67219,KWIK TRIP #455,US-8 & SR-27,Ladysmith,WI,45.47194,-91.1088,3.2723
67220,KWIK TRIP #456,"US-18/151, EXIT 79 & CR-PB",Verona,WI,42.99991,-89.55225,3.579
67221,KWIK TRIP #457,"I-41/US-41, EXIT 116 & SR-44/SR-91",Oshkosh,WI,44.02196,-88.54363,3.2907
67223,KWIK TRIP #476,"US-53, EXIT 140",Rice Lake,WI,45.51047,-91.73354,3.4323
67226,KWIK TRIP #494,US-53 & SR-35,Onalaska,WI,43.89739,-91.23142,3.3357
67229,KWIK TRIP #740,SR-15,Hortonville,WI,44.32731,-88.62813,3.509
67230,KWIK TRIP #750,US-14/US-61/SR-35,La Crosse,WI,43.79894,-91.21749,3.299
67233,KWIK TRIP #807,US-10,Brillion,WI,44.17792,-88.08334,3.3657
67234,KWIK TRIP #847,SR-33 & SR-82/SR-80,Wonewoc,WI,43.62848,-90.23936,3.499
67235,FLYING J TRAVEL PLAZA #507,I-35,Jarrell,TX,30.74841,-97.60083,3.2207
67237,OUTPOST TRAVEL CENTER,US-79 & CR-111,Minden,LA,32.63228,-93.28859,3.1323
67239,RELAY STATION,SR-1,Shreveport,LA,32.50374,-93.7487,3.1323
67241,RELAY STATION 3,SR-175,Frierson,LA,32.24497,-93.69149,3.259
67242,SPEEDWAY #6940,"I-77, EXIT 85 & SR-268",Elkin,NC,36.28723,-80.85537,2.859
67243,LOVES TRAVEL STOP #386,"I-40, EXIT 9 & SR-95",Lake Havasu City,AZ,34.49288,-114.30808,3.9223
67245,SPEEDWAY #4582,US-378,Conway,SC,33.87307,-79.05571,3.089
67246,SPEEDWAY #7941,US-17 & SR-24,Jacksonville,NC,34.73746,-77.46282,3.3257
67247,CIRCLE K #4707512,"I-93, EXIT 47",Methuen,MA,42.72802,-71.18103,3.799
67248,SPEEDWAY #6962,"I-40, EXIT 303",Garner,NC,35.68125,-78.59753,2.9207
67255,LOVES TRAVEL STOP #393,"I-55, EXIT 13",Mccomb,MS,31.22159,-90.43245,3.239
67262,PILOT TRAVEL CENTER #497,"I-20, EXIT 165",Lincoln,AL,33.60591,-86.11115,3.109
67264,CIRCLE K #4707016,US-1,Princeton,ME,45.21309,-67.60083,3.8823
67265,CIRCLE K #4707048,US-2,Lincoln,ME,45.35083,-68.50769,3.7323
67269,ONVO TRAVEL PLAZA - GOULDSBORO,"I-380, EXIT 13 & SR-507",Gouldsboro,PA,41.2448,-75.50365,3.5857
67271,KWIK TRIP #330,US-169 & SR-25,Belle Plaine,MN,44.61385,-93.76039,3.379
67272,PILOT TRAVEL CENTER #922- TOWN PUMP,US-2 & SR-40,Columbia Falls,MT,48.35339,-114.17839,3.649
67273,LOVES TRAVEL STOP #396,I-26 EXIT 76,Newberry,SC,34.28466,-81.61574,3.4157
67274,KWIK STAR #790,"US-20, EXIT 275 & SR-13",Manchester,IA,42.48342,-91.449,3.5623
67275,KWIK TRIP #481,US-61,Red Wing,MN,44.55278,-92.54856,3.324
67279,LOVES TRAVEL STOP #391,"I-74, EXIT 123",Saint Paul,IN,39.42775,-85.59937,3.989
67281,PARKERS SURRENCY #208,US-341/SR-27 & SR-121,Surrency,GA,31.64893,-82.19822,3.5857
67282,RUTTERS #65,"I-81, EXIT 14 & US-11",Chambersburg,PA,39.93132,-77.65793,4.399
67283,PILOT #4597,"I-40, EXIT 258/SR-53",Gordonsville,TN,36.18432,-86.00082,3.2457
67284,LOVES TRAVEL STOP #390,"I-80, EXIT 179",North Platte,NE,41.1326,-100.77463,3.4557
67285,CASEY'S #4504,"I-35, EXIT 159 & CR-C47",Dows,IA,42.66103,-93.5058,3.299
67292,LOVES TRAVEL STOP #304,"I-59, EXIT 174",Steele,AL,33.94168,-86.22893,3.989
67293,KWIK TRIP #367,SR-33/CR-A,Fox Lake,WI,43.58151,-88.90408,3.2457
67294,MAPLEFIELDS,"I-87, EXIT 42/SR-11",Champlain,NY,44.97729,-73.4466,3.799
67296,LOVES TRAVEL STOP #340,"I-15, EXIT 64 & US-93",Las Vegas,NV,36.17208,-115.12237,3.689
67297,BAR-B,I-20 EXIT 370 & FM-919,Gordon,TX,32.54783,-98.36321,2.9323
67298,SPEEDWAY #5360,US-42,London,OH,39.90007,-83.4439,3.099
67302,KUM & GO #0187,"I-90, EXIT 87",Sherburn,MN,43.66109,-94.72688,3.1873
67303,KUM & GO #0615,"I-29, EXIT 15",Elk Point,SD,42.73822,-96.68695,3.0723
67304,JACKRABBIT JUNCTION,"SR-60, EXIT 51 & CR-A22",Sibley,IA,43.40693,-95.7424,3.2657
67305,RELAY STATION,"I-20, EXIT 3",Bethany,LA,32.36618,-94.00339,3.1223
67306,150 QUICK STOP,US-150/SR-605,Bardstown,KY,37.80835,-85.46134,3.1723
67307,CMS FUELING CENTER,I-69 EXIT 153 AT MILE 153,Lapeer,MI,43.05788,-83.33315,3.899
67308,FUEL STAR,SR-48,New Orleans,LA,29.96307,-90.16095,3.279
67311,HOLIDAY STATIONSTORE #2746409,US-53 & CR-13,Duluth,MN,47.09443,-91.84673,3.499
67312,RHODES 101 STOP #790,"I-55, EXIT 91",Scott City,MO,37.20771,-89.51808,3.424
67313,Majors 660 Diboll Truck Plaza,US-59,Diboll,TX,31.19503,-94.77291,2.8323
67316,LOVES TRAVEL STOP #302,US-287 & US-412,Boise City,OK,36.72833,-102.53552,3.4023
67321,LOVES TRAVEL STOP #388,"I-55, EXIT 246 & SR-35",Batesville,MS,34.33165,-89.91418,3.4607
67322,LOVES TRAVEL STOP #398,"US-78, EXIT 81 & SR-178",Tupelo,MS,34.25383,-88.72085,3.8823
67323,PUMP & PANTRY #13,US-281/SR-92,Saint Paul,NE,41.22421,-98.44399,3.3073
67329,LOVES TRAVEL STOP #387,"I-85, EXIT 4",Fair Play,SC,34.57755,-82.99987,3.2123
67331,LOVES TRAVEL STOP #227,"I-20 /I-59, EXIT 100 & SR-216",Mc Calla,AL,33.28455,-87.10238,3.159
67333,PILOT #880,"I-84, EXIT 1",Montague,NJ,41.30226,-74.75396,3.999
67334,KWIK TRIP #338,US-51,Plover,WI,44.45067,-89.54281,3.299
67335,TOP STOP MARKET,"I-24, EXIT 111",Manchester,TN,35.48167,-86.08861,3.0157
67336,LOVES TRAVEL STOPS #342,"I-37, EXIT 72 & US-281",Three Rivers,TX,28.47565,-98.17816,3.089
67337,KWIK TRIP #422,"I-94, EXIT 322",Oak Creek,WI,42.88916,-87.90266,3.744
67338,HUTCH'S #114,US-81,Enid,OK,36.40284,-97.86226,2.999
67340,MCCLURE,I-74 EXIT 34,Crawfordsville,IN,40.03252,-86.90742,3.6157
67341,CASEYS #3898,"US-151, EXIT 49 & CR-E34",Anamosa,IA,42.10776,-91.28512,3.359
67342,One9 #1414,"I-81, EXIT 128",Elliston,VA,37.21265,-80.24966,3.2423
67343,EAGLE EXPRESS,US-41,Peshtigo,WI,45.04578,-87.72979,3.399
67344,DODGE CITY SHELL,"I-65, EXIT 299",Hanceville,AL,34.05157,-86.78484,3.9523
67345,STEELE SERVICE STATION,"I-59, EXIT 174",Steele,AL,33.94168,-86.22893,3.889
67348,LOVES TRAVEL STOP #389,I-90 EXIT 241,Conneaut,OH,41.93448,-80.58026,3.849
67350,DE PERE SUPER STORE,US-41,De Pere,WI,44.43878,-88.08061,3.2557
67356,PRIDE CONVENIENCE STORE,"I-91, EXIT 8 & US-20",Springfield,MA,42.106,-72.5977,3.559
67357,LOVES TRAVEL STOP #353,"I-29, EXIT 62",Fargo,ND,46.90088,-96.79358,3.5257
67358,KWIK TRIP #453,SR-35/SR-65,River Falls,WI,44.85501,-92.63128,3.4473
67359,SAGE HILL TRAVEL CENTER,"I-15, EXIT 89 & US-91",Blackfoot,ID,43.19433,-112.36155,3.569
67360,BP,"I-95/SR-405, EXIT 49 & SR-251",Darien,GA,31.38257,-81.43117,3.539
67361,SUMNER TRUCK STOP,SR-167,Sumner,WA,47.20333,-122.23917,4.299
67362,TA Glenrio,"I-40, Exit 369 & SR-392",San Jon,NM,35.11985,-103.2846,3.899
67364,KWIK TRIP #373,"I-94, EXIT 295",Waukesha,WI,42.9993,-88.21956,3.4573
67365,KWIK TRIP #491,US-151,Manitowoc,WI,44.09712,-87.6823,3.3823
67366,KWIK TRIP #499,"I-43, EXIT 57",New Berlin,WI,42.97397,-88.15527,3.4907
67367,KWIK TRIP #757,US-14/US-61/SR-27,Viroqua,WI,43.54419,-90.89387,3.359
67368,KWIK TRIP #653,"I-39, EXIT 87 & US-51/SR-16",Portage,WI,43.55015,-89.47139,3.274
67369,KENOSHA TRAVEL PLAZA,"I-94, EXIT 340/US-41 & SR-142",Kenosha,WI,42.60523,-87.82994,3.719
67370,CIRCLE M #43,US-441/US-23/SR-15,Rabun Gap,GA,34.95755,-83.39012,3.549
67371,PARAMOUNT TRAVEL PLAZA,"I-30, EXIT 46 & SR-19",Prescott,AR,33.80403,-93.37254,3.379
67380,MILLERS TRAVEL CENTER,"I-80, EXIT 1",Wendover,UT,40.5974,-113.99357,3.599
67381,ENMARKET #875,US-78 & US-21,Branchville,SC,33.2628,-80.80593,3.2657
67382,CORNER PANTRY TRAVEL PLAZA,SR-79 & SR-40,Hermosa,SD,43.81885,-103.20596,3.299
67383,FRIENDSHIP FOOD MART #96,SR-101/SR- 2,Sandusky,OH,41.43488,-82.70633,3.529
67391,SHOEMAKERS SHELL TRAVEL CENTER,I-80 EXIT 395 AT MILE 395,Lincoln,NE,40.8169,-96.7103,3.349
67393,LOVES TRAVEL STOP #280,"I-10, EXIT 114",Buckeye,AZ,33.38896,-112.60773,3.569
67394,Circle K #2745133,US-23 & SR-38,Waycross,GA,31.21969,-82.36451,3.399
67395,KUM & GO #0267,"I-80, EXIT 267 & SR 38",Tipton,IA,41.75628,-91.13616,2.9823
67396,Q C MART,US-61 & CR-E63,Welton,IA,41.90747,-90.60679,3.699
67397,EXPRESS LANE #51,I-80 EXIT 93 ROUTE 71,Ottawa,IL,41.35262,-88.84159,3.599
67398,CASEYS #3998,SR-13 & HWY-C,Lowry City,MO,38.14044,-93.71135,3.249
67400,SPEEDWAY #3547,I-75 & 696,Lima,OH,40.76407,-84.0973,3.499
67401,QUIKTRIP #973,"I-45, EXIT 272",Hutchins,TX,32.63959,-96.70702,2.8823
67402,TA EXPRESS HOT SPRINGS,US-395/US-18 & SR-79,Hot Springs,SD,43.42231,-103.47656,3.299
67404,Meskwaki Travel Plaza,HIGHWAY 30 E,Tama,IA,41.96164,-92.58005,3.234
67405,ANTELOPE TRUCK STOP,"I-80, EXIT 386",Burns,WY,41.2003,-104.31552,3.199
67406,GETGO #3701,"I-99, EXIT 23",East Freedom,PA,40.3282,-78.44752,4.099
67408,STOCKTON TRAVEL CENTER,US-20/SR-78,Stockton,IL,42.34922,-90.02018,3.599
67409,XTRA MART #7025,SR-146,Sutton,MA,42.14059,-71.74842,3.649
67410,STRIPES #40532,US-83 & US-277,Carrizo Springs,TX,28.52779,-99.86351,3.349
67411,LOVES TRAVEL STOP #226,"I-25, EXIT 104",Pueblo,CO,38.28788,-104.58483,3.619
67414,PILOT TRAVEL CENTERS #590,"I-94, EXIT 100",Alexandria,MN,45.88175,-95.38199,3.4657
67416,CASEYS #4025,US-61/SR-92,Muscatine,IA,41.43038,-91.05093,3.299
67417,QUIKTRIP #444,"I-10 EXIT, 139",Phoenix,AZ,33.451,-112.0685,3.369
67418,KUM & GO #0080,"US-218/SR-27, EXIT 80 & SR-22",Riverside,IA,41.47579,-91.57414,3.0973
67419,LOVES TRAVEL STOP #359,"I-75, EXIT 283",Cartersville,GA,34.18697,-84.8204,3.5557
67420,LOVES TRAVEL STOP #369,I-40 EXIT 163 & SR-48,Dickson,TN,36.07601,-87.39953,3.1757
67421,LOVES TRAVEL STOP #375,US-79/SR-6 & FM-485,Hearne,TX,30.86686,-96.58426,3.489
67422,KUM & GO #0137,"I-80, EXIT 237",Tiffin,IA,41.70583,-91.66278,3.099
67423,FIRELAKE GRAND TRAVEL PLAZA,"I-40, EXIT 178 & SR-102",Shawnee,OK,35.34907,-96.93132,2.899
67424,FLORIDA 595 TRUCK STOP,"I-595/SR-84, EXIT 9 & US-441",Fort Lauderdale,FL,26.12156,-80.12878,3.769
67425,LITTLEFIELD EXPRESS #15,"US-67, EXIT 55 & SR-258",Bald Knob,AR,35.31133,-91.5502,3.309
67426,Spearville Truck Stop,"I-56, 126 RD",Spearville,KS,37.82347,-99.73704,3.4657
67427,CASEYS #2907,I-57 & I-62,Charleston,MO,36.92134,-89.33421,3.044
67428,CONOCO,"I-95, EXIT 12",Carteret,NJ,40.58228,-74.23135,3.499
67429,7-ELEVEN #40396,"NJTP, EXIT 8A",Monroe Township,NJ,40.34248,-74.43357,3.559
67431,SPARKYS ONE STOP #32,I-30 & CR 33,Carroll,IA,42.07197,-94.86666,3.2323
67432,PILOT TRAVEL CENTERS #471,US-27 & US-17,Haines City,FL,28.09507,-81.61471,3.559
67434,SHELL FOOD MART,"I-35, EXIT 54",Cameron,MO,39.73089,-94.24372,2.9907
67435,7 ELEVEN #40122,I-95 MM2,Newark,DE,39.63487,-75.69934,3.459
67436,7-ELEVEN #40069,"I-81, EXIT 29",Shippensburg,PA,40.05136,-77.51948,3.4223
67437,CANDIA FIRST STOP,"SR-101, EXIT 3",Candia,NH,43.05851,-71.30486,3.899
67438,LOVES TRAVEL STOPS #363,"I-75, EXIT 358 & SR-326",Ocala,FL,29.1981,-82.0974,3.329
67439,LOVES TRAVEL STOPS #380,US-287/SR-114,Rhome,TX,33.05405,-97.48169,3.089
67440,PILOT TRAVEL CENTERS #503,"I-79, EXIT 146 & CR-77",Morgantown,WV,39.6368,-80.018,4.059
67442,PILOT #4598,I-75 EXIT 56,Niota,TN,35.58192,-84.57215,3.599
67443,PILOT #4599,"I-24, EXIT 135",Monteagle,TN,35.24017,-85.82279,3.3357
67612,FLYING J TRAVEL PLAZA #914- TOWN PUMP,"I-90, EXIT 96 & US-93/SR-200",Missoula,MT,46.85627,-114.02521,3.609
67613,KWIK STAR #490,"US-20, EXIT 225 & SR-27/SR-58",Cedar Falls,IA,42.52407,-92.44973,3.524
67614,KWIK TRIP #622,US-14 & CR-5,Byron,MN,44.03733,-92.63075,3.574
67615,KWIK TRIP #844,US-63,Lake City,MN,44.43049,-92.28378,3.549
67616,KWIK TRIP #887,"US-41, EXIT 139 & SR-15",Appleton,WI,44.27732,-88.39765,3.3023
67617,Twice Daily Convenience Store #8046,"I-24, EXIT 31 & SR-249",Joelton,TN,36.32897,-86.91631,3.349
67618,7-ELEVEN #40441,I-80 MM 21E,West Unity,OH,41.57565,-84.44207,3.6623
67619,7-ELEVEN #40442,"I-80, MM 21W",West Unity,OH,41.57565,-84.44207,3.6623
67620,LOVES TRAVEL STOP #452,"I-35, EXIT 70",Pauls Valley,OK,34.73851,-97.2195,3.649
67621,FLYING J TRAVEL PLAZA #925- TOWN PUMP,"I-15, EXIT 277",Great Falls,MT,47.50981,-111.2734,3.6357
67622,LOVES TRAVEL STOP #454,"I-5/US-12, EXIT 72",Chehalis,WA,46.63819,-122.96576,4.589
67623,LOVES TRAVEL STOP #301,"I-90, EXIT 2",Post Falls,ID,47.72048,-116.93535,3.7457
67624,LOVES TRAVEL STOP #300,I-70 EXIT 304,Bennett,CO,39.7254,-104.42728,3.3257
67625,LOVES TRAVEL STOP #453,"I-10, EXIT 130 & US-231",Cottondale,FL,30.80036,-85.38467,3.553
67626,KWIK TRIP #316,SR-15 N/SR-22 E,Hutchinson,MN,44.89455,-94.38469,3.279
67627,PILOT #4556,"I-75, EXIT 329",Wildwood,FL,28.84535,-82.03473,3.2257
67628,LOVES TRAVEL STOP #394,"I-65,EXIT 230",Demotte,IN,41.17132,-87.24913,3.5123
67629,KWIK TRIP #681,"I-94, EXIT 205",Saint Michael,MN,45.20641,-93.65925,3.2973
67630,KWIK TRIP #630,US-151/SR-32/SR-57,Chilton,WI,44.02424,-88.18269,3.3657
67634,54 TRUCK STOP,US-54,Mullinville,KS,37.57161,-99.46388,3.4657
67635,LOVES TRAVEL STOP #456,I-280 EXIT 1B,Perrysburg,OH,41.54293,-83.59273,3.7607
67636,LOVES TRAVEL STOPS #258,"I-35, EXIT 183",Ottawa,KS,38.61425,-95.27452,3.239
67637,Power Gas & Truck Stop,US-1/US-9/US-46 & SR-5,Palisades Park,NJ,40.84624,-73.99544,3.219
67641,DANIEL BOONE TRAVEL CENTER,US-23 /US-421/US-58 & SR-871,Duffield,VA,36.7044,-82.80651,3.5573
67642,GO MART FOOD STORE #103,SR-16 & CR 50/39,Ellenboro,WV,39.28236,-81.06038,3.699
67643,QUALITY MART #62,I-77 EXIT 82,Jonesville,NC,36.22857,-80.78703,2.859
67644,PARKERS #31 (DISCOUNT AVAILABLE),US-80/SR-26 & US-280,Ellabell,GA,32.1273,-81.4983,3.0323
67645,CIRCLE K #2721416,US-441 & SR-20,Gainesville,FL,29.64503,-82.31005,3.899
67647,BUCHS TRUCK STOP,SR-7,Steubenville,OH,40.37064,-80.66115,3.6923
67650,VIRGINIA FAST STOP,SR-78 & SR-125,Virginia,IL,39.94548,-90.21268,3.759
67651,SIMMONS,US-60/SR-21,Ellsinore,MO,36.94526,-90.74853,3.424
67652,ON THE GO TRAVEL CENTER,"I-435, EXIT 8",Kansas City,KS,39.11573,-94.62714,3.999
67655,CIRCLE K #2706627,"I-10, EXIT 261",Slidell,LA,30.27841,-89.77119,3.189
67656,KWIK TRIP #888,US-10/US-49 & SR-54,Waupaca,WI,44.3481,-89.11014,3.4573
67657,KWIK TRIP #463,US-52/SR-60,Zumbrota,MN,44.30318,-92.67186,3.524
67658,MIRABITO #41,I-81 EXIT 13,Tully,NY,42.80698,-76.13936,4.299
67664,CEFCO #16,SR-171,Godley,TX,32.42817,-97.53486,2.9823
67665,ALL STAR,US-75 N,Sabetha,KS,39.89929,-95.81127,3.499
67666,5 STAR TRUCK STOP,"I-44, EXIT 137",Oklahoma City,OK,35.3337,-97.4922,2.879
67668,ADVENTURE TRUCK PLAZA,SR-3185 & SR-3107,Thibodaux,LA,29.79921,-90.80961,3.399
67669,CHEVRON DBA ONE9 #1271,SR-86,Thermal,CA,33.54342,-116.11584,4.259
67676,VALERO,"I-530/US-65, EXIT 34 & SR-365",White Hall,AR,34.257,-92.08972,3.1657
67677,BIGGAS TRUCK STOP,US-190/SR-6 & FM-2818,Bryan,TX,30.6327,-96.36616,3.199
67678,7-ELEVEN #40301,I-90/I-80,Genoa,OH,41.53001,-83.35898,3.6623
67682,CASEYS #2739,1323 E MAIN ST,Beloit,KS,39.45446,-98.11171,3.359
67683,CASEYS #2734,"I-80, EXIT 222",Cozad,NE,40.86193,-99.99209,3.0323
67684,CASEYS #2490,"I-35, EXIT 124 & US-69",Story City,IA,42.18349,-93.59881,3.0623
67685,CASEYS #2792,"I-380/US-218, EXIT 13",Cedar Rapids,IA,41.9743,-91.65538,3.499
67686,CASEYS #2956,"I-315/US-81, EXIT 40",Hesston,KS,38.13595,-97.44946,3.199
67690,CEFCO #64,ST RT 14,Mexia,TX,31.67839,-96.49519,3.099
67695,MOREHEAD TRUCKSTOP,"I-64, EXIT 133 & SR- 801",Morehead,KY,38.19905,-83.44365,3.599
67697,FLORENCE TRAVEL PLAZA,"I-95, EXIT 150",Timmonsville,SC,34.10124,-79.93784,3.999
67698,FRONTIER TRAVEL CENTER,US-12 & US-85,Bowman,ND,46.17332,-103.40197,3.5323
67699,GAP FARMS TRAVEL CENTER,"I-20, EXIT 69 & SR-151",Arcadia,LA,32.55564,-92.92453,3.249
67701,MARATHON,"I-94, EXIT 331",Casselton,ND,46.89919,-97.21382,3.3157
67702,SPEEDWAY #6539,US-41/SR-45 & SR-52,Land O Lakes,FL,28.2682,-82.465,3.4957
67703,SPEEDWAY #6880,CR-611,Clearwater,FL,27.9799,-82.7806,3.3773
67705,CITGO,US-1,North Brunswick,NJ,40.45377,-74.48229,3.1857
67706,SPEEDWAY #3495,US-1/9,Elizabeth,NJ,40.67169,-74.20434,3.599
67707,SPEEDWAY #3503,"I-95, EXIT 13 & I-278/US-1/US-9",Linden,NJ,40.63537,-74.25557,3.429
67711,HOUMA COTEAU TRAVEL PLAZA,I-90/SR-20,Houma,LA,29.59433,-90.75481,3.0623
67712,CASEYS #3810,"I-29, EXIT 132 & US-14",Volga,SD,44.32235,-96.92515,3.279
67715,HUTCH'S #109,"I-40, EXIT 38",Elk City,OK,35.41036,-99.42109,2.969
67716,HWY 19 SCALE,"SR-19/I-35, EXIT 66",Gaylord,MN,44.5463,-94.19554,3.4657
67718,SUNSTOP #622,SR-52 & SR-167,Hartford,AL,31.08598,-85.7192,3.599
67720,REFUEL #1046,"I-20, EXIT 116 & US-15",Bishopville,SC,34.2241,-80.27499,3.309
67721,J AND D COUNTRYSIDE MARTHON,SR-76 & SR-173,Poplar Grove,IL,42.35936,-88.84277,3.499
67723,JET FOOD STORE #80,US-221/SR-135 & SR-206,Douglas,GA,31.49729,-82.84647,3.4573
67724,LOVES TRAVEL STOP #458,"I-44, EXIT 88",Strafford,MO,37.27972,-93.10663,3.3723
67726,SPEEDWAY #7909,"US-264, EXIT 73",Greenville,NC,35.6594,-77.3974,3.1323
67727,SPEEDWAY #7907,US-264 & SR-33,Greenville,NC,35.6594,-77.3974,2.944
67728,SPEEDWAY #7905,SR-43 & SR-118,Vanceboro,NC,35.30626,-77.17162,3.3757
67729,SPEEDWAY #6981,US-301 BYP,Rocky Mount,NC,35.94265,-77.76082,3.4323
67732,Quik Pik,US-275 & SR-9,West Point,NE,41.84503,-96.73176,3.2157
67734,TROTTER TRUCK PLAZA,ST 11,Ord,NE,41.59619,-98.94178,3.299
67735,Fast Fuel,US-81/SR-3,Kingfisher,OK,35.86361,-97.94729,3.1907
67736,SPEEDWAY #9855,I-10 EXIT 49,Fabens,TX,31.50222,-106.15806,3.2357
67738,SUPER JACK TRUCK STOP,US-84,Brookhaven,MS,31.58581,-90.45199,3.1157
67739,STRIPES #40819,SR-359,Orange Grove,TX,27.94866,-97.98383,3.0657
67742,STRIPES 7FLEET #42514,"I-20, EXIT 138",Midland,TX,31.98964,-102.06261,3.459
67743,STRIPES 7FLEET #42506,US-380 & US-277,Haskell,TX,33.15799,-99.73092,3.539
67744,STRIPES #40715,SR-107,La Villa,TX,26.29833,-97.92833,3.169
67745,STRIPES #40628,"I-2, EXIT 134 & US-83",Mission,TX,26.24153,-98.34265,3.259
67746,STRIPES #40598,I-2/US-83,Mission,TX,26.24153,-98.34265,2.869
67747,STRIPES 7FLEET #42424,US-87/US-190,Brady,TX,31.1283,-99.3372,3.599
67748,STRIPES 7FLEET #42428,"I-20 EXIT, 115",Odessa,TX,31.8465,-102.3663,3.069
67749,STRIPES 7FLEET #42436,I-20 EXIT 134,Midland,TX,31.98964,-102.06261,3.0657
67750,STRIPES #40729,FM-511 & FM-802,Brownsville,TX,25.93374,-97.51741,2.999
67753,STRIPES #40892,SR-359 & SR-16,Hebbronville,TX,27.2997,-98.68289,3.2857
67754,Refuel #185,US-220,Stokesdale,NC,36.25522,-79.97053,3.699
67755,BLUE WATER #12,"I-526, EXIT 23",Charleston,SC,32.96222,-79.86533,3.2323
67757,KEITH'S SUPERSTORE,"I-59, I-20, EXIT 160",Meridian,MS,32.35744,-88.65597,3.049
67758,CLARKS PUMP N SHOP #47,SR-10/SR-9,Vanceburg,KY,38.55151,-83.35545,3.599
67762,CEFCO #2008,US-83/US-62 & US-287,Childress,TX,34.42812,-100.21017,2.9157
67763,SHELL,US-72,Mount Pleasant,MS,34.9364,-89.5321,3.399
67764,NINNEKAH TRUCK STOP,US-277/US-81 & SR-19,Ninnekah,OK,34.91435,-97.93328,3.229
67766,STOP IN Food Store #8143,US-221/US-460 & SR-607,Montvale,VA,37.40696,-79.71746,3.3657
67768,SHELL,US-60 & SR-657,Lewisport,KY,37.90902,-86.89571,3.499
67771,DUCK THRU FOOD STORE #26,"I-95, EXIT 154 & SR-308 & SR-11/SR-42",Lewiston Woodville,NC,36.13442,-77.20663,3.399
67772,STEVES SHELL,"I-55, EXIT 42",Brookhaven,MS,31.58581,-90.45199,3.199
67774,7-ELEVEN #39329,I-278/US-1,Linden,NJ,40.63537,-74.25557,3.3757
67777,CIRCLE K #2721270,"I-95, EXIT 358B, SR-105",Jacksonville,FL,30.3163,-81.4175,3.3423
67779,REATA PETROLEUM,I-76 & BARLOW RD,Fort Morgan,CO,40.25408,-103.80312,3.439
67782,SAMS MART #45,"I-40, EXIT 24 & SR-209",Waynesville,NC,35.48861,-82.98889,3.599
67783,RUTTERS #4,US-30 & SR-1016/2011,Wrightsville,PA,39.99656,-76.52697,3.989
67784,HAVANA CONVENIENCE,US-136,Havana,IL,40.29599,-90.04952,3.799
67787,PWI #109,"I-20, EXIT 126",Midland,TX,31.98964,-102.06261,2.999
67789,BEAR RIVER VALLEY CO OP,SR-13/SR-83,Corinne,UT,41.54499,-112.15139,3.419
67791,KINGSPORT TRUCK STOP,"I-81, EXIT 63",Kingsport,TN,36.55277,-82.55403,3.899
67792,CUBBYS #113,US-20/US-275,Oneill,NE,42.48573,-98.64557,3.2257
67793,PILOT TRAVEL CENTERS #131,"I-35, EXIT 34",Osceola,IA,41.0295,-93.77124,3.439
67794,ROAD RANGER #181,"I-55, EXIT 90",Springfield,IL,39.80004,-89.64953,3.299
67795,ROAD RANGER #263,"I-80, EXIT 93",Ottawa,IL,41.35262,-88.84159,3.219
67797,CHEVRON,US-71 & SR-179,Coushatta,LA,32.0501,-93.31564,3.1557
67798,SUNSTOP #631,SR-231/SR-53 & SR-123,Ozark,AL,31.43907,-85.64363,3.599
67801,SUNOCO,"I-275, EXIT 42/SR-747",Cincinnati,OH,39.09129,-84.27738,3.099
67804,SUNSTOP #616,US-84/SR-134 & CR-1,Daleville,AL,31.28109,-85.73047,3.399
67806,84 QUICK STOP,I-84,Brookhaven,MS,31.58581,-90.45199,3.149
67811,QUICK FUEL #5301,SR-360,Grand Prairie,TX,32.76488,-97.01121,3.024
67813,LEROY TRUCK PLAZA,"I-74, EXIT 149",Le Roy,IL,40.34678,-88.75981,3.479
67815,LOVES TRAVEL STOP #254,"I-70, EXIT 59 & SR-39",Mooresville,IN,39.59147,-86.36417,3.929
67818,LOVES TRAVEL STOP #457,"I-30/US-67/US-70, EXIT 128",Little Rock,AR,34.74834,-92.28194,3.2423
67819,BREW #31,US-71/US-18,Spencer,IA,43.14511,-95.14569,3.4657
67820,CIRCLE K #2723487,US-17 & SR-211,Supply,NC,33.9625,-78.29609,3.289
67821,FAS MART #5261,SR-9 & SR-57,Tollesboro,KY,38.57233,-83.56046,3.3523
67822,SPINX #178 (DISCOUNT AVAILABLE),"I-385, EXIT 42 & I-85, EXIT 51B & US-25",Travelers Rest,SC,35.00393,-82.42718,3.1923
67823,FLASH MARKET #17032,"I-555/US-63, EXIT 29 & SR-69",Trumann,AR,35.66891,-90.51874,3.4073
67824,CIRCLE K #2723641,US-231/SR-87/SR-10/SR-53 & CR-21,Troy,AL,31.7567,-85.9993,3.799
67826,VALLEN MART,US-14,Volga,SD,44.32235,-96.92515,3.319
67827,GAS N GO,US-280/SR-27 & SR-520,Richland,GA,32.08458,-84.66672,3.199
67829,KWIK TRIP #721,SR-19 & SR-73,Marshall,WI,43.16364,-89.07533,3.4973
67832,Sprint Mart #45,US-278/US-45,Tupelo,MS,34.25383,-88.72085,3.189
67833,PETES #05,US-59 & US-400,Parsons,KS,37.33889,-95.26929,3.299
67835,CIRCLE K #2723782,"I-40, EXIT 38 & US-421",Greensboro,NC,36.0726,-79.792,3.0823
67837,PILOT TRAVEL CENTER #1054,US-183 & SR-21,Buda,TX,30.09176,-97.85342,3.4157
67839,EL TIGRE FOOD STORE #13,SR-336,Hidalgo,TX,26.10283,-98.25364,3.2157
67841,CIRCLE K #2723844,US-15/US-501/US-1,Sanford,NC,35.46415,-79.17645,3.049
67842,CIRCLE K #4707627,"I-81, EXIT 48",Watertown,NY,43.97426,-75.91221,4.099
67844,UNCLE WILLIES #1288,US-13,Felton,DE,39.02254,-75.58291,3.219
67846,CEDAR RIVER PLAZA,SR-35,Stephenson,MI,45.41659,-87.62579,3.419
67847,E Z PICKENS,"US-20, EXIT 275 & SR-13",Manchester,IA,42.48342,-91.449,3.579
67848,JEMISON EXXON,"I-65, EXIT 219 & CR-42",Jemison,AL,32.98054,-86.71805,3.299
67849,KUM & GO #0379,US-412/ US-63 & SR-25,Black Rock,AR,36.11487,-91.11763,3.199
67850,SMILEYS FUEL CITY,"I-64/I-81, EXIT 205 & SR-206",Raphine,VA,37.93735,-79.2219,3.539
67854,CircleK #2709341,US-411,Chatsworth,GA,34.75893,-84.79429,3.499
67855,FAS MART #5262,"I-64, EXIT 94 & SR-1958/SR-2888",Winchester,KY,37.98716,-84.17889,2.9073
67859,PILOT #1135,US-281,Falfurrias,TX,27.22416,-98.14084,3.459
67860,SHELL,"I-55, EXIT 227 & SR-32",Oakland,MS,34.07555,-89.88775,2.999
67861,CASEYS #4308,US-34,Chariton,IA,41.02264,-93.30419,3.539
67862,SUNOCO TRUCK STOP,"I-70, EXIT 123 & SR-3",Spiceland,IN,39.82708,-85.44504,3.399
67865,PILOT TRAVEL CENTER #897,"I-95, EXIT 12B, INTERSECTION OF SR-826 & 817",Opa Locka,FL,25.90966,-80.247,3.699
67866,QUICK DRAW TRAVEL PLAZA,"I-20, EXIT 49 & SR-531",Minden,LA,32.63228,-93.28859,3.0123
67868,CHEVRON,SR-19,Huntsville,TX,30.7947,-95.5337,2.979
67871,BASIN MARKET #107,US-40,Vernal,UT,40.44061,-109.54688,3.599
67872,SMOKIES,US-45,Okolona,MS,33.98902,-88.75984,3.099
67874,RUTTERS #56,"I-83, EXIT 39A & SR-114",New Cumberland,PA,40.21511,-76.86891,3.899
67875,EXXON TIGER MART,"US-67/US-167, EXIT 28 & US-64",Beebe,AR,35.09374,-91.90745,3.299
67876,KUM & GO #0880,"US-412, EXIT 36",Stillwater,OK,36.10435,-97.06087,2.954
67877,CIRCLE K #4703701,I-24 EXIT 70,Smyrna,TN,35.96561,-86.50482,3.0323
67879,Strike,US-287/96/69 & SR-347,Beaumont,TX,30.06881,-94.1039,3.499
67883,CASH MAGIC HOLLYWOOD,US-90,Berwick,LA,29.69879,-91.20566,3.399
67884,ROADRUNNER FUELS,US-550/SR-544,Aztec,NM,36.8205,-108.01098,3.7757
67886,MAVERIK #5200,"I-70 BUSINESS, EXIT 25, CR-24",De Beque,CO,39.31176,-108.23041,3.4423
67887,AIRLINE CHEVRON,US-61,Kenner,LA,29.9912,-90.2479,3.099
67890,KUM & GO #0449,US-60/US-71,Neosho,MO,36.87063,-94.38622,3.0557
67892,TURRELL FUEL STOP,"I-55, EXIT 21",Turrell,AR,35.29694,-90.26298,3.4657
67894,CIRCLE K #2705098,US-27 & SR-44,Leesburg,FL,28.80796,-81.88577,3.5723
67897,KENT KWIK #273,SR-302 & SR-18,Kermit,TX,31.85496,-103.09127,3.039
67900,SPRINT FOODS #725,"I-520, EXIT 16/SR-28",Beech Island,SC,33.42722,-81.89111,3.349
67906,ON THE GO,SR-239,Prescott,KS,38.0718,-94.70084,3.199
67908,CIRCLE K #2744062,"I-25, EXIT 74",Colorado City,CO,37.94528,-104.83472,3.349
67910,G FUEL,US-40 & SR-140,Penns Grove,NJ,39.71794,-75.46562,3.399
67917,STRIPES 7FLEET #42510,"I-10, EXIT 256/US-285",Fort Stockton,TX,30.89079,-102.87994,3.379
67918,DELAWARE TRUCK STOP,"I-80, EXIT 4C/US-46",Delaware,NJ,40.89278,-75.065,3.079
67922,EXXON,"I-20, EXIT 44 & US-371 & US-80/US-79",Minden,LA,32.63228,-93.28859,3.399
67923,MONROE CENTER BP OASIS,"I-39, EXIT 111/US-51 & SR-72",Monroe Center,IL,42.10501,-89.01695,3.599
67924,KUM & GO #0026,"I-90, EXIT 26",Adrian,MN,43.61968,-95.92726,3.1907
67925,CHEVRON,US-61,Baton Rouge,LA,30.45073,-91.18695,3.899
67927,STONES TRUCK STOP,"I-29, EXIT 77/US-212",Watertown,SD,44.90429,-97.12398,3.3823
67929,Circle K,SR-574,Plant City,FL,28.0168,-82.1289,3.3257
67930,CIRCLE K #2721426,US-98/SR-30A & SR-368,Panama City,FL,30.16062,-85.6494,3.2907
67931,Forks 1&23,US-1/US-23/SR-4 & SR-19,Alma,GA,31.54652,-82.4633,3.599
67932,SPRINT MART #4144,US-82/US-45/SR-12 & SR-182,Columbus,MS,33.5377,-88.42619,3.0157
67933,SUNOCO,SR-50 & SR-471,Webster,FL,28.57749,-82.09297,3.3357
67934,WHISPERING PINES,SR-10,Greensburg,LA,30.86469,-90.72556,3.099
67935,CIRCLE K #2707610,"I-10, EXIT 26",Milton,FL,30.66041,-87.04728,3.2323
67938,TEXACO,"I-84, EXIT 376",Tremonton,UT,41.70156,-112.18129,3.4557
67939,DELTA FUEL,"I-80, EXIT 242 & SR-339",Mifflinville,PA,41.02347,-76.2924,3.3657
67940,MARTIN GENERAL STORE,US-22,Ebensburg,PA,40.48011,-78.72629,3.524
67941,FIESTA MART #21,"I-40, EXIT 278",Warner,OK,35.49455,-95.30643,3.639
67943,LOVES TRAVEL STOP #459,"I-65, EXIT 133 & SR-267",Whitestown,IN,40.00002,-86.35072,3.6223
67949,7-ELEVEN #36835,"I-85, EXIT 32",Pelzer,SC,34.64606,-82.46733,3.1823
67952,CIRCLE K #2707682,"I-75, EXIT 164 & US-17/SR-35",Punta Gorda,FL,26.91516,-82.05317,3.399
67957,CITGO,US-27,Hialeah,FL,25.905,-80.3049,3.4723
67965,DIAMOND #7,"I-65, EXIT 69",Brewton,AL,31.11893,-87.06732,3.399
67968,WHITESBURG BP,US-27/SR-16,Whitesburg,GA,33.51109,-84.92543,3.699
67974,TALL TIMBERS TRUCKSTOP,"I-10, EXIT 23 & SR-108",Sulphur,LA,30.219,-93.36391,3.8323
67976,KWIK TRIP #587,US-141 & SR-22,Lena,WI,44.94049,-88.05431,3.2823
67977,KUM & GO #4127,"I-29, EXIT 127",Sloan,IA,42.24273,-96.23063,3.109
67994,Pure,US-82/SR-520/SR-135,Willacoochee,GA,31.34548,-83.04493,3.4657
67997,CIRCLE K #2745137,"I-75/SR-401, EXIT 149 & SR-49",Byron,GA,32.64738,-83.76224,3.199
68002,CO RETAIL VENTURE DB,US-34 & SR-59,Yuma,CO,40.13006,-102.70717,3.449
68005,WESSON,"I-84, EXIT 22, SR-8, EXIT 22",Waterbury,CT,41.558,-73.0519,4.179
68007,Highland oil,US-412,Hardy,AR,36.32275,-91.41103,3.269
68008,FAST LANE #3,US-64 & US-49,Mc Crory,AR,35.24729,-91.17933,3.399
68009,CIRCLE K #2741779,"US-270, EXIT 2",Hot Springs National Park,AR,34.50147,-93.02602,3.369
68012,ROYAL FARMS #120,US-13/CR-16,Greenwood,DE,38.81752,-75.59355,3.259
68016,Chevron #386730,"I-10, EXIT 139",Phoenix,AZ,33.451,-112.0685,3.299
68017,TEXACO,SR-89,Prescott,AZ,34.62991,-113.02246,3.739
68019,PAC PRIDE CARDLOCK,CR-25/CR-826,Miami,FL,25.779,-80.1982,3.479
68020,EXXON,"I-10, EXIT 335/SR-121",Macclenny,FL,30.27367,-82.13247,3.499
68026,MINIT MART #600627,"I-57, EXIT 312",Kankakee,IL,41.11658,-87.86961,3.449
68029,MAPCO #3502,SR-151,Ringgold,GA,34.92052,-85.15491,3.0923
68030,FIVE STAR EXPRESS,"I-520/SR-415, EXIT 16 & SR-28",Augusta,GA,33.51169,-82.0995,3.499
68031,ORCHARD STOP BP,US-30,Montgomery,IL,41.71774,-88.33196,3.549
68033,CIRCLE K #2703175,"I-520/SR-415, EXIT 9 & SR-56",Augusta,GA,33.51169,-82.0995,3.2823
68036,MOBIL,"I-95, EXIT 60",Salisbury,MA,42.85068,-70.85882,3.599
68040,MISHAWAKA ROAD FLEET SITE,SR-19 & CR-20,Elkhart,IN,41.71008,-85.97295,3.689
68043,CARROLL MOTOR FUELS,US-40,Middle River,MD,39.3401,-76.41526,3.139
68048,CASEYS #3961,SR-3 & SR-143,Marcus,IA,42.81996,-95.80343,3.299
68052,CUBBYS #302,SR-39 & SR-175,Odebolt,IA,42.30951,-95.25005,3.3157
68053,KJ TRAVEL CENTER,"US-20, EXIT 310",Idaho Falls,ID,43.51768,-111.99063,3.4073
68055,Gallops,US-20,Michigan City,IN,41.69803,-86.8699,3.399
68062,FARMERS UNION OIL,US-83,Wilton,ND,47.17085,-100.79439,3.899
68065,Caseys #4450,US-160,Ulysses,KS,37.57917,-101.34885,3.399
68067,PUMP & PANTRY #2,US-30 & US-281,Grand Island,NE,40.92186,-98.34106,3.3073
68068,ELGIN ONE STOP,SR-14 & SR-70,Elgin,NE,41.97324,-98.07508,3.1373
68070,PAULS TRUCK STOP,US-171,Leesville,LA,31.14429,-93.22396,3.449
68072,FAMILY FARE #834 (DISCOUNT AVAILABLE),"US-131, EXIT 175",Byron Center,MI,42.80161,-85.7136,3.739
68073,BIG BATS 2,US-20,Chadron,NE,42.81927,-102.99533,3.699
68076,JENNINGS TRUCKSTOP,"I-10, EXIT 65",Jennings,LA,30.22011,-92.6574,2.999
68079,NORTH FORK TRUCK STOP,US-12/CR-103,White Pigeon,MI,41.79289,-85.67501,3.559
68080,SAMMYS TRUCK AUTO PLAZA,"I-49, EXIT 53",Bunkie,LA,30.94928,-92.18258,3.399
68081,SHELL,SR-308 & SR-654,Mathews,LA,29.68198,-90.49491,3.459
68091,ALLTOWN MARKETS,"SR-101, EXIT 2",Auburn,NH,42.99253,-71.34489,3.799
68093,MARATHON,US-223/CR-52,Adrian,MI,41.90052,-84.04456,3.599
68095,ALEXS MARKET AND GRILL,"I-75, EXIT 101",Holly,MI,42.79049,-83.61274,4.699
68100,REFINED MARKETERS,"I-96, EXIT 31A/US-131, EXIT 88",Grand Rapids,MI,42.9704,-85.6738,3.739
68102,SUNOCO,ST 17,Carlstadt,NJ,40.8403,-74.0925,3.1623
68107,SPEEDWAY #4500,"I-35, EXIT 171/CR-11",Pine City,MN,45.83227,-92.9826,3.549
68110,CIRCLE K #4705573,SR-82,Grafton,OH,41.28537,-82.0431,3.749
68112,QUICK FUEL #3138,"I-35, EXIT 98/CR-26",Saint Paul,MN,44.90269,-93.09643,3.6173
68113,CIRCLE K #4705571,ST 2,Holland,OH,41.62263,-83.72571,3.549
68114,BP,US-130,Burlington,NJ,40.06802,-74.84535,3.1457
68116,Circle K #2746335,"I-35, EXIT 22",Minneapolis,MN,45.04958,-93.24609,3.799
68122,CENEX,SR-11/SR-310,Roseau,MN,48.82681,-95.75671,3.499
68124,CIRCLE K #4705587,SR-585 & SR-57,Rittman,OH,40.96838,-81.7826,3.659
68129,CULVERS HAWKINS,"US-59/I-29, EXIT 43",Saint Joseph,MO,39.76875,-94.83849,3.199
68133,CASEYS #4256,US-71/SR-175,Joplin,MO,37.09686,-94.50514,3.069
68140,CROSSROADS RATON TRUCK STOP,"I-25/US-85, EXIT 451 & US-87",Raton,NM,36.89519,-104.43488,3.499
68147,Regal Truck Stop,SR 30,New Albany,MS,34.48505,-89.00306,3.249
68148,CIRCLE K #2723389,US-49,Gulfport,MS,30.38256,-89.09762,2.944
68151,KUM & GO #0498,SR-125,Rogersville,MO,37.13105,-93.09645,3.0523
68154,LOVES TRAVEL STOP #395,"I-57, EXIT 308",Kankakee,IL,41.11658,-87.86961,3.379
68155,SHEETZ #181,"I-80, EXIT 158 & SR-220",Bellefonte,PA,40.90938,-77.7642,3.729
68156,A PLUS MINI MARKET,"I-95, EXIT 26",Philadelphia,PA,39.865,-75.2752,3.999
68157,RAJS MINI MART,US-1/SR-29,Morrisville,PA,40.21206,-74.82215,3.899
68158,SUNOCO,"I-78, EXIT 29A/SR-61",Shoemakersville,PA,40.49549,-75.96031,3.639
68161,KWIK FILL #390,SR-15 & TABER RD,Blossburg,PA,41.66977,-77.07971,3.684
68165,GOLDEN GATE Fallon,US-50,Fallon,NV,39.47025,-118.78611,3.549
68167,CIRCLE K #4707628,SR-90 & SR-5,Montezuma,NY,43.01,-76.70361,3.999
68169,GOLDEN GATE GOLDEN VALLEY,"US-395, EXIT 73",Reno,NV,39.52681,-119.81127,3.949
68174,MIRABITO #42,"I-81, EXIT 7",Castle Creek,NY,42.2568,-75.90875,3.999
68177,ONVO TRAVEL PLAZA - MIFFLINVILLE,"I-80, EXIT 242/CR-339",Mifflinville,PA,41.02347,-76.2924,3.3657
68178,CIRCLE K #2723748,"I-20, EXIT 48",Pearl,MS,32.27684,-90.10271,3.389
68179,WEST PAK A POK,SR-8,Houston,MS,33.90255,-88.96701,3.399
68180,One9 #1374,"I-81, EXIT 143, SR-924",Hazleton,PA,40.96211,-75.97819,3.8623
68185,CITGO,US-22/SR-72,Jonestown,PA,40.43607,-76.50384,3.749
68188,ONVO TRAVEL PLAZA - GIBSON,"I-81, EXIT 219 & SR-848",New Milford,PA,41.86641,-75.71711,3.589
68189,EAGLE EXXON,US-27/SR-29,Dayton,TN,35.50019,-85.01345,3.399
68191,MARTIN GENERAL STORE # 207,SR-865/I-99 EXIT 41,Altoona,PA,40.52094,-78.4089,3.539
68196,CATDADDY MARKET,SR-33,Tazewell,TN,36.47101,-83.55522,3.299
68211,CEFCO #2005,"I-40, EXIT 73",Amarillo,TX,35.20324,-101.84205,2.869
68212,CIRCLE K #2723415,"I-26, EXIT 16",Spartanburg,SC,34.93521,-81.96538,3.099
68213,CADOO MILLS,"I-30/US-67, EXIT 87 & FM-1903",Caddo Mills,TX,33.06827,-96.23909,2.8007
68215,COWBOY TRAVEL PLAZA,"I-10, EXIT 833",Hamshire,TX,29.86677,-94.31874,2.899
68217,CIRCLE K #2723881,US-701 & US-501,Conway,SC,33.87307,-79.05571,3.184
68225,OASIS TRUCK STOP,US-60 & US-83,Canadian,TX,35.88591,-100.35388,3.299
68227,QUARLES #4914,"I-64 EXIT 297, US-13",Chesapeake,VA,36.73525,-76.23843,3.5257
68234,CIRCLE K #2723705,"I-81, EXIT 80 & SR-121",Wytheville,VA,36.94067,-81.09408,3.2657
68235,JOLLEY #113,"I-91, EXIT 28",Derby,VT,44.95018,-72.13756,3.539
68236,TEX BEST #506,"I-35, EXIT 84",Dilley,TX,28.6782,-99.17468,3.099
68243,PILOT EXPRESS #1173,"I-5, EXIT 135",Tacoma,WA,47.2764,-122.7583,4.599
68245,STRIPES #40705,US-77/SR-374,Combes,TX,26.24833,-97.73361,2.9123
68253,KENT KWIK #262,"CR-18/I-20, EXIT 80",Monahans,TX,31.58129,-102.90027,2.859
68256,EXTRA MILE TRUCK STOP,I-30 EXIT 208,Hooks,TX,33.47754,-94.26919,2.8173
68257,LOVES TRAVEL STOP #292,"I-55, EXIT 220",Dwight,IL,41.0887,-88.41588,3.349
68258,CIRCLE K #2741536,SR-83/CR-1015,Weslaco,TX,26.16944,-97.98871,3.0357
68260,ALVARADO MARKET STATION,"I-35W, EXIT 26A & US-67",Alvarado,TX,32.4395,-97.21297,2.844
68261,STRIPES #2294,US-83 & FM-1120,Leakey,TX,29.76895,-99.74791,2.949
68266,FREDS FUEL AND FOOD #2,"I-57, EXIT 283 & US-24",Gilman,IL,40.76799,-87.99334,3.049
68268,SPEED SMART,"I-10, EXIT 114",Buckeye,AZ,33.38896,-112.60773,3.3723
68270,MPC #2,US-67 & CR-A,Fredericktown,MO,37.54372,-90.31053,2.9907
68271,PHOENIX #308,ST 210,Rocky Point,NC,34.43442,-77.92345,3.619
68273,CHISUM TRAVEL CENTER,US-70/US-54,Tularosa,NM,33.06505,-106.01079,2.999
68274,CEFCO #6,SR-6 & SR-7,Marlin,TX,31.30359,-96.88894,2.999
68276,KWIK STAR #895,US-18/US-63 EXIT 204,New Hampton,IA,43.05602,-92.31314,3.449
68277,WHITE OAK STATION #15,US-65,Harrison,AR,36.24171,-93.10616,3.599
68279,MACS MARKET #101,ST 22A,Fair Haven,VT,43.62345,-73.27007,3.599
68282,SUNSTOP #612,US-84,Andalusia,AL,31.29714,-86.49047,3.4857
68290,WALTON TRUCK STOP,US-78/SR-10 & SR-83,Monroe,GA,33.80814,-83.70722,3.999
68292,GAS N GO,US-280/US-19,Americus,GA,32.0881,-84.2362,3.299
68294,BP,"I-74, EXIT 51",Galesburg,IL,40.95214,-90.36981,3.499
68298,MR FUEL #719,"I-80, EXIT 6",Gary,IN,41.59333,-87.34639,3.5657
68301,LOVES TRAVEL STOP #463,I-10 EXIT 604,Seguin,TX,29.56132,-97.9628,3.179
68302,FLYING J #493,I-95 EXIT 77,Saint George,SC,33.18453,-80.57325,3.519
68303,KWIK TRIP #351,SR-13 & SR-64,Medford,WI,45.15118,-90.35031,3.4007
68306,BIG D #018,SR-387 & SR-59,Gillette,WY,44.28201,-105.49744,3.459
68307,EXPRESSWAY LUVERNE,"I-90, EXIT 12",Luverne,MN,43.66137,-96.22156,3.239
68308,PINECONE TRAVEL PLAZA,"I-94, EXIT 267",Johnson Creek,WI,43.07505,-88.7836,3.219
68311,SUN DO KWIK SHOP,SR-242,Evergreen,NC,34.37523,-78.88464,3.159
68314,Refuel #313,US-183 & SR-29,Liberty Hill,TX,30.66295,-97.9316,2.909
68315,SHELL,"I-40, EXIT 200 & SR-99",Seminole,OK,35.22444,-96.67028,2.859
68316,CIRCLE K #2723622,"I-75, EXIT 345",Ringgold,GA,34.92052,-85.15491,3.0757
68318,NINOS TRUCK PLAZA,"I-10, EXIT 151",Port Allen,LA,30.47198,-91.25409,3.039
68319,HOLIDAY STATIONSTORE #2746484,US-61 & US-10,Hastings,MN,44.71893,-92.86257,3.569
68321,Big's #304,"I-35, EXIT 141",Moore,TX,29.03538,-98.9874,2.999
68323,TRAINER MART,"I-10, EXIT 593",Marion,TX,29.56835,-98.15171,2.999
68328,TONKAWA TRAVEL CENTER,"I-35, EXIT 214 & US-60",Tonkawa,OK,36.68062,-97.30634,3.099
68330,SHREES TRUCK STOP,"I-90, EXIT 149 & SR-281",George,WA,47.07917,-119.85472,3.569
68332,CIRCLE K #2701526,"I-40, EXIT 208",Colfax,NC,36.10027,-80.01028,2.9573
68333,GO MART FOOD STORE #106,US-250/US-219/SR-92/SR-55,Elkins,WV,38.9253,-79.84712,3.499
68335,PILOT #481,"I-75, EXIT 20",Mc Donald,TN,35.0869,-84.9892,3.599
68337,SPEEDWAY #1426,US-30 & SR-51,Merrillville,IN,41.4957,-87.35093,3.8857
68339,LOVES TRAVEL STOP #464,"I-10, EXIT 523 & US-87",Comfort,TX,29.97907,-98.84377,3.2123
68343,HUTCH'S #119,I-40 EXIT 40,Elk City,OK,35.41036,-99.42109,2.969
68347,ENERGY EXPRESS TRAVEL CENTER,I-70 EXIT 247,Saint Louis,MO,38.64257,-90.32419,2.909
68348,HOT SPOT #6007,"I-85, EXIT 80",Spartanburg,SC,34.93521,-81.96538,3.089
68349,SAPP BROS TRAVEL CENTER,"US-75, EXIT 116",Le Mars,IA,42.79623,-96.17039,3.269
68350,JOAQUIN QUICK STOP,US-84,Joaquin,TX,31.94399,-94.06083,3.4323
68354,LEERJAK TRAVEL CENTER,US-60,Ellsinore,MO,36.94526,-90.74853,3.409
68359,LOVES TRAVEL STOP #466,"I-78, EXIT 65",Jasper,AL,33.87167,-87.24914,3.5557
68360,A PLUS MINI MARKET,"I-95, EXIT 19",Philadelphia,PA,39.865,-75.2752,4.049
68361,DUCK THRU FOOD STORE #34,US-158 & US-17,Elizabeth City,NC,36.3019,-76.2236,3.499
68362,RUTTERS #5,US-30 & SR-997,Fayetteville,PA,39.90654,-77.53096,3.859
68364,Maplefields,"I-89, EXIT 19",Saint Albans,VT,44.81114,-73.08903,3.539
68365,7-ELEVEN #36834,SR-72,Abbeville,SC,34.18186,-82.37845,3.619
68366,MARATHON,US-68/SR-80,Russellville,KY,36.85307,-86.88871,3.199
68367,LOVES TRAVEL STOP #447,"I-10 E, EXIT 0",Anthony,TX,31.99072,-106.59762,3.449
68368,AKAL TRAVEL CENTER,I-80 EX 360,Waco,NE,40.91983,-97.45335,2.799
68369,WORKMANS TRAVEL CENTER,"I-40 EXIT, 35 & SR-23",Ozark,AR,35.52464,-93.83742,3.2973
68370,GULF EXPRESS DIESEL AND GAS,"I-295, EXIT 4 & SR-14",Johnston,RI,41.82643,-71.49765,3.799
68372,SPEEDWAY #8062,SR-26/CR-00,Kokomo,IN,40.49884,-86.14527,3.799
68375,PILOT #491,"I-81, EXIT 251 & US-11",Harrisonburg,VA,38.44886,-78.87144,3.659
68377,PILOT #4568,I-20 EXIT 11,Graniteville,SC,33.56302,-81.81469,3.3923
68378,PILOT TRAVEL CENTERS #596,I-69 EXIT 196,Smiths Creek,MI,42.92207,-82.57452,3.959
68381,Fast Stop Travel Centers #2241,US-26 S & SR-39,Blackfoot,ID,43.19433,-112.36155,3.999
68382,QUIKTRIP #766,US-29 & SR-316,Dacula,GA,33.98861,-83.89806,3.3207
68383,AYERCO 32,US-61 & SR-P,Canton,MO,40.1437,-91.54799,3.0157
68386,KWIK TRIP #884,US-45 & SR-22,Clintonville,WI,44.63644,-88.743,3.559
68389,WEBERS OF PLYMOUTH,SR-57 N/CR-PP E,Plymouth,WI,43.75258,-87.97791,3.499
68394,CHEVRON,"I-84, EXIT 343/CR-104",Ogden,UT,41.2443,-112.0072,3.4423
68396,TOOT N TOTUM #44,SR-287 E/CR-335 N,Amarillo,TX,35.20324,-101.84205,3.0423
68403,RUTTERS #16,"I-83, EXIT 10 & SR-214",York,PA,39.96354,-76.72689,4.199
68405,PILOT TRAVEL CENTER #1028,"I-45, EXIT 178/US-79 N",Buffalo,TX,31.45715,-96.05852,3.549
68406,TOOT N TOTUM #114,US-385/US-54,Dalhart,TX,36.07318,-102.51766,3.199
68411,PAWNEE TRAVEL PLAZA,US-412 & SR-18,Pawnee,OK,36.3362,-96.79227,3.044
68416,STRIPES 7FLEET #42515,US-87 N,Lamesa,TX,32.73668,-101.95691,3.099
68417,7-ELEVEN #42072,"I-20, EXIT 599/SR-281",Longview,TX,32.52685,-94.72328,3.2073
68419,ROAD RANGERS #270,"I-35, EXIT 114/SR-462",Moore,TX,29.03538,-98.9874,3.169
68420,SHELBINA Phillips 66,US-36 & SR-15,Shelbina,MO,39.69472,-92.03706,3.099
68421,STRIPES,US-77,Refugio,TX,28.31694,-97.27666,3.074
68423,GOLDEN GATE TRUCKSTOP,"I-80, EXIT 106 & SR-398",Lovelock,NV,40.1819,-118.46891,3.649
68424,MAVERICK TRAVEL CENTER,"I-20, EXIT 386/US-281",Santo,TX,32.59793,-98.17968,3.099
68428,STRIPES #40519,US-90/CR-1023,Uvalde,TX,29.21724,-99.79307,3.359
68432,PAPA ROCK,US-79/SR-76,Clarksville,TN,36.52201,-87.349,3.199
68434,Circle K #2741789,"I-30, EXIT 98 & US-270",Malvern,AR,34.35571,-92.82916,3.439
68440,EXPRESS GAS,"I-40, EXIT 2A/US-51",Memphis,TN,35.0337,-89.9343,2.979
68441,QUIKTRIP #1106,US-76,Anderson,SC,34.52605,-82.63044,2.959
68444,Sunoco,US-30,Roebling,NJ,40.11535,-74.77722,3.159
68446,J J OIL #07,US-160,Ulysses,KS,37.57917,-101.34885,3.399
68447,JUMPIN JACKS 419,SR-161,Rockport,IN,37.8858,-87.07701,3.999
68451,CASEYS #3439,US-63,Lime Springs,IA,43.45563,-92.27332,3.5657
68453,Marathon,US-82/US-27,Cuthbert,GA,31.77111,-84.78944,3.699
68458,SPEEDWAY #6278,"I-96, EXIT 16",Coopersville,MI,43.06013,-85.95172,3.499
68462,CHEVRON,SR-24 & SR-660,Houma,LA,29.59433,-90.75481,3.099
68463,SPANISH LAKE TRUCK AND CASINO PLAZA,SR-182,New Iberia,LA,30.00103,-91.81996,3.329
68465,LOVES TRAVEL STOP #470,"I-75, EXIT 451",Jasper,FL,30.50291,-82.93219,3.3273
68466,KWIK TRIP #462,SR-11 & SR-83,Burlington,WI,42.66603,-88.27489,3.274
68468,SHELL,SR-193/SR-163 & CR-26,Theodore,AL,30.54437,-88.18075,3.039
68469,8 MILE STORE,"US-64/I-40, EXIT 127",Conway,AR,35.0842,-92.42357,3.399
68471,B LINE SHELL,SR-710,Jupiter,FL,26.93394,-80.12009,3.9573
68476,CREEK TRAVEL PLAZA,"I-65, EXIT 54",Atmore,AL,31.05725,-87.48735,3.1357
68480,KUM & GO #0414,US-212/SR-265,Springdale,AR,36.18352,-94.17622,3.1423
68493,FAST TRACK 427,"I-10, EXIT 225/US-19",Lamont,FL,30.36534,-83.90027,3.739
68494,LOVES TRAVEL STOPS #469,"I-85, EXIT 15 & US-1",South Hill,VA,36.71239,-78.15339,3.949
68497,JACKSONS FOOD STORE #30,"I-86, EXIT 61",Pocatello,ID,42.88759,-112.43814,3.459
68499,DUBOIS TRAVEL STOP,I-15 & MAIN,Dubois,ID,44.18577,-112.32585,4.299
68506,WARRIOR RIDGE,US-22 & SR-3035,Ashland,PA,40.77323,-76.34297,3.699
68511,PWI #675,I-10/US-85/US-180 EXIT 155 & SR-227,Vado,NM,32.115,-106.66333,2.949
68512,BP,US-29/SR-154,Palmetto,GA,33.52419,-84.679,3.249
68518,CHEVRON,SR-243,Gordon,GA,32.90921,-83.32042,3.359
68520,SPEED GAS,SR-56,Rosenhayn,NJ,39.47806,-75.13167,3.459
68522,MINIT MART #600632,"I-474, EXIT 9 & SR-29",Pekin,IL,40.56744,-89.62433,3.739
68524,Coastal Fuel,US-421,Wilmington,NC,34.2253,-77.93786,3.399
68531,CASEYS #2845,"SR-150, I-380, EXIT 41",Urbana,IA,42.22417,-91.87417,3.449
68533,MACH ONE FOOD SHOP #17,US-45/US-50,Flora,IL,38.67034,-88.49186,3.899
68534,BG FOOD MART,US-31,Bowling Green,KY,37.00787,-86.45589,3.0573
68535,CASEYS #3295,SR-35 & SR-27,Prairie Du Chien,WI,43.04265,-91.1193,3.499
68541,DUCK THRU #3,SR-11 & SR-561,Ahoskie,NC,36.29574,-76.99663,3.5623
68542,EXCELL FUELS,SR-5,Buffalo,NY,42.89666,-78.88457,3.999
68549,GOOD 2 GO #212,US-310/SR 789,Lovell,WY,44.83364,-108.41411,3.657
68552,HUCKS FOOD & FUEL #368,"US-41, EXIT 44/SR-281",Madisonville,KY,37.32555,-87.49533,3.399
68556,MONICARLO FUEL STOP,US-61 & SR-54,Garyville,LA,30.05352,-90.62011,3.199
68559,KUM & GO #0779,"I-35, EXIT 92 & US-136",Bethany,MO,40.26006,-94.01886,2.9557
68562,CHEVRON,SR-3235,Galliano,LA,29.43113,-90.29805,3.499
68572,FOOD N FUN #17,US-90 & SR-83 & CR-605,New Iberia,LA,30.00103,-91.81996,3.067
68574,SPRING STREET SERVICE STATION,US-1/US-9,Elizabeth,NJ,40.67169,-74.20434,3.099
68581,CHEVRON #308195,"I-82, EXIT 58/US-12 & SR-223",Granger,WA,46.34804,-120.18185,4.329
68588,SHELL,"US-202, EXIT 16",Orange,MA,42.59123,-72.30587,3.649
68592,Sprint Food #742,US-25/SR-121,North Augusta,SC,33.51777,-81.93479,3.159
68593,ONE9 #1285,"I-20, EXIT 386 & US-281",Santo,TX,32.59793,-98.17968,2.924
68594,CIRCLE K #2723796,SR-S-8-33 & SR-S-8-119,Charleston,SC,32.96222,-79.86533,3.199
68595,SUPER LUCKY LOUIES,US-190/SR-1,Port Allen,LA,30.47198,-91.25409,3.0323
68596,FLASH MARKET SHELL,US-63,Koshkonong,MO,36.60555,-91.63041,3.499
68598,7-ELEVEN #41032,US-84 & US-259,Mount Enterprise,TX,31.9125,-94.6235,3.349
68602,NEW DIXIE MART #19,"I-95, EXIT150",Whitakers,NC,36.0758,-77.71674,3.339
68606,SAMS MART #95,SR-49,Harrisburg,NC,35.32473,-80.6594,3.799
68613,SHEETZ #236,SR-441 & SR-772,Marietta,PA,40.06644,-76.56453,3.389
68618,MINER TOWNE MART,206 R-11,Shullsburg,WI,42.57856,-90.22662,3.399
68621,CIRCLE K #2723367,"I-77, EXIT 8 & SR-148",Fancy Gap,VA,36.66397,-80.69075,3.2907
68622,PILOT #474,"I-79, EXIT 67 & SR-19",Sutton,WV,38.67386,-80.68107,3.8657
68623,FLYING J TRAVEL PLAZA #304,"I-469, EXIT 19 & US-30",New Haven,IN,41.06986,-85.01173,3.859
68624,PILOT #586,"I-10, EXIT 69 & SR-63",Moss Point,MS,30.41139,-88.53444,3.459
68625,FLYING J #470 HUDSON,"I-94, EXIT 10 & US-65",Roberts,WI,44.98736,-92.55977,3.559
68626,BECKS EXPRESS MART #14,SR-26,Princeton,IL,41.36293,-89.42702,3.249
68630,DOWNSTREAM Q STORE,US-166/US-400,Joplin,MO,37.09686,-94.50514,3.199
68642,EXXON SANDY RIDGE MART,"I-40/US-421, EXIT 208",Colfax,NC,36.10027,-80.01028,3.099
68643,SHELL,"I-95, EXIT 58 & US-13",Wade,NC,35.16056,-78.72493,3.199
68644,SUPERPUMPER #32,US-2,Minot,ND,48.22914,-101.29848,3.599
68650,MARATHON,"I-75, EXIT 8",Cincinnati,OH,39.09129,-84.27738,3.899
68653,KWIK TRIP #679,"I-43, EXIT 128 & SR-42",Sheboygan,WI,43.74098,-87.72467,3.2157
68656,TA Express Williston,US-2 & US-85,Williston,ND,48.16792,-103.6317,3.4473
68659,KWIK TRIP #659,"US-52, EXIT 56 & CR-22",Rochester,MN,44.04957,-92.48962,3.549
68663,LOVES TRAVEL STOP #474,US-85/US-2 & CR-6,Williston,ND,48.16792,-103.6317,3.519
68665,BIG D 14,"I-90, EXIT 46/US-14/SR-79",Piedmont,SD,44.22874,-103.36882,3.1373
68671,CASEYS #2969,US-81 & RD F,Fairmont,NE,40.6404,-97.58729,3.2823
68672,24 NORTH MOBIL,"I-495, EXIT 7A & SR-24, EXIT 14B",Bridgewater,MA,41.97734,-70.97234,3.699
68674,TEXACO,US-290 & SR-696,Elgin,TX,30.32314,-97.37375,3.099
68684,Rebecca Plantation Truck Plaza,"US-90, EXIT 200 & SR-311",Schriever,LA,29.71228,-90.85134,2.999
68685,QUICK FUEL #2403,"I-29/I-35/SR-71, EXIT 5B",Kansas City,MO,39.16319,-94.56988,3.344
68689,CHEVRON,"I-10, EXIT 59 & SR-395",Roanoke,LA,30.31817,-92.68697,3.609
68690,MARATHON,US-30 & SR-30,Mansfield,OH,40.7633,-82.5138,3.499
68691,BYRNE DAIRY #43,"I-81, EXIT 36 & SR-13",Pulaski,NY,43.55617,-76.12523,4.099
68692,DANDY MINI MART #57,SR-14,Horseheads,NY,42.18049,-76.83454,3.899
68693,SUPER STOPS,SR-70 & SR-308,Belle Rose,LA,30.02595,-91.04435,3.499
68696,STRIPES #40800,FM-351 & US-181,Beeville,TX,28.42225,-97.76157,3.0157
68697,STRIPES #40915,"I-35, EXIT 8 & SR-20 & FM-1472",Laredo,TX,27.51554,-99.49858,2.979
68698,GAS N WASH,"I-80, EXIT 145 & SR-84",Mokena,IL,41.53421,-87.89112,3.499
68699,ORGANIC CONNECTION MOBIL,SR-997,Homestead,FL,25.47664,-80.48385,3.344
68701,SPEEDWAY #1421,US-45 & CR-74,Frankfort,IL,41.50936,-87.82477,3.299
68702,QUIKTRIP #1120,"I-85, EXIT 90 & SR-105",Gaffney,SC,35.06151,-81.64906,3.1907
68708,LOVES TRAVEL STOP #476,"I-80, EXIT 292 & SR-130",Davenport,IA,41.5218,-90.5743,3.8623
68716,ALLTOWN MARKETS #833,I-95 EXIT 41,Milford,CT,41.21747,-73.05495,3.599
68722,Pilot #140,US-40/US-191,Roosevelt,UT,40.31023,-110.01078,3.759
68730,KENT KWIK #315,SR-158 & FM-1788,Midland,TX,31.98964,-102.06261,3.4373
68734,LOVES TRAVEL STOP #478,"I-15, EXIT 113",Idaho Falls,ID,43.51768,-111.99063,3.7557
68737,KWIK TRIP #691,"I-39, EXIT 161",Stevens Point,WI,44.52122,-89.55876,3.559
68738,CASEYS #2316,US-136/SR-5 & SR-5,Unionville,MO,40.48146,-92.99509,3.214
68740,Certified Oil #400352,US-20 & SR-510 & SR-101,Clyde,OH,41.3024,-82.99185,3.379
68741,COUNTY LINE TRUCK STOP,SR-22,Dickinson,ND,46.88729,-102.78759,3.5323
68742,ARTESIA #401,SR-82 & SR-285,Artesia,NM,32.83835,-104.4074,3.439
68796,MR FUEL #731,"I-70, EXIT 123 & SR-3",Spiceland,IN,39.82708,-85.44504,3.699
68797,SPEEDWAY #1412,SR-43,Frankfort,IL,41.50936,-87.82477,3.359
68798,PILOT DEALER #1179,SR-189,Nogales,AZ,31.37697,-110.94351,4.249
68799,SHELL FOOD MART # 25,"I-20, EXIT 77 & SR-13",Morton,MS,32.4361,-89.55122,3.199
68801,7-ELEVEN #40574,US-281,Blanco,TX,30.08736,-98.41066,3.399
68803,SHELL,"I-45, EXIT 152",Madisonville,TX,30.95333,-95.90909,3.1823
68806,SHELL,US-90,Westwego,LA,29.91439,-90.1813,3.0657
68808,SPEEDWAY #4574,US-701,Loris,SC,34.05576,-78.9161,3.269
68813,SPEEDWAY #8741,"I-96, EXIT 86 & SR-100",Eagle,MI,42.82631,-84.75897,3.789
68814,TA HOLBROOK,"I-40/US-180, EXIT 283",Holbrook,AZ,34.90845,-110.14341,3.6557
68815,LOVES TRAVEL STOP #471,"I-35, EXIT 127 & FM-471",Natalia,TX,29.21167,-98.85516,3.203
68821,Joe's Kwik Mart #473,CR-139,Lancaster,NY,42.90168,-78.66308,3.659
68822,CASEYS #3919,"I-35/US-50, EXIT 148 & SR-131",Lebo,KS,38.41609,-95.82217,3.089
68823,FRIENDS FOOD MART,SR-13,Mansfield,OH,40.7633,-82.5138,4.199
68824,EXPRESSWAY,SR-60 & CR-9,Heron Lake,MN,43.79788,-95.32674,3.299
68825,ALLTOWN MARKETS #832,"I-95, EXIT 40",Milford,CT,41.21747,-73.05495,3.599
68826,HIGHWAY SERVICE,US-44,Seekonk,MA,41.83783,-71.32241,3.319
68828,CIRCLE K #2721540,US-78 & SR-15,New Albany,MS,34.48505,-89.00306,3.759
68831,KWIK TRIP #896,SR-65 & CR-J,Minneapolis,MN,45.04958,-93.24609,3.599
68835,SPEEDWAY #7954,US-258/SR-24,Richlands,NC,34.86243,-77.5863,3.324
68836,Corner Market #160,US-60,Pampa,TX,35.53804,-100.95789,3.399
68839,CHOCTAW TRAVEL PLAZA #641,US-69/SR-43,Stringtown,OK,34.4676,-96.00025,3.159
68840,LOVES TRAVEL STOP #475,"I-20/US-84, EXIT 242 & FM-142",Sweetwater,TX,32.47259,-100.39791,3.189
68841,PILOT TRAVEL CENTER #575,"I-95, EXIT 1",Saint Marys,GA,30.77347,-81.56521,3.599
68843,PILOT #467,"I-37, EXIT 125",San Antonio,TX,29.46852,-98.52635,3.399
68844,FLYING J #553,"I-10, EXIT 259",Fort Stockton,TX,30.89079,-102.87994,3.659
68845,PILOT TRAVEL CENTER #4651,"I-95, EXIT 4",Skippers,VA,36.57968,-77.54366,3.799
68847,CIRCLE K #2741553,US-190/US-183 & US-281,Lampasas,TX,31.06796,-98.18336,2.759
68848,CIRCLE K #2741328,"I-35, EXIT 328 & FM-2063",Hewitt,TX,31.45817,-97.19656,2.8657
68849,Circle K #2706632,US-80/SR-8 & CR-480,Selma,AL,32.41972,-87.02453,3.699
68850,SPRINT MART #67,US-84/US-425,Vidalia,LA,31.57822,-91.46947,3.0823
68856,KWIK N EZ #1,"I-40, EXIT 265",Checotah,OK,35.43579,-95.53504,2.909
68860,PETRO STOP #394,"I-35, EXIT 101 & FM-140",Pearsall,TX,28.89232,-99.09436,3.5357
68861,KWIK TRIP #733,SR-76/SR-44,Caledonia,MN,43.62208,-91.48366,3.4907
68864,QUICK FUEL #3190,"I-75, EXIT 68",Dayton,OH,39.7654,-84.0998,3.6773
68865,QUICK FUEL #3192,"I-275, EXIT 42B & SR-747",Cincinnati,OH,39.09129,-84.27738,3.2523
68868,PUMP & PANTRY #14,SR-92/SR-2,Broken Bow,NE,41.41259,-99.63545,3.299
68869,PUMP & PANTRY #4,SR-2 & SR-11,Cairo,NE,41.00018,-98.61654,3.3273
68873,ONVO TRAVEL PLAZA - MOUNTAIN COBB,"I-84, EXIT 8",Lake Ariel,PA,41.43948,-75.43126,3.5857
68874,QUIKTRIP #492,"I-10, EXIT 114 & SR-85",Buckeye,AZ,33.38896,-112.60773,3.369
68875,SHEETZ #512,"I-40, EXIT 203 & SR-66",Kernersville,NC,36.11653,-80.08312,2.844
68882,CAPITAL FUELS MYTON,US-40/191,Myton,UT,40.19405,-110.04806,3.5023
68883,CBH TRAVEL CENTER,US-85,Belle Fourche,SD,44.67228,-103.8396,3.299
68885,FLYING J #488,"I-35, EXIT 69",Cotulla,TX,28.43984,-99.23282,3.599
68886,BEBO'S,SR-38,Kentwood,LA,30.88922,-90.47283,3.0157
68888,Express Lane,"US-80, EXIT 33 & US-6/SR-78",Annawan,IL,41.39802,-89.91295,3.299
68890,Circle K #2741795,"I-430, EXIT 12 & SR-100",Maumelle,AR,34.84909,-92.40589,3.1857
68891,LOVES TRAVEL STOP #480,I-40 EXIT 364,Lenoir City,TN,35.81039,-84.2665,3.439
68892,OLIVE EXXON,US-31,Holland,MI,42.7875,-86.10889,3.799
68893,J & H FAMILY STORE,"I-96, EXIT 52 & SR-50",Lowell,MI,42.95497,-85.36531,3.789
68894,ROCKFORD MOBIL MART,"US-131, EXIT 97",Rockford,MI,43.11522,-85.51361,3.299
68895,J & H FAMILY STORE #103,"I-196, EXIT 62",Hudsonville,MI,42.87481,-85.8751,3.399
68897,TA CARYVILLE,"I-75, EXIT 141",Pioneer,TN,36.46946,-84.29067,3.0073
68899,XTRAMART,SR-9,Westborough,MA,42.283,-71.6015,3.649
68900,DUCK THRU #41,US-17/SR-37,Hertford,NC,36.17706,-76.4243,3.599
68901,SPEEDWAY #1224,"SR-741 & I-71, EXIT 25",Mason,OH,39.33574,-84.31494,3.159
68902,CASEYS #3062,SR-281 & SR-160,Medicine Lodge,KS,37.28445,-98.58478,3.114
68903,BIG D KWIK SHOP,SR-59,Gillette,WY,44.28201,-105.49744,3.379
68907,QUIKTRIP #943,"I-35E, EXIT 405 & US-77",Waxahachie,TX,32.3808,-96.8374,2.8957
68908,SPEEDWAY #1804,"I-270, EXIT 32 & I-71, EXIT 116",Columbus,OH,40.1444,-82.9789,3.6923
68912,Chisholm Corner #13,"SR-19 & I-35, EXIT 72",Pauls Valley,OK,34.73851,-97.2195,3.089
68913,CASEYS #3263,"I-90, EXIT 43 & SR-60",Worthington,MN,43.62863,-95.60591,3.1423
68915,PUMP & PANTRY #53,US-20,Jackson,NE,42.45288,-96.57434,3.4123
68916,YESWAY #1075,"I-20, EXIT 278",Tye,TX,32.44773,-99.86843,2.8757
68919,GULF MART 5150,"I-90 E, MM 117",Natick,MA,42.28748,-71.35741,4.0657
68921,GAS N GO,US-341/SR-7 & SR-96/SR-49,Fort Valley,GA,32.54956,-83.88873,3.1823
68923,STRIPES 7FLEET #42509,US-67 & SR-137,Big Lake,TX,31.24059,-101.47878,3.599
68924,KWIK TRIP #326,"I-90, EXIT 171 & US-51 & US-14",Janesville,WI,42.69154,-89.03312,3.374
68925,KWIK TRIP #874,"I-35, EXIT 132 & US-8",Chisago City,MN,45.36114,-92.89213,3.3273
68926,KWIK TRIP #872,SR-26,Jefferson,WI,43.00056,-88.80777,3.3823
68927,MARATHON,US-19 & SR-80,Rosedale,VA,36.97398,-81.88879,3.749
68928,PILOT TRAVEL CENTER #475,"I-40, EXIT 196 & SR-41",Moriarty,NM,34.98888,-106.06087,3.244
68929,SPEEDWAY #6953,"I-74/US-311, EXIT 65",High Point,NC,35.95931,-80.01167,3.529
68930,PILOT #4569,"I-95, EXIT 5",Hardeeville,SC,32.26351,-81.06687,3.3757
68933,RUTTERS #23,US-30 & SR-462,Mountville,PA,40.04274,-76.42769,3.979
68935,JACKSONS FOOD STORES #144,I-84 & SR-55,Nampa,ID,43.58342,-116.58482,3.899
68936,AMOCO,US-421/SR-11 & SR-53,Burgaw,NC,34.54868,-77.94032,3.599
68937,LANTZ CORNERS MINI MART #255,US-6 & US-219,Kane,PA,41.66186,-78.79778,3.7157
68938,TOOT N TOTUM #23,SR-136/207 & SR-152,Borger,TX,35.6643,-101.40324,3.0157
68941,ALLTOWN MARKETS #2743,"US-3, EXIT 28",North Billerica,MA,42.57569,-71.29022,3.6823
68946,FLYING J #97,"I-75, EXIT 64",Vandalia,OH,39.88827,-84.20227,3.3523
68947,PILOT TRAVEL CENTER #593,"I-10, EXIT 268",Tucson,AZ,32.21387,-110.96944,3.3023
68949,JOES KWIK MARTS #475,US-15 & SR-20,Orange,VA,38.23394,-78.09122,3.3323
68950,KWIK TRIP #608,US-52 & SR-30,Chatfield,MN,43.8362,-92.15735,3.4823
68951,KWIK TRIP #313,US-10 & SR-73,Neillsville,WI,44.54943,-90.6112,3.339
68952,MAVERIK COUNTRY STORE #425,"I-84, EXIT 376, US-30/US-95",Fruitland,ID,44.00266,-116.91426,3.3657
68956,SPEEDWAY #4533,"US-18/US-12, EXIT 146",Madison,WI,43.073,-89.3817,3.599
68957,TA EXPRESS #6259,US-85/SR-200,Alexander,ND,47.84352,-103.63961,3.5257
68959,SPEEDWAY #5215,"I-70, EXIT 66 & SR-54",South Vienna,OH,39.94732,-83.6157,3.159
68960,MAVERIK COUNTRY STORE #484,"I-15/84, EXIT 343 & SR-126",Ogden,UT,41.2443,-112.0072,3.3923
68964,JIFFY TRIP #201,US-64/SR-58,Cherokee,OK,36.75638,-98.35938,3.269
68969,MAVERIK COUNTRY STORE #474,"I-80, EXIT 115, CR-154",Salt Lake City,UT,40.75585,-111.89666,3.389
68971,FLYING J #580,"I-20, EXIT 121",Odessa,TX,31.8465,-102.3663,3.5657
68972,SUNOCO CLARA BARTON PLAZA #7005,NJTP MM 5 SB,Penns Grove,NJ,39.71794,-75.46562,3.899
68974,STRIPES #40801,US-181 & SR-123 & CR-347,Karnes City,TX,28.88276,-97.90707,3.174
68976,MAVERIK COUNTRY STORE #453,"I-80, EXIT 223 & SR-305",Battle Mountain,NV,40.62199,-116.95544,3.389
68977,MAVERIK COUNTRY STORE #444,US-491 & US-666,Monticello,UT,37.92171,-109.31529,3.489
68978,MAVERIK COUNTRY STORE #287,"I-84, EXIT 36 & US-30",Nampa,ID,43.58342,-116.58482,3.3857
68979,MAVERIK COUNTRY STORE #478,"I-40, EXIT 286 & SR-77",Holbrook,AZ,34.90845,-110.14341,3.224
68981,PETRO-CARD 24 #910450,US-63 & US-36,Macon,MO,39.74809,-92.46216,3.239
68982,SHELL,US-23,Grand Blanc,MI,42.92816,-83.62641,3.799
68985,LOVES TRAVEL STOP #500,"I-35, EXIT 106",Eagleville,MO,40.4912,-93.99506,3.789
68987,STRIPES #40535,I-35,Cotulla,TX,28.43984,-99.23282,3.339
68988,7-ELEVEN #40547,US-281 & SR-29,Burnet,TX,30.7766,-98.26424,2.9573
68989,QUARLES #4907,SR-166,Norfolk,VA,36.8466,-76.2855,3.809
68990,LOVES TRAVEL STOP #490,"I-24, EXIT 158",Jasper,TN,35.0666,-85.61474,3.2523
68991,LOVES TRAVEL STOP #514,"I-90/US-395, EXIT 221 & SR-261",Ritzville,WA,47.13153,-118.39581,3.919
68992,SHORT STOP #24,US-24,Saint Marys,KS,39.19867,-96.06828,2.9673
68993,SHORT STOP #22,SR-15,Clay Center,KS,39.38435,-97.12779,2.9723
68994,SHORT STOP #25,US-36 & SR-15,Washington,KS,39.82234,-97.04837,2.9023
68995,ALLTOWN MARKETS #839,"I-95, EXIT 10",Darien,CT,41.07676,-73.48525,3.8323
68996,BLU / DRIVEN FUELS,"I-15, EXIT 113",Idaho Falls,ID,43.51768,-111.99063,3.479
69002,KWIK TRIP #863,US-10,Stevens Point,WI,44.52122,-89.55876,3.584
69004,Maplefields,HWY 9 N & ROUTE 22,Ticonderoga,NY,43.8463,-73.44259,3.749
69005,SPEEDWAY #1017,"I-70, EXIT 186 & SR-285",Lore City,OH,40.04585,-81.44785,3.2323
69006,PILOT #449,"I-70, EXIT 208",Belmont,OH,40.03202,-81.00656,3.539
69007,SPEEDWAY #7136,US-41 & US-70,Nashville,TN,36.16703,-86.77844,3.2423
69008,SPEEDWAY #7137,SR-42 & SR-111,Cookeville,TN,36.17426,-85.49531,3.0773
69009,PILOT #1140,US-287,Rhome,TX,33.05405,-97.48169,3.1757
69010,PILOT TRAVEL CENTER #1023,US-69 & US-59/SR-287,Lufkin,TX,31.336,-94.73418,3.659
69013,SPEEDWAY #7124,US-231/SR-10,Lebanon,TN,36.20979,-86.30237,3.024
69014,SPEEDWAY #4100,"I-94, EXIT 308 & US-41",Milwaukee,WI,43.0343,-87.9151,3.599
69015,Joe's Kwik Mart,"I-75, EXIT 7 & US-11 & US-64",Chattanooga,TN,35.0455,-85.3081,3.149
69016,SPEEDWAY #7606,"I-75, EXIT 25",Corbin,KY,36.93443,-84.10208,3.519
69017,SHELL,US-71 & SR-511,Bossier City,LA,32.54492,-93.70383,2.999
69021,SWEET CRUDE TRAVEL CENTER,HWY 85 & SR 200,Grassy Butte,ND,47.44307,-103.29443,3.6407
69027,SPINX #134 (DISCOUNT AVAILABLE),SR-55 & 418,Simpsonville,SC,34.73694,-82.25444,3.0657
69028,LOVES TRAVEL STOP #427,"I-75, EXIT 51",Dayton,OH,39.7654,-84.0998,3.319
69029,LOVES TRAVEL STOP #461,"I-70, EXIT 246A",Saint Louis,MO,38.64257,-90.32419,3.114
69030,LOVES TRAVEL STOP #424,"I-20, EXIT 51",Lexington,SC,33.98139,-81.23639,3.4073
69031,LOVES TRAVEL STOPS #492,"I-20, EXIT 42 & US-285",Pecos,TX,31.41438,-103.50813,3.449
69036,REFUEL #1038,US-15 & SR-151,Hartsville,SC,34.37562,-80.08424,3.3657
69037,CIRCLE K #2723192,US-64 & US-421,Siler City,NC,35.73539,-79.45662,2.949
69038,REFUEL #1028,US-421/US-52 & US-15,Society Hill,SC,34.45116,-79.88649,3.399
69041,SPEEDWAY #7960,US-258/US-13,Farmville,NC,35.58061,-77.5793,2.899
69042,Joes Kwik Mart #7012,US-17/701,Georgetown,SC,33.43078,-79.32346,2.999
69043,KWIK TRIP #204,"US-51, EXIT 188",Wausau,WI,44.96343,-89.63396,3.3323
69045,TA BRUNSWICK #6258,"I-95, EXIT 29",Brunswick,GA,31.16965,-81.49304,3.4607
69046,SPEEDWAY #6303,"I-96, EXIT 4 & US-31",Muskegon,MI,43.23259,-86.24919,3.279
69047,SPEEDWAY #7461,I-294 & SR-50/SR-31,Alsip,IL,41.6723,-87.7339,3.219
69048,QUICK FUEL #2104,"I-74, EXIT 11",Indianapolis,IN,39.93842,-86.13894,3.6623
69049,CIRCLE K #2741787,"I-440, EXIT 7 & US-165",North Little Rock,AR,34.76697,-92.26538,3.369
69051,PILOT TRAVEL CENTER #1225,"I-64, EXIT 23 & SR-4",Mascoutah,IL,38.49028,-89.79306,3.799
69052,PILOT DEALER #1193,US-93,Wikieup,AZ,34.70333,-113.61056,3.839
69053,PILOT #1192,US-60,Wittmann,AZ,33.72642,-112.44658,4.899
69055,PILOT DEALER #1058,US-301 & SR-200,Waldo,FL,29.7871,-82.16079,3.799
69057,MACH ONE FOOD SHOP #18,US-45/SR-15,Fairfield,IL,38.37821,-88.35932,3.729
69058,FOOD N FUEL,SR-53,Joliet,IL,41.52715,-88.08241,3.499
69059,LOVES TRAVEL STOP #530,"I-20, EXIT 147",Moody,AL,33.58413,-86.51557,3.1757
69061,SPINX #125 (DISCOUNT AVAILABLE),US-25 & SR-331,Piedmont,SC,34.72443,-82.47022,3.0657
69064,DUCK THRU #7,US-258,Rich Square,NC,36.27726,-77.29695,3.699
69067,AP FUEL STOP,"I-75, EXIT 120",Lima,OH,40.76407,-84.0973,3.0807
69069,SPINX #179 (DISCOUNT AVAILABLE),SR-291,Greenville,SC,34.84716,-82.40605,3.799
69073,LOVES TRAVEL CENTER #518,"I-15, EXIT 260 & SR-77",Springville,UT,40.16253,-111.59866,3.689
69076,A PLUS MINI MARKET,"I-95, MM 82",Aberdeen,MD,39.51089,-76.18054,3.8323
69077,FLYING J #554,"I-37, EXIT 56",George West,TX,28.32039,-98.11616,3.199
69078,PILOT #559,"I-20, EXIT 178",Big Spring,TX,32.24177,-101.46752,3.659
69079,Circle K #2746432,SR-2,Stanley,ND,48.31919,-102.3928,3.549
69084,TIGER MART #79,SR-287 & FM-664,Waxahachie,TX,32.3808,-96.8374,2.849
69085,FATDOGS OGALLALA,"US-80, EXIT 126 & US-26/SR-61",Ogallala,NE,41.1275,-101.71074,3.014
69088,SPEEDWAY #3478,US-9 & SR-184,Perth Amboy,NJ,40.51755,-74.27543,3.419
69091,SPEEDWAY #6670,US-36/SR-67,Indianapolis,IN,39.93842,-86.13894,3.229
69095,JACKSONS FOOD STORE #23,"SR-395, EXIT 78",Reno,NV,39.52681,-119.81127,3.999
69096,SPEEDWAY #2907,US-62 & SR-18,Hermitage,PA,41.2326,-80.45303,3.9373
69097,CIRCLE K #2741192,"I-30, EXIT 42B & SR-180",Dallas,TX,32.99685,-96.79211,2.899
69098,CIRCLE K #2741318,SR-285 & CR-160,Dripping Springs,TX,30.22677,-98.10295,3.049
69099,LOVES TRAVEL STOP #523,"I-10, EXIT 92",Rayne,LA,30.20451,-92.24859,3.149
69100,DADS NORTH YELLOWSTONE,US-26,Idaho Falls,ID,43.51768,-111.99063,3.599
69101,BROMPTON VALERO,"I-20, EXIT 147 WEST",Moody,AL,33.58413,-86.51557,3.1223
69102,CIRCLE K #4701445,"I-57, EXIT 250 & US-36",Rantoul,IL,40.31074,-88.14618,3.599
69103,LOVES TRAVEL STOP #539,US-385 & FM-1910,Andrews,TX,32.32012,-102.54093,3.689
69104,QUIKTRIP #970,SR-12 & SR-180,Dallas,TX,32.99685,-96.79211,2.9757
69106,SPINX #201,"I-185, EXIT 1A, I-385, EXIT 30",Simpsonville,SC,34.73694,-82.25444,2.9657
69109,SHEETZ #497,"I-99, EXIT 15 & US-220 (BUSINESS)",Claysburg,PA,40.32924,-78.47966,3.644
69110,SHEETZ #498,US-22/US-119,Blairsville,PA,40.44126,-79.25333,3.5273
69112,LOVES TRAVEL STOP #529,"I-39, EXIT 54",Oglesby,IL,41.29277,-89.05534,3.389
69115,BP,"I-90, EXIT 387/CR-151",Hartford,SD,43.61547,-96.95005,2.9773
69117,SPEEDWAY #6395,US-24 & SR-64,Waterville,OH,41.50225,-83.73314,3.699
69119,CIRCLE K #2741217,"I-24, EXIT 242 & US-550/SR-24",Bernalillo,NM,35.32851,-106.53087,3.5257
69122,DOUBLE QUICK #61,US-82,Leland,MS,33.41002,-90.8928,3.299
69123,LATTA TRAVEL STOP,SR-1,Ada,OK,34.78004,-96.69236,3.1073
69124,LOVES TRAVEL STOP #467,"I-95, EXIT 131 & SR-68",Fort Pierce,FL,27.43823,-80.44396,3.5057
69125,TA BROOKLYN,"I-80, EXIT 197",Brooklyn,IA,41.73215,-92.42846,3.819
69127,TALL TIMBERS TRUCK STOP,"I-55, EXIT 46 & SR-16",Amite,LA,30.71821,-90.57049,2.999
69128,BEACON & BRIDGE #34,"US-127, EXIT 194 & SR-55",Houghton Lake,MI,44.34133,-84.74218,3.399
69132,PILOT #1001,US-67 & SR-137,Big Lake,TX,31.24059,-101.47878,4.059
69133,PILOT TRAVEL CENTERS #557,US-180 & US-62,Hobbs,NM,32.72217,-103.13725,3.729
69134,LOVES TRAVEL STOP #486,"I-40 & US-270, EXIT 166",Choctaw,OK,35.47176,-97.27256,3.3373
69135,SPEEDWAY #8013,"I-70, EXIT 21",Brookville,OH,39.84139,-84.41646,3.3407
69137,CIRCLE K #2741564,"I-35/US-77, EXIT 338B",Waco,TX,31.55245,-97.13961,2.889
69139,CIRCLE K #2741545,SR-72 & US-87,Cuero,TX,29.09097,-97.28125,3.099
69141,LOVES TRAVEL STOP #558,US-283 & US-400/US-56,Dodge City,KS,37.75688,-100.02407,3.789
69142,LOVES TRAVEL STOP #517,"I-70, EXIT 26 & US-50/6",Grand Junction,CO,39.07833,-108.54569,3.989
69143,MACH 1 #21,US-45 & SR-34,Harrisburg,IL,37.72566,-88.54404,3.689
69144,STRIPES 7FLEET #42530,SR-71 & SR-16,Llano,TX,30.72253,-98.65273,3.2323
69145,SPEEDWAY #9561,"I-77, EXIT 132",Ripley,WV,38.80904,-81.70199,3.499
69146,DRUMS FUEL STOP,I-80 EXIT 262,Drums,PA,41.02553,-75.97676,3.569
69149,BLU STATION- LAMAR AVE,"I-240, EXIT 30",Memphis,TN,35.0337,-89.9343,2.969
69150,BLU STATION,"I-70, EXIT 66 & SR-267",Plainfield,IN,39.71604,-86.39506,3.479
69151,PILOT #592,"I-70, EXIT 26 & US-50",Grand Junction,CO,39.07833,-108.54569,3.999
69152,LOVES TRAVEL STOP #557,"US-64/167, EXIT 44 & SR-367",Searcy,AR,35.25351,-91.76293,3.3623
69153,Pilot Travel Center #1550,"I-65, EXIT 304 & SR-69/CR-437",Cullman,AL,34.17615,-86.82978,3.859
69155,PILOT TRAVEL CENTERS #1004,"I-35, EXIT 214 & US-60",Tonkawa,OK,36.68062,-97.30634,3.5957
69156,BLU STATION,"I-55, EXIT 5A",Memphis,TN,35.0337,-89.9343,2.969
69159,EXXON,US-15 & SR-49,Lawrenceville,PA,41.97827,-77.11355,3.699
69162,Shell,US-20 & SR-15,Goshen,IN,41.58448,-85.83799,3.549
69163,CUBBYS #406,"I-229, EXIT 9 & SR-115",Sioux Falls,SD,43.488,-96.7343,3.099
69164,CIRCLE K #2741557,US-190 & SR-195 & SR-3470,Killeen,TX,31.117,-97.7261,2.7623
69165,EL TIPI QUICK STOP,US-283 & SR-15,Shattuck,OK,36.28892,-99.8793,3.2323
69167,HOBO TRUCK STOP 2,US-50/400 & US-83,Garden City,KS,37.97693,-100.86209,3.399
69168,STRIPES 7FLEET #42470,I-20 EXIT 324 & CR-134,Cisco,TX,32.38004,-98.98651,3.1273
69169,LAMBOS #5,"I-57, EXIT 212 & SR-36/CR-950",Tuscola,IL,39.79951,-88.28159,3.229
69170,SPEEDWAY #9381,US-50 & SR-14,Parkersburg,WV,39.26443,-81.53541,3.464
69171,KWIK STAR #215,US-61,Davenport,IA,41.5218,-90.5743,3.649
69172,KWIK TRIP #210,"US-53, EXIT 90",Eau Claire,WI,44.78397,-91.48769,3.4073
69173,KWIK TRIP #231,US-61 & SR-310,Boscobel,WI,43.13933,-90.7061,3.474
69174,KWIK TRIP #860,SR-17,Rhinelander,WI,45.64672,-89.40928,3.4523
69175,KWIK TRIP #854,US-212 & CR-33,Norwood Young America,MN,44.76679,-93.93007,3.674
69176,FLYING J TRAVEL PLAZA #1015- TOWN PUMP,SR-200/SR-16 & CR-123,Sidney,MT,47.71302,-104.16344,3.384
69177,LOVES TRAVEL STOP #426,"I-80, EXIT 34",Shelby,IA,41.5339,-95.44689,3.649
69178,LOVES TRAVEL STOP #495,"I-75, EXIT 143 & CR-78",North Fort Myers,FL,26.67814,-81.90963,3.789
69182,XtraMart #1513,"I-87, EXIT 10 & US-9",Clifton Park,NY,42.84987,-73.78509,3.899
69183,SPEEDWAY #7611,"I-71, EXIT 65 & SR-435",Jeffersonville,OH,39.65896,-83.56873,3.229
69185,LOVES TRAVEL STOP #560,US-258 & US-58,Franklin,VA,36.67862,-76.93911,3.889
69186,LOVES TRAVEL STOP #551,US-20 & CR-127,Angola,IN,41.65632,-85.0198,3.889
69187,LOVES TRAVEL STOP #559,US-82 & US-49,Indianola,MS,33.44908,-90.65414,3.3157
69188,PILOT TRAVEL CENTER #1013-TOWN PUMP,"I-90, EXIT 298",Belgrade,MT,45.78013,-111.14393,3.6307
69189,LOVES TRAVEL STOP #542,"I-10, EXIT 261/US-67 & I-10 BUS",Fort Stockton,TX,30.89079,-102.87994,3.649
69190,LOVES TRAVEL STOP #561,"I-10, EXIT 70 & US-90 & SR-285",Defuniak Springs,FL,30.75178,-86.13801,3.609
69193,Certified Oil #400305,SR-2 & SR-7,New Martinsville,WV,39.6588,-80.85654,3.3173
69194,CHESAPEAKE HOUSE SUNOCO,"I-95, EXIT 97",North East,MD,39.60453,-75.95381,3.8323
69200,BECKS EXPRESS MART #22,"I-55, EXIT 126",Lincoln,IL,40.14508,-89.36838,3.299
69201,CASEYS #3654,SR-210,Brainerd,MN,46.35722,-94.20187,3.4457
69203,SPEEDWAY #1414,US-45,Mokena,IL,41.53421,-87.89112,3.339
69207,CIRCLE K #2705988,"I-10, EXIT 209A & US-90/SR-10",Tallahassee,FL,30.42856,-84.25934,3.619
69211,KWIK TRIP #213,"I-35/US-61, EXIT 139 & CR-19",Stacy,MN,45.39806,-92.98722,3.3773
69213,Circle K #2741498,SR-72 & SR-16,Tilden,TX,28.41975,-98.56932,3.199
69214,MAVERIK #5031,"I-70, EXIT 90 & US-24",Rifle,CO,39.54907,-107.7898,3.4623
69215,GASWAY,US-1,North Brunswick,NJ,40.45377,-74.48229,3.159
69217,Circle K #4705624,"I-76, EXIT 2 & US-224",Seville,OH,41.02273,-81.8562,3.0657
69218,DANDY MINI MART #58,"I-86, EXIT 41 & US-17/15",Campbell,NY,42.23857,-77.20662,3.899
69220,CIRCLE K #2705097,"I-275, EXIT 2 & US-41",Palmetto,FL,27.52111,-82.5725,3.699
69221,PILOT TRAVEL CENTER #483,"I-80, EXIT 112 & SR-47",Morris,IL,41.36723,-88.41777,3.799
69222,PILOT TRAVEL CENTERS #1003,US-287 & US-283,Childress,TX,34.42812,-100.21017,3.799
69223,LOVES TRAVEL STOP #566,"US-231/CR-53, EXIT 12",Ozark,AL,31.43907,-85.64363,3.989
69226,STRIPES #40812,US-77,Odem,TX,27.94031,-97.58375,3.199
69228,QUIKTRIP #993,"I-20, EXIT 501 & SR-34",Terrell,TX,32.71429,-96.25134,2.8707
69229,SPEEDWAY #7154,"I-40, EXIT 87 & US-70",Jackson,TN,35.61022,-88.81401,3.399
69230,JOES KWIK MARTS #6013,SR-16 & SR-73,Denver,NC,35.48368,-80.98978,3.189
69233,PILOT TRAVEL CENTER #597,US-23 & US-50,Chillicothe,OH,39.338,-82.98949,3.799
69234,KWIK TRIP #220,US-53/SR-194,Duluth,MN,47.09443,-91.84673,3.499
69235,KWIK TRIP #203,US-2 & SR-35,Superior,WI,46.70155,-92.09117,3.339
69236,KWIK TRIP #225,SR-54/SR-55,Seymour,WI,44.5091,-88.31724,3.3907
69237,KWIK TRIP #239,"I-43, EXIT 50 & SR-164",Big Bend,WI,42.88846,-88.21218,3.3323
69238,KWIK TRIP #242,"US-41, EXIT 97",Fond Du Lac,WI,43.77045,-88.42915,3.3407
69239,LOVES TRAVEL STOP #580,SR-20/157 & SR-133,Tuscumbia,AL,34.68743,-87.68326,3.849
69245,SPEEDWAY #7946,SR-24,Newport,NC,34.75508,-76.90694,3.699
69250,MAVERIK #5150,"I-25, EXIT 278 & SR-1",Wellington,CO,40.72552,-105.03184,3.199
69252,SPEEDWAY #6977,SR-96,Youngsville,NC,36.00778,-78.4412,2.9523
69255,THE LANDING,US-82,Greenwood,MS,33.51588,-90.17259,3.199
69257,CATARINA ONE STOP,US-83,Catarina,TX,28.34528,-99.61306,3.024
69258,TEX-BEST #525,"I-37, EXIT 109 & SR-97",Pleasanton,TX,28.99237,-98.48306,3.099
69259,SPEEDWAY #7162,US-74/SR-311,Cleveland,TN,35.13126,-84.87501,3.449
69261,THORNTONS #314,SR-83,Bensenville,IL,41.9536,-87.935,3.409
69263,LOVES TRAVEL STOP #564,US-82 & SR-50 & SR-12,Columbus,MS,33.5377,-88.42619,3.249
69288,KWIK STAR #207,"US-61, EXIT 311B & US-30",De Witt,IA,41.82673,-90.52374,3.624
69289,KWIK TRIP #224,"I-35, EXIT 254",Duluth,MN,47.09443,-91.84673,3.499
69290,LOVES TRAVEL STOP #587,"I-41/US-45, EXIT 97",Fond Du Lac,WI,43.77045,-88.42915,3.4457
69291,LOVES TRAVEL STOP #581,"I-70, EXIT 56 & US-89",Salina,UT,38.95603,-111.88107,3.7057
69294,KWIK TRIP #317,"I-90, EXIT 28 & SR-16",Sparta,WI,43.95405,-90.81457,3.2423
69296,KWIK TRIP #234,"I-35, EXIT 239",Cloquet,MN,46.72604,-92.45282,3.319
69297,KWIK TRIP #241,"US-51, EXIT 208 & SR-64",Merrill,WI,45.18092,-89.6907,3.4073
69299,SPEEDWAY #7912,US-421/SR-16,Wilkesboro,NC,36.13586,-81.15729,3.134
69300,SPEEDWAY #8262,SR-306 & SR-55,Grantsboro,NC,35.12219,-76.88439,3.4407
69301,SPEEDWAY #6969,US-264 & SR-99,Belhaven,NC,35.52049,-76.62357,3.1973
69305,ROAD RANGER #268,"I-64, EXIT 130 & SR-1",Grayville,IL,38.26271,-88.00354,3.799
69306,PILOT TRAVEL CENTER #500,"I-75, EXIT 460 & SR-6",Jasper,FL,30.50291,-82.93219,3.369
69307,LOVES TRAVEL STOP #578,I-55 EXIT 30 & SR-140,Hamel,IL,38.87843,-89.87268,3.419
69308,LOVES TRAVEL STOP #535,SR-283,Middletown,PA,40.20409,-76.73313,3.759
69309,PILOT TRAVEL CENTER #1012,"US-218, EXIT 42B & US-34",Mount Pleasant,IA,40.96457,-91.56143,3.5657
69310,PILOT TRAVEL CENTER #1006,"I-10, EXIT 456 & US-377",Junction,TX,30.47544,-99.74731,3.599
69311,GOLDEN GATE TRUCKSTOP HAWTHORNE,US-95/SR-362,Hawthorne,NV,38.53466,-118.64114,4.079
69312,ONVO TRAVEL PLAZA - DUNCANNON,US-11/15,Duncannon,PA,40.40868,-77.04725,3.5523
69313,PETERSONS DIESEL FUELING,"I-5, EXIT 156",Seattle,WA,47.61144,-122.33046,4.399
69314,Circle K #4706799,"I-55, EXIT 283 & SR-43",Bridgeview,IL,41.74313,-87.80657,3.919
69315,ROAD RANGER #269,"I-70, EXIT 147 & SR-1",Marshall,IL,39.422,-87.69226,3.249
69318,FUEL ONE,US-9 & SR-35,Avenel,NJ,40.58257,-74.27852,3.3723
69319,SPEEDWAY #8190,US-117/13 BYP S,Goldsboro,NC,35.38258,-78.01581,3.599
69321,CIRCLE K #2741546,US-90,Gonzales,TX,29.50857,-97.44946,2.8757
69322,SHELL SERVICE STATION,"I-10, EXIT 828 & SR-73",Winnie,TX,29.81568,-94.3395,3.2323
69324,CIRCLE K #4707006,"I-95, EXIT 302 & US-1",Houlton,ME,46.11885,-67.86301,3.899
69330,KWIK TRIP #292,"I-43, EXIT 183",Green Bay,WI,44.48531,-88.01687,3.3907
69333,SPEEDWAY #3578,"US-131, EXIT 64",Wayland,MI,42.66427,-85.61911,3.499
69336,SPEEDWAY #7148,"I-40, EXIT 232 & SR-109",Lebanon,TN,36.20979,-86.30237,2.9223
69338,SPEEDWAY #6139,US-30 & SR-13,Pierceton,IN,41.21241,-85.70612,3.729
69339,SPEEDWAY #9383,"I-75, EXIT 29 & SR-63",Monroe,OH,39.44129,-84.3652,3.2023
69341,CIRCLE K #2741067,"I-410/US-281, EXIT 41",San Antonio,TX,29.46852,-98.52635,2.899
69342,WARREN OIL,"I-90, EXIT 3 & US-41 & SR-912",Hammond,IN,41.60993,-87.50791,3.439
69344,CIRCLE K #2741078,SR-97 & SR-123,Stockdale,TX,29.23191,-97.93508,3.079
69345,RUTTERS #20,"I-76, EXIT 247 & I-283, EXIT 1A",Middletown,PA,40.20409,-76.73313,3.8223
69346,D AND C FUEL SALES,US-6 & CR-4019,Tunkhannock,PA,41.55069,-75.94104,3.699
69353,SPEEDWAY #2910,"I-79, EXIT 55",Pittsburgh,PA,40.47454,-79.95252,3.909
69354,CIRCLE K #4702411,US-36,Danville,IN,39.76282,-86.53425,3.789
69362,HART MARATHON,US-31,Hart,MI,43.70676,-86.31415,3.449
69365,Circle K #4703911,SR-109 & SR-52,Portland,TN,36.56731,-86.50592,2.959
69369,SPEEDWAY #2912,SR-65,Baden,PA,40.6416,-80.19847,3.9123
69374,7-ELEVEN #40558,SR-6 & CR-185,Woodway,TX,31.50507,-97.23106,2.9857
69377,CIRCLE K #4705628,SR-21 & SR-585,Barberton,OH,41.01859,-81.61531,3.5823
69379,Kum & Go #0535,US-6 & US-65,Des Moines,IA,41.6005,-93.6088,2.9873
69380,CASEYS #2967,SR-43 & SR-2,Bennet,NE,40.63822,-96.5134,3.229
69384,KWIK TRIP #209,"US-41, EXIT 148 & SR-55",Kaukauna,WI,44.29561,-88.27169,3.369
69390,MINIT MART #600625,"I-57, EXIT 283 & US-24",Gilman,IL,40.76799,-87.99334,3.399
69392,LOVES TRAVEL STOP #600,"I-69, EXIT 214",Pendleton,IN,39.97924,-85.79461,3.5757
69393,LOVES TRAVEL STOP #594,US-35 & SR-850,Bidwell,OH,38.92765,-82.27009,3.849
69394,SPEEDWAY #3424,"I-75, EXIT 73 & SR-55",Troy,OH,40.03739,-84.20315,3.1357
69395,SPEEDWAY #3766,US-52,Indianapolis,IN,39.93842,-86.13894,3.599
69396,SPEEDWAY #7158,"I-40, EXIT 320 & SR-98",Crossville,TN,35.94404,-85.01717,3.0723
69397,SPEEDWAY #7163,"I-40/US-412, EXIT 85",Jackson,TN,35.61022,-88.81401,3.349
69398,SPEEDWAY #7114,"I-75, EXIT 4, SR-153, EXIT 1 & US-64/US-11",Chattanooga,TN,35.0455,-85.3081,3.0823
69399,SPEEDWAY #7147,"I-75, EXIT 49 & SR-30",Athens,TN,35.45739,-84.60426,3.349
69400,CASEYS #4411,US-641 & SR-58,Benton,KY,36.88065,-88.35477,3.199
69401,CASEYS #3205,"I-29, EXIT 47 & US-275/SR-92",Council Bluffs,IA,41.25295,-95.88099,3.599
69402,SHELL,"I-71, EXIT 151 & SR-95",Mount Gilead,OH,40.53837,-82.80624,3.759
69403,SHORTYS ONE STOP,US-83/12/SR-20,Selby,SD,45.47859,-100.05407,3.089
69405,FLYING J #551,"I-20, EXIT 330 & SR-206",Cisco,TX,32.38004,-98.98651,3.1423
69407,Cenex,US-14/CR-812 & US-83,Blunt,SD,44.50257,-99.94628,3.1015
69410,LOVES TRAVEL STOP #602,"I-90, EXIT 67B",Box Elder,SD,44.11986,-103.06824,3.989
69412,CIRCLE K #4705724,US-127 & CR-144,Paulding,OH,41.14102,-84.57223,3.699
69413,ASAP GENERAL STORE #300,"I-40, EXIT 66 & US-183",Clinton,OK,35.51154,-98.97953,3.149
69414,FLEX MARKET,"I-65 EXIT20, US-31 W EXIT 4",Bowling Green,KY,37.00787,-86.45589,2.999
69416,CIRCLE K #2740541,HWY 90,Roans Prairie,TX,30.48694,-95.98667,3.0723
69417,LOVLEN FOODS,US-58 & SR-615,Drewryville,VA,36.68543,-77.3591,3.049
69421,CIRCLE K #2741257,"I-10, EXIT 19B",El Paso,TX,31.75841,-106.47831,2.9157
69423,FAST MARKET #4574,SR-375 & CR-258,El Paso,TX,31.75841,-106.47831,2.9057
69425,5R TRAVEL CENTER,"I-10, US HWY 180, EXIT 82A",Deming,NM,32.23181,-107.74656,3.049
69426,LOVES TRAVEL STOP #553,"I-40 E, EXIT 163",Williams,AZ,35.24984,-112.19062,3.5957
69434,CIRCLE K #2741559,US-281 & SR-29,Burnet,TX,30.7766,-98.26424,2.9157
69436,CIRCLE K #2741077,SR-97 & CR-433,Pleasanton,TX,28.99237,-98.48306,2.949
69437,CountryMark,SR-66,Evansville,IN,37.9746,-87.5674,3.699
69438,LOVES TRAVEL STOP #585,"I-49/US-71, EXIT 27 & SR-86",Neosho,MO,36.87063,-94.38622,3.3973
69439,LOVES TRAVEL STOP #608,"I-135, EXIT 60 & US-56",Mcpherson,KS,38.37373,-97.65499,3.324
69440,LOVES TRAVEL STOP #592,US-24 & SR-101,Woodburn,IN,41.1361,-84.89287,3.849
69441,LOVES TRAVEL STOP #610,"I-20, EXIT 307 & US-283",Baird,TX,32.39156,-99.37766,3.1073
69442,Eagle #51,US-83 & FM-1917,Carrizo Springs,TX,28.52779,-99.86351,3.279
69446,SUPER SAVE #4,SR-33 & SR-15,Farmerville,LA,32.75338,-92.31795,3.479
69448,STRIPES #42525,"I-27/US-87, EXIT 2",Lubbock,TX,33.58653,-101.86063,2.9573
69451,LOVES TRAVEL STOP #603,I-95 EXIT 366 AT PECAN PARK RD,Jacksonville,FL,30.3163,-81.4175,3.399
69452,DANDY MINI MART #5,HWY 6,Towanda,PA,41.76376,-76.46453,3.999
69453,7-ELEVEN #41033,US-69,Woodville,TX,30.77513,-94.42549,3.149
69454,SPEEDWAY #6092,"I-65, EXIT 76A & US-31",Taylorsville,IN,39.29583,-85.95083,3.3573
69455,SPEEDWAY #4214,"I-45, EXIT 46 & US-100",Milwaukee,WI,43.0343,-87.9151,3.3657
69458,PEOSTA KWIK STOP,"US-20, EXIT 308",Peosta,IA,42.44353,-90.80937,3.489
69459,LOVES TRAVEL STOP #583,"I-64, EXIT 27 & SR-161",New Baden,IL,38.53149,-89.69223,3.849
69462,LOVES TRAVEL STOP #619,"I-59, EXIT 29 & SR-26",Poplarville,MS,30.85236,-89.56475,3.1757
69465,MAVERIK COUNTRY STORE #476,US-59,Gillette,WY,44.28201,-105.49744,3.3657
69467,CIRCLE K #2741547,US-181,Floresville,TX,29.16934,-98.19359,2.9957
69468,TOOT N TOTUM #100,US-83,Perryton,TX,36.37483,-100.81556,2.999
69469,QUIKTRIP #1110,"I-85, EXIT 60 & US-101",Greer,SC,34.8968,-82.26744,3.0857
69471,Circle K #2741501,"I-37, EXIT 3A",Corpus Christi,TX,27.79409,-97.40299,3.104
69474,LOVES TRAVEL STOP #577,"I-85, EXIT 22",Shorter,AL,32.38358,-85.91616,3.2207
69475,GUTHRIE TRAVEL CENTER,I-35 EXT 138C,Guthrie,OK,35.83295,-97.436,2.9657
69477,LOVES TRAVEL STOP #621,US-36 & SR-110,Bevier,MO,39.74971,-92.56193,3.439
69480,VAN HOOK TRAVEL CENTER,US-23,New Town,ND,47.97715,-102.48579,3.5623
69483,LOVES TRAVEL STOP #607,"US-63, EXIT 40 & SR-463",Jonesboro,AR,35.83302,-90.69653,3.439
69484,KWIK TRIP #774,SR-13,Adams,WI,43.89669,-89.82187,3.274
69485,7-ELEVEN #41036,US-96,San Augustine,TX,31.51517,-94.13258,3.159
69486,DUCK THRU FOOD STORE #42,SR-186 & SR-305,Seaboard,NC,36.48855,-77.41131,3.299
69487,CIRCLE K #2742034,"I-35, EXIT 176",Schertz,TX,29.56816,-98.27221,2.794
69489,SPRINT FOODS #728,SR-38,Bennettsville,SC,34.6255,-79.68983,3.399
69492,GOOD 2 GO #418,"I-15, EXIT 273 & US-54 & US-91",Mona,UT,39.83816,-111.848,3.429
69494,TMI FUEL STOP,SR 1,Port Allen,LA,30.47198,-91.25409,3.0657
69495,QUIKTRIP #72,US-69 & US-62,Muskogee,OK,35.73066,-95.37549,3.0323
69496,LOVES TRAVEL STOP #601,"I-70, EXIT 115 & SR-109",Knightstown,IN,39.80603,-85.52615,3.949
69497,MACH ONE FOOD SHOP #10,"I-70 & EXIT 129, SR-49",Casey,IL,39.30172,-87.99131,3.199
69499,HANKS TRUCK STOP,US-39 & US-30,Hanna,IN,41.40877,-86.77592,3.499
69500,ROAD RANGER #271,"I-20, EXIT 108",Odessa,TX,31.8465,-102.3663,3.5157
69501,VALLEY COUNTRY STORE,"I-84, EXIT 16B & SR-79",Jerome,ID,42.71784,-114.50124,3.4323
69504,KWIK TRIP #245,SR-42,Plainview,MN,44.16373,-92.16213,3.624
69505,KWIK TRIP #282,"I-43, EXIT 43 & SR-83",Mukwonago,WI,42.88205,-88.34512,3.3373
69506,KWIK TRIP #290,"I-94/US-41, EXIT 321",Oak Creek,WI,42.88916,-87.90266,3.719
69508,KWIK TRIP #777,SR-49 & CR-F,Berlin,WI,43.97694,-88.94901,3.4257
69510,CLARK #3121,SR-46 & SR-24,Caro,MI,43.48327,-83.38347,3.399
69512,LOVES TRAVEL STOP #589,"I-27/US-87, EXIT 8 & FM-2641",Lubbock,TX,33.58653,-101.86063,3.3323
69513,KWIK TRIP #885,WI-29 EXIT 132,Abbotsford,WI,44.96406,-90.29944,3.4523
69514,Flying J #1033,"I-20, EXIT 138 & SR-158",Midland,TX,31.98964,-102.06261,3.5657
69520,SPEEDWAY #2908,SR-51,Perryopolis,PA,40.08572,-79.75438,3.9157
69521,CASEYS #3319,"US-30, EXIT 158",Nevada,IA,42.01898,-93.44622,2.989
69522,FUEL EXPRESSO 17,"I-35 & EXIT 187, SR-68",Ottawa,KS,38.61425,-95.27452,3.1723
69524,CONCORD XTRAMART,"I-93, EXIT 17 & US-4",Concord,NH,43.21852,-71.52773,3.659
69525,DILLEY TRUCK STOP,"I-35 & EXIT 85, FM 117",Dilley,TX,28.6782,-99.17468,3.0657
69526,STRIPES 7FLEET #42469,"I-20, US-80 EXIT 15A",Santo,TX,32.59793,-98.17968,2.9173
69527,Exxon,"I-96, EXIT 129",Fowlerville,MI,42.66144,-84.07209,3.749
69528,KWIK STAR #283,"I-380/US-218/SR-27, EXIT 13",Cedar Rapids,IA,41.9743,-91.65538,3.5323
69530,CIRCLE K #2741030,"I-35, EXIT 160",San Antonio,TX,29.46852,-98.52635,2.999
69531,Kwik Star#223,"I-35, EXIT 194 & US-18/SR-122",Clear Lake,IA,43.14061,-93.38498,3.079
69532,JACKSONS FOOD STORE #147,"I-84, EXIT 27/US-20 & SR-19",Caldwell,ID,43.66272,-116.70004,3.579
69534,CAIRO TRAVEL CENTER,US-84/SR-38,Cairo,GA,30.9517,-84.2048,3.424
69536,7-ELEVEN #40802,US-87,Nixon,TX,29.30165,-97.7529,3.079
69541,PILOT #1027,US-385 & CR-E,Vega,TX,35.37321,-102.35657,3.3057
69542,PILOT #1030,"I-57, EXIT 353",Alsip,IL,41.6723,-87.7339,3.359
69545,LOVES TRAVEL STOP #628,"I-35E, EXIT 386 & FM-1134",Italy,TX,32.17851,-96.88229,3.1023
69546,KWIK TRIP #186,"I-35, EXIT 183",Hinckley,MN,46.01888,-92.89933,3.3523
69547,KWIK TRIP #297,"US-10, WI-441",Menasha,WI,44.21116,-88.41754,3.4907
69549,KWIK TRIP #178,"I-494, EXIT 64B & SR-156",South Saint Paul,MN,44.88813,-93.04601,3.6073
69550,KWIK TRIP #273,"I-35, EXIT 251B & SR-23",Duluth,MN,47.09443,-91.84673,3.499
69553,SPEEDWAY #2120,US-30,Oswego,IL,41.68489,-88.3453,3.249
69554,SPEEDWAY #8047,"I-70, EXIT 104 & SR-9",Greenfield,IN,39.7902,-85.8141,3.599
69558,CIRCLE K #2741070,FM-1560,San Antonio,TX,29.46852,-98.52635,2.914
69559,CASEYS #3424,"I-35, EXIT 26 & SR-30",Ellendale,MN,43.88259,-93.31949,3.499
69560,LOVES TRAVEL STOP #614,"I-40, EXIT 149",Albuquerque,NM,35.0936,-106.6423,3.5207
69561,SPEEDWAY #7156,"I-40/75, EXIT 374 & SR-131",Knoxville,TN,35.9609,-83.9189,3.2657
69562,SPEEDWAY #8796,"I-496, EXIT 11",Lansing,MI,42.7335,-84.6391,3.699
69563,SPEEDWAY #9651,"I-75, EXIT 104",Lexington,KY,38.01739,-84.48542,3.149
69564,SPEEDWAY #7106,"I-40, EXIT 280 & SR-56",Baxter,TN,36.12492,-85.63777,3.0657
69565,PILOT #1021,"I-196, EXIT 49",Holland,MI,42.7875,-86.10889,3.999
69566,PILOT TRAVEL CENTER #1024,"I-80, EXIT 132B & SR-53",Joliet,IL,41.52715,-88.08241,3.799
69567,KWIK TRIP #166,"I-35, EXIT 214",Moose Lake,MN,46.44724,-92.74665,3.319
69568,KWIK TRIP #295,SR-26 & SR-59,Milton,WI,42.77909,-88.95309,3.399
69570,CENEX CONVENIENCE,SR-34 & CR-21,Detroit Lakes,MN,46.83488,-95.80061,3.499
69572,AC & T GARLAND GROH,I-81 EXIT 7B,Hagerstown,MD,39.63202,-77.73722,3.559
69573,AC & T Falling Waters,"I-81, EXIT 23",Falling Waters,WV,39.58647,-77.88515,3.849
69574,LOVES TRAVEL STOP #622,"I-94, EXIT 45 & CR-B",Menomonie,WI,44.87182,-91.92651,3.579
69575,LOVES TRAVEL STOP #537,"I-68, EXIT 46 & US-220/SR-144",Cumberland,MD,39.6504,-78.7574,4.249
69576,PILOT #498,US-69/75 & SR-7,Atoka,OK,34.34451,-96.14183,3.499
69580,GORES TRAVEL PLAZA,US-270/SR-3,Seiling,OK,36.12782,-98.88746,3.149
69581,BYRNE DAIRY #22,"I-81, EXIT 15 & US-20",La Fayette,NY,42.89096,-76.10612,4.299
69584,LOVES TRAVEL STOP #648,US-70,Valliant,OK,34.00906,-95.06862,3.099
69585,LOVES TRAVEL STOP #618,"I-75, EXIT 136 & SR-32",Sadieville,KY,38.39082,-84.53842,3.139
69587,LAMBOS #3,"I-57, EXIT 190A & SR-16",Mattoon,IL,39.48018,-88.37615,3.399
69588,FUEL CITY,"I-30, EXIT 52B & US-80",Mesquite,TX,32.76782,-96.60822,2.9657
69589,LOVES TRAVEL STOP #604,I-35 EXIT 157 & SR-33,Guthrie,OK,35.83295,-97.436,3.319
69590,LOVES TRAVEL STOP #654,US-81,Union City,OK,35.39133,-97.93979,3.3757
69591,REBEL PLUS #841,"I-75, EXIT 116 & CR-865",Bonita Springs,FL,26.3869,-81.733,3.539
69592,SPEEDWAY #6131,"I-465, EXIT 49",Indianapolis,IN,39.93842,-86.13894,3.799
69594,SPEEDWAY #8480,US-30 & CR-36,Plainfield,IL,41.60088,-88.19939,3.279
69595,SPEEDWAY #7176,US-31/SR-6,Columbia,TN,35.61558,-87.03803,3.359
69596,SPEEDWAY #4250,SR-72,Des Plaines,IL,42.04673,-87.8859,3.289
69597,SPEEDWAY #2918,US-119,Uniontown,PA,39.88973,-79.72822,3.9157
69598,SPEEDWAY #8133,SR-237,Berea,OH,41.36756,-81.86176,3.499
69599,One9 SPEEDWAY #2917,SR-48 & SR-130,Monroeville,PA,40.42903,-79.76228,3.9923
69601,LOVES TRAVEL STOP #638,US-54,Texhoma,OK,36.52529,-101.83935,3.509
69605,CASEYS #3305,SR-23 & SR-47,Ogilvie,MN,45.84763,-93.43592,3.371
69607,PANOLA PINES PLAZA,I-59,Carthage,TX,32.15438,-94.35272,3.139
69608,STRIPES,FM 1924,Mission,TX,26.24153,-98.34265,3.099
69611,CUBBYS #2104,CR-131,Shelby,NE,41.24354,-97.42954,3.399
69612,ROAD RANGER #272,"I-35, EXIT 39 & SR-44",Encinal,TX,28.05133,-99.3409,3.539
69614,RUTTERS #36,US-15 & SR-234,York Springs,PA,40.00839,-77.10614,4.299
69615,LOVES TRAVEL STOP #631,US-275/SR-64,Valley,NE,41.31858,-96.34629,3.3457
69616,FLYING J #552,"I-71, EXIT 32 & SR-350",Lebanon,OH,39.44205,-84.21875,3.399
69618,LOVES TRAVEL STOP #656,US-50/400,Holcomb,KS,37.9931,-100.98932,3.729
69621,Circle K #2741096,"I-10/US-90, EXIT 591 & FM-1518",Converse,TX,29.51733,-98.32167,2.9357
69625,RUTTERS #34,US-30 & SR-23,Leola,PA,40.09645,-76.19211,4.199
69626,CASEYS #2860,US-160 & FM-6070,West Plains,MO,36.72842,-91.87168,3.419
69627,STRIPES #40601,US-83 & FM-2360,Rio Grande City,TX,26.39419,-98.81044,2.9957
69629,SWANTON MOBIL,"I-89, EXIT 21 & SR-78",Swanton,VT,44.91675,-73.12112,3.539
69630,MANSFIELD TRAVEL PLAZA,SR-175 & SR-509,Mansfield,LA,32.02386,-93.69804,3.019
69632,Circle K #2709300,US-72/SR-2,Huntsville,AL,34.72687,-86.56732,2.9773
69633,ONE9 EXPRESS FUEL,"I-10, EXIT 42 & FM-1110",Clint,TX,31.54942,-106.20383,2.8023
69636,PETRO WILMINGTON,"I-55, EXIT 240",Wilmington,IL,41.29806,-88.13008,3.399
69637,PILOT TRAVEL CENTER #1041,SR-64 & CR-23,Carol Stream,IL,41.9166,-88.1209,3.699
69643,Tex-Best #524,SR-44 E,Alice,TX,27.74317,-98.08362,2.899
69646,Arco dba One9 #1258,"I-10, EXIT 19",Quartzsite,AZ,33.5675,-114.2731,3.359
69647,SPEEDWAY #6207,SR-25,Batavia,IL,41.84817,-88.30976,3.599
69648,BP-GIANT OIL #440,"I-71, EXIT 204 & SR-83",Burbank,OH,40.96372,-81.99575,3.2323
69649,SPEEDWAY #2921,"I-80, EXIT 29 & SR-8",Harrisville,PA,41.16309,-79.97964,3.434
69651,LOVES TRAVEL STOP #074,SR-19 & SR-76,Lindsay,OK,34.82112,-97.59979,3.0907
69652,LOVES TRAVEL STOP #633,US-30,Plymouth,IN,41.3339,-86.32409,3.849
69653,LOVES TRAVEL STOP #644,"I-70, EXIT 437 & US-385",Burlington,CO,39.31065,-102.25828,3.889
69654,LOVES TRAVEL STOP #636,US-169,Nowata,OK,36.69456,-95.64042,3.399
69657,JIFFY MART,US-7 & SR-22A,Ferrisburgh,VT,44.21282,-73.25857,3.599
69658,Missouri Travel,"I-29, EXIT 75 & US-30",Missouri Valley,IA,41.5644,-95.89135,3.424
69659,QUIKTRIP #1092,"I-77, EXIT 77 & US-21/SR-5",Rock Hill,SC,34.91507,-81.0129,3.134
69662,STRIPES 7FLEET #42472,US-377,Brownwood,TX,31.70466,-98.97516,2.9623
69663,STRIPES #2484,SR-480 & FM-1021,Eagle Pass,TX,28.70279,-100.48176,3.199
69664,7-ELEVEN #40544,US-281,Lampasas,TX,31.06796,-98.18336,2.9157
69666,7-ELEVEN #40587,SR-21 & FM-150,Maxwell,TX,29.87863,-97.85285,3.1523
69668,LOVES TRAVEL STOP #643,"I-55/57, EXIT 66A & US-60",Sikeston,MO,36.89111,-89.58197,3.549
69669,LOVES TRAVEL STOP #623,"I-20/SR-349, EXIT 131",Midland,TX,31.98964,-102.06261,3.5557
69670,LOVES TRAVEL STOP #611,"I-90, EXIT B3 & SR-22",Canaan,NY,42.41317,-73.41589,3.979
69671,LOVES TRAVEL STOP #655,US-83 & SR-96,Scott City,KS,38.47994,-100.89933,3.6373
69672,STRIPES 7FLEET #42507,US-285,Pecos,TX,31.41438,-103.50813,3.379
69673,QUIKTRIP #1863,"SEC HWY 114, I-35",Roanoke,TX,32.98639,-97.20535,2.9757
69674,WEIGLES #64,"I-75, EXIT 122 & SR-61",Clinton,TN,36.08688,-84.18973,2.9957
69676,SPEEDWAY #8495,"US-19/SR-400, EXIT 12",Alpharetta,GA,34.1048,-84.2949,3.349
69679,LOVES TRAVEL STOP #627,US-27 & SR-54,Davenport,FL,28.22,-81.6205,3.5523
69680,PILOT #1042,I-55 EXIT 283,Bridgeview,IL,41.74313,-87.80657,3.799
69681,PILOT TRAVEL CENTER #1549,"I-20, EXIT168 & SR-77",Lincoln,AL,33.60591,-86.11115,3.109
69682,PILOT #1577,"I-75, EXIT 141 & SR-63",Pioneer,TN,36.46946,-84.29067,3.0257
69683,GOOD TO GO #88,"I-55, EXIT 283",Chicago,IL,41.88585,-87.61812,3.619
69684,KWIK TRIP #140,"SR-29, EXIT 177",Schofield,WI,44.90641,-89.58179,3.424
69686,CASEYS #3472,SR-125 & SR-78,Virginia,IL,39.94548,-90.21268,3.659
69687,CASEYS #3470,US-421 & SR-16,Monon,IN,40.86118,-86.86354,3.779
69688,CASEYS #3431,US-150 & SR-54,Farmer City,IL,40.24469,-88.66339,3.339
69693,MAVERIK COUNTRY STORE #527,"US-89, EXIT 405",Ogden,UT,41.2443,-112.0072,3.439
69694,MAVERIK COUNTRY STORE #533,US-91 & SR-101,Wellsville,UT,41.6343,-111.93168,3.444
69695,MAVERIK COUNTRY STORE #488,"I-15/US-89, EXIT 288",Draper,UT,40.5046,-111.88096,3.4457
69696,MAVERIK COUNTRY STORE #531,"I-80/15, EXIT 305D",Logan,UT,41.74703,-111.82261,3.4307
69698,KUM & GO #0891,I-44 (EASTBOUND),Vinita,OK,36.63335,-95.13816,3.059
69699,CIRCLE K #2741552,"SR-969, SR-130, EXIT 444",Austin,TX,30.21069,-97.94275,2.9323
69701,PUMP & PANTRY #48,US-30 & SR-25,Fremont,NE,41.44164,-96.49447,3.319
69702,SPEEDWAY #7159,"I-40/SR-66, EXIT 412",Dandridge,TN,36.0018,-83.40444,3.259
69703,CIRCLE K #2741831,"I-35, EXIT 8B & SR-20",Laredo,TX,27.51554,-99.49858,2.9023
69707,SUPER S TRAVEL PLAZA,"I-49, EXIT 241",Ida,LA,32.99339,-93.90219,3.059
69708,TA Express #289,US-59,Nacogdoches,TX,31.61853,-94.65109,3.139
69709,LOVES TRAVEL STOP #626,US-287,Dumas,TX,35.88231,-101.96798,3.4157
69710,LOVES TRAVEL STOP #625,"I-80, EXIT 59 & SR-17J",Sidney,NE,41.14278,-102.9775,3.4723
69711,PILOT #1047,"I-295, EXIT 25",Jacksonville,FL,30.3163,-81.4175,3.359
69712,LOVES TRAVEL STOP #650,"I-84/US-30, EXIT 159",Boardman,OR,45.82717,-119.72057,3.5223
69713,EAGLE #56,"I-45, Exit 189",Teague,TX,31.63277,-96.27778,3.4823
69715,CASEYS #2712,SR-8/SR-14,Superior,NE,40.03154,-98.07787,3.3623
69719,SHEETZ #033,"I-99/US-220, EXIT 41 & SR-865",Altoona,PA,40.52094,-78.4089,3.529
69720,PILOT #1046,US-27 & SR-80,South Bay,FL,26.67013,-80.73121,3.799
69721,MFA,US-36,Brookfield,MO,39.78461,-93.07195,3.249
69723,SPEEDWAY #5036,I-90 & US-20,Hampshire,IL,42.08075,-88.51703,3.369
69727,PETRO-CARD 24 #910880,SR-6/13,Gallatin,MO,39.90249,-93.97875,3.299
69729,MFA OIL,US-63 & HWY E,Queen City,MO,40.41517,-92.56626,3.249
69731,PETRO-CARD 24 #910561,"I-49, EXIT 102A",Nevada,MO,37.84085,-94.35713,3.349
69732,PETRO-CARD 24 #911043,US-65,Sedalia,MO,38.69608,-93.23227,3.249
69735,PETRO-CARD 24 #910200,US-65 & BUS US-36,Chillicothe,MO,39.79657,-93.55089,3.289
69740,LOVES TRAVEL STOP #613,"I-81, EXIT 24 & SR-80",Meadowview,VA,36.76118,-81.8512,3.599
69741,LOVES TRAVEL STOP #659,"I-10, EXIT 133B",Tolleson,AZ,33.43469,-112.27744,3.569
69742,LOVES TRAVEL STOP #630,US-412/64,Enid,OK,36.40284,-97.86226,3.7873
69743,LOVES TRAVEL STOP #647,US-81,Belleville,KS,39.82405,-97.62902,3.8157
69744,LOVES TRAVEL STOP #632,US-54 & US-83,Liberal,KS,37.04379,-100.92857,3.6657
69745,PILOT #1070,"I-40/US-54, EXIT 277 & US-84",Santa Rosa,NM,34.93328,-104.68215,3.4623
69746,Maverik Country Store #5014,I-80 E EXIT 110 & HWY169,De Soto,IA,41.53328,-94.02758,3.099
69747,SUNOCO,I-69 & YS HWY 30,Fort Wayne,IN,41.0716,-85.1367,3.604
69748,SUNOCO,SR-930 E,Fort Wayne,IN,41.0716,-85.1367,3.5973
69750,CIRCLE K #2704041,"I-35, EXIT 183",New Braunfels,TX,29.69473,-98.11304,2.859
69751,MFA,CR-37,Purdy,MO,36.80692,-93.91638,3.349
69755,PILOT #1082,"I-526, EXIT 19",Charleston,SC,32.96222,-79.86533,3.4157
69758,MAVERIK COUNTRY STORE #537,I-215 EXIT 21,Salt Lake City,UT,40.75585,-111.89666,3.3823
69764,MAVERIK COUNTRY STORE #538,I-15 & SR-99,Fillmore,UT,38.98054,-112.33132,3.3873
69765,7-ELEVEN #40509,I-90/80 EB,Howe,IN,41.72859,-85.47275,3.899
69766,Marathon,"I-75, EXIT 99 & SR-119",Anna,OH,40.4051,-84.21034,3.029
69770,SASSYS TRUCK STOP,"I-86, EXIT 23 & US-219",Limestone,NY,42.06394,-78.63198,3.159
69772,CIRCLE K #2741825,"I-410, EXIT 2 & FM-2536",San Antonio,TX,29.46852,-98.52635,3.099
69780,Bolingbrook Mart,"I-55, EXIT 269",Bolingbrook,IL,41.69761,-88.08732,3.639
69782,BYRNE DAIRY #14,SR-414 & SR-318,Waterloo,NY,42.90452,-76.8755,3.999
69783,SHEETZ #603,"I-78 US-22, EXIT 13 & SR-501",Bethel,PA,40.48083,-76.27421,3.3273
69784,KWIK TRIP #158,US-10 & SR-23,Saint Cloud,MN,45.55211,-94.12845,3.2773
69785,LOVES TRAVEL STOP #662,US-287 & SR-285,Quanah,TX,34.29555,-99.74944,3.849
69786,LOVES TRAVEL STOP #671,"I-55, EXIT 63 & US-61",Blytheville,AR,35.93448,-89.9225,3.4557
69787,LOVES TRAVEL STOP #616,"I-49, EXIT 158",Harrisonville,MO,38.64193,-94.32852,3.429
69788,LOVES TRAVEL STOP #612,"SR-370, EXIT 9 & SR-141",Bridgeton,MO,38.75063,-90.4161,3.1207
69789,LOVES TRAVEL STOP #620,US-301 & SR-20,Hawthorne,FL,29.574,-82.10563,3.789
69790,LOVES TRAVEL STOP #641,I-155/US-412 EXIT 13 & SR-78,Dyersburg,TN,36.04445,-89.38364,3.4023
69791,PILOT #1083,US-287 & US-54,Stratford,TX,36.33349,-101.98857,3.499
69792,FLYING J #1061,"I-44, EXIT 72",Springfield,MO,37.2152,-93.295,3.3823
69797,KWIK TRIP #149,US-10,Saint Cloud,MN,45.55211,-94.12845,3.2107
69798,LOVES TRAVEL STOP #060,US-36 & US-283,Norton,KS,39.84071,-99.88783,3.109
69799,MAVERIK COUNTRY STORE #387,"I-40, EXIT 253",Winslow,AZ,35.16078,-110.51138,3.2357
69800,MAVERIK COUNTRY STORE #502,US-385 & SR-2,Alliance,NE,42.11494,-102.88805,3.259
69801,MAVERIK COUNTRY STORE #409,"I-580, EXIT 41 & SR-531",Carson City,NV,39.15075,-119.7459,3.589
69803,THORNTONS #319,"I-55, EXIT 248 & US-6",Channahon,IL,41.43466,-88.21379,3.249
69804,KWIK TRIP #184,"I-94, EXIT 293",Pewaukee,WI,43.07878,-88.27292,3.449
69809,KWIK TRIP #162,"I-94, EXIT 202",Elk River,MN,45.3136,-93.5814,3.2973
69811,Chisholm Corner #16,US-81 & SR-7,Marlow,OK,34.63868,-97.94096,3.0157
69813,SHEETZ #608,"I-81, EXIT 24 & CR-696",Shippensburg,PA,40.05136,-77.51948,3.2857
69814,Allsup's #2454,US-87 & SR-163,Sterling City,TX,31.83506,-101.00173,3.224
69815,CENEX ZIP TRIP #75,"I-94/US-12, EXIT 138 & US-59",Miles City,MT,46.40746,-105.83319,3.4973
69816,STRIPES #42503,"I-27, EXIT 1",Lubbock,TX,33.58653,-101.86063,2.9507
69817,LOVES TRAVEL STOP #639,"I-20, EXIT 96",Lake,MS,32.34591,-89.34135,3.1623
69818,LOVES TRAVEL STOP #675,US-75,Okmulgee,OK,35.6288,-95.96967,3.2173
69819,FLYING J #1086,SR-18 & SR-5,Marion,IN,40.57433,-85.67413,3.489
69820,CUBBYS #304,SR-7,Manson,IA,42.5285,-94.53039,3.299
69821,FUEL CITY HALTOM CITY,"I-35W, EXIT 52B & TX-121",Haltom City,TX,32.80874,-97.27089,2.9657
69823,LOVES TRAVEL STOP #664,US-41,Terre Haute,IN,39.4667,-87.4068,3.949
69824,LOVES TRAVEL STOP #663,US-190 & LA-103,Port Barre,LA,30.54779,-91.92858,3.124
69825,KWIK TRIP #154,MN-15,Sauk Rapids,MN,45.60403,-94.15909,3.3023
69826,LOVES TRAVEL STOP #629,I-65 EXIT 108 & SR-76,White House,TN,36.46005,-86.67052,3.159
69827,KWIK TRIP #164,US-12/SR-29,Menomonie,WI,44.87182,-91.92651,3.499
69830,RUTTERS #69,"I-78/US-22, EXIT 29 & SR-61",Hamburg,PA,40.5488,-75.98736,3.8657
69832,LOVES TRAVEL STOP #595,"I-10, EXIT 28 & SR-49",Gulfport,MS,30.38256,-89.09762,3.144
69833,LOVES TRAVEL STOP #658,US-412,Watts,OK,36.11522,-94.63447,3.3473
69835,LOVES TRAVEL STOP #653,US-287,Eads,CO,38.44414,-102.50536,3.4757
69837,LOVES TRAVEL STOP #606,"I-94, EXIT 73B & US-6",South Holland,IL,41.59792,-87.59381,3.329
69840,KUM & GO #0370,"I-80, EXIT 439 & SR-370",Gretna,NE,41.13446,-96.24584,2.9207
69842,KUM & GO #0863,"I-44, EXIT 215 & SR-97",Sapulpa,OK,36.00297,-96.11061,3.2323
69845,Maverik Country Store #5013,US-40 & SR-13,Craig,CO,40.52235,-107.56146,3.459
69847,KWIK STAR #145,US-52,Guttenberg,IA,42.75944,-91.11902,3.599
69848,KWIK TRIP #173,SR-17,Rhinelander,WI,45.64672,-89.40928,3.4523
69850,KUM & GO #0539,"I-80 E, & SR-415 EXIT 135",Des Moines,IA,41.6005,-93.6088,3.0723
69851,SPEEDWAY #3995,I-90,Belvidere,IL,42.25946,-88.85094,3.849
69852,KWIK TRIP #141,SR-61,Two Harbors,MN,47.03936,-91.67826,3.499
69854,LOVES TRAVEL STOP #637,"I-39, EXIT 115 & CR-CS",Poynette,WI,43.40134,-89.41886,3.789
69855,LOVES TRAVEL STOP #670,US-18,Floyd,IA,43.14305,-92.72399,3.649
69856,LOVES TRAVEL STOP #657,"I-77, EXIT 5 & SR-48",Cayce,SC,33.96257,-81.06708,3.3973
69858,TEX-BEST #528,US-181,Elmendorf,TX,29.23079,-98.37198,2.8923
69859,BIG BOSS TRAVEL PLAZA,I-12 EXIT 22,Livingston,LA,30.47411,-90.76734,3.1657
69861,HUCKS FOOD & FUEL #379,"I-57, EXIT 53",Marion,IL,37.72566,-88.92945,2.929
69862,CASEYS #3503,US-69/SR-52,Pleasanton,KS,38.18229,-94.70567,3.199
69863,GOLDEN GATE,I-80 EXIT 352A & US-93,Wells,NV,41.1298,-114.53275,3.4157
69865,7-ELEVEN #40036,SR-33 & SR-632,Lanexa,VA,37.41939,-76.90268,3.659
69870,CIRCLE K #4705720,"I-280, EXIT 7 & SR-2",Oregon,OH,41.64184,-83.47137,3.609
69871,CIRCLE K #2741595,SR-71 & FM-1209,Bastrop,TX,30.13883,-97.2921,2.954
69873,KWIK TRIP #142,"US-10, EXIT 186 & SR-13",Marshfield,WI,44.6688,-90.1716,3.479
69874,LOVES TRAVEL STOP #687,"I-72, EXIT 64 & US-67",Jacksonville,IL,39.72927,-90.23624,3.489
69875,LOVES TRAVEL STOP #680,US-81,Norfolk,NE,42.03291,-97.4229,3.3157
69876,LOVES TRAVEL STOP #684,"I-35, EXIT 133 & SR-175",Ellsworth,IA,42.30086,-93.54898,3.689
69877,LOVES TRAVEL STOP #669,US-61 & SR-19,New London,MO,39.59167,-91.39599,3.2357
69878,SPEEDWAY #7412,SR-83 & SR-19,Bensenville,IL,41.9536,-87.935,3.379
69879,SPEEDWAY #3700,I-70 EXIT 77,Indianapolis,IN,39.93842,-86.13894,3.319
69880,Speedway #6809,"I-290, EXIT 13A",Franklin Park,IL,41.93388,-87.87342,3.329
69881,KWIK TRIP #458,SR-55,Buffalo,MN,45.18137,-93.86348,3.549
69882,SPEEDWAY #7103,US-43,Lawrenceburg,TN,35.25067,-87.35258,3.574
69884,AKAL TRAVEL CENTER,"I-40, EXIT 267 & SR-379",Santa Rosa,NM,34.93328,-104.68215,2.879
69885,BELL STORES #146,SR-43 & SR-183,Malvern,OH,40.68453,-81.18378,3.579
69886,LOVES TRAVEL STOP #676,SR-50,Syracuse,NE,40.66139,-96.18241,3.444
69887,CIRCLE K #2701869,SR-21 & SR-307,Savannah,GA,32.06763,-81.10239,3.1157
69888,OASIS STOP N GO #17,US-30,Twin Falls,ID,42.55649,-114.46926,3.699
69892,MAVERIK COUNTRY STORE #547,US-26,Casper,WY,42.84576,-106.31657,3.1857
69893,DOMINO EXPRESS #24,US-412/US-270/US-183/SR-3 & SR-15,Woodward,OK,36.42678,-99.40202,2.999
69894,Circle K #2746446,US-2,Williston,ND,48.16792,-103.6317,4.0423
69895,Shell,"I-80, EXIT 122",Minooka,IL,41.46152,-88.2786,3.149
69900,LOVES TRAVEL STOP #605,"I-70, EXIT 59 & SR-41",Springfield,OH,39.92417,-83.80889,3.479
69901,KWIK TRIP #638,SR-42,Two Rivers,WI,44.16601,-87.5855,3.3907
69902,MAVERIK COUNTRY STORE #441,"I-182/US-12, EXIT 9",Pasco,WA,46.24918,-119.10439,4.279
69903,LOVES TRAVEL STOP #642,US-60 & US-385,Hereford,TX,34.83704,-102.40503,3.4157
69904,LOVES TRAVEL STOP #695,US-54/400,Cunningham,KS,37.66615,-98.39297,3.6573
69905,KWIK TRIP #105,"I-41, EXIT 157",De Pere,WI,44.43878,-88.08061,3.3523
69906,LOVES TRAVEL STOP #692,US-169 & SR-39,Chanute,KS,37.67493,-95.45696,3.2757
69907,STRIPES #41023,SR-358 & FM-665,Corpus Christi,TX,27.79409,-97.40299,3.0707
69908,LOVES TRAVEL STOP #685,"I-74, EXIT 51",Knoxville,IL,40.91067,-90.28712,3.889
69912,AMPM,"I-10, EXIT 140",Phoenix,AZ,33.451,-112.0685,3.2823
69913,ROSS FUEL CENTER,US-60/US-67,Poplar Bluff,MO,36.76624,-90.41665,3.4907
69914,PETRO COLUMBIA,"I-77, EXIT 5 & SR-48",Columbia,SC,34.07261,-81.17962,3.4123
69915,PETES #16,"I-49/US-71, EXIT 120 & CR-B",Rich Hill,MO,38.09438,-94.36345,3.149
69921,LOVES TRAVEL STOP #688,"I-70, EXIT 119 & SR-130",Greenup,IL,39.23945,-88.1445,3.289
69922,LOVES TRAVEL STOP #686,"I-84/I-15, EXIT 363",Brigham City,UT,41.50792,-112.01518,3.7557
69923,Circle K #2741821,FM 471 & SR 211,San Antonio,TX,29.46852,-98.52635,3.0323
69926,TONKAWA TRADING POST,"I-35, EXIT 214 & US-60",Tonkawa,OK,36.68062,-97.30634,2.999
69927,LOVES TRAVEL STOP #682,"I-81, EXIT 10A",Hagerstown,MD,39.63202,-77.73722,3.949
69928,KUM & GO #1837,SR-51,Broken Arrow,OK,35.99081,-95.81433,3.0523
69929,PETES #14,US-69/SR 7,Fort Scott,KS,37.83416,-94.70422,3.199
69930,CONCORDE TRAVEL CENTER,"I-65, EXIT 219 & CR-42",Jemison,AL,32.98054,-86.71805,3.299
69931,SHELL,"I-565, EXIT 7 & CR-127",Madison,AL,34.6578,-86.8056,3.349
69932,CIRCLE K #2741847,SR-16,San Antonio,TX,29.46852,-98.52635,3.0723
69933,Flyers #3202,"I-17, EXIT 201",Phoenix,AZ,33.451,-112.0685,3.369
69934,KWIK TRIP #135,SR-35 N,Superior,WI,46.70155,-92.09117,3.499
69935,KWIK TRIP #586,"I-41, EXIT 45",Butler,WI,43.1054,-88.07104,3.474
69936,LOVES TRAVEL STOP #683,US-27,Moore Haven,FL,26.83275,-81.21878,3.789
69937,MAVERIK COUNTRY STORE #385,"I-15, EXIT 119",Idaho Falls,ID,43.51768,-111.99063,3.4257
69938,MAVERIK COUNTRY STORE #388,US-60 & SR-77,Show Low,AZ,34.06012,-110.05463,3.229
69939,MAVERIK COUNTRY STORE #377,"I-15, EXIT 244 & US-6",Santaquin,UT,39.98036,-111.79382,3.4023
69940,SAPP BROS TRAVEL CENTER,"I-49, EXIT 157",Harrisonville,MO,38.64193,-94.32852,3.4023
69941,QUIKTRIP #949,"I-20 E, EXIT 406",Weatherford,TX,32.8435,-97.7047,2.9173
69943,ASAP GENERAL STORE #313,US-81,Duncan,OK,34.50728,-97.94032,3.1323
69944,TRUCK WORLD,"I-76, EXIT 57",North Jackson,OH,41.08804,-80.86225,3.259
69945,BP,"I-465, EXIT 49",Indianapolis,IN,39.93842,-86.13894,3.799
69946,KUM & GO #0119,"I-35, EXIT 214 & SR-105",Northwood,IA,43.4506,-93.24194,3.1157
69947,THORNTONS #607,I-24 EXIT 62 & SR-171,Antioch,TN,36.06,-86.67222,2.899
69948,CIRCLE T,US-190/SR-21,Bryan,TX,30.6327,-96.36616,3.459
69949,THE CROSSING TRAVEL MARK,US-83 & SR-153,Winters,TX,31.96203,-99.95511,3.0407
69952,HUTCH'S #120,"I-40, EXIT 25",Sayre,OK,35.30472,-99.64293,2.984
69954,Exxon,"I-80, EXIT 27A & US-46",Budd Lake,NJ,40.87311,-74.74255,3.119
69955,QUIKTRIP #1044,"I-85, EXIT 63 & SR-2180",Kannapolis,NC,35.50202,-80.63587,3.154
69957,LOVES TRAVE STOP #698,"I-75/SR-401, EXIT 153",Macon,GA,32.84386,-83.59869,3.369
69958,LOVES TRAVEL STOP #693,US-30/23 & SR-199,Upper Sandusky,OH,40.82488,-83.29771,3.889
69959,BISCUIT HILL TRAVEL PLAZA,"I-40, EXIT 192",Shawnee,OK,35.34907,-96.93132,2.909
69960,PILOT CENTER #1014- TOWN PUMP,"I-94, EXIT 213 & SR-16",Glendive,MT,47.10081,-104.72872,3.419
69962,LUFKIN TRAVEL PLAZA,US-59 & CR-819,Lufkin,TX,31.336,-94.73418,2.8157
69963,7 CLANS RED ROCK GASINO,US-177,Red Rock,OK,36.47475,-97.16402,3.089
69964,SHEETZ #621,"I-77 & US-70, Exit 49A",Statesville,NC,35.8381,-80.8842,2.849
69969,USA GAS,SR-47,Newfield,NJ,39.55526,-75.02756,3.169
69974,LOVES TRAVEL STOP #672,US-77BUS & FM-1945,Sinton,TX,28.0339,-97.51958,3.149
69975,LOVES TRAVEL STOP #703,US-50,South Hutchinson,KS,38.00731,-97.90814,3.3007
69976,KWIK TRIP #583,"I-94, EXIT 89 & SR-23",Wisconsin Dells,WI,43.65079,-89.76652,3.2373
69977,KWIK TRIP #855,US-12,Baraboo,WI,43.48253,-89.74617,3.1157
69978,LOVES TRAVEL STOP #678,US-271,Paris,TX,33.65808,-95.53788,3.3657
69979,LOVES TRAVEL STOP #681,"I-82/US-12, EXIT 80",Prosser,WA,46.22318,-119.77101,4.589
69980,RUTTERS #70,SR-896 & SR-741,Strasburg,PA,39.97008,-76.18482,4.199
69981,RANCHLAND GAS STATION,US-82,Benjamin,TX,33.58389,-99.79194,3.299
69982,RUTTERS #68,US-422 & SR-934,Annville,PA,40.34561,-76.54468,4.299
69983,MICKEY MART #57,US-250,Strasburg,OH,40.60028,-81.53665,3.4923
69986,YESWAY #1061,US-180 & SR-137,Lamesa,TX,32.73668,-101.95691,3.099
69987,LOVES TRAVEL STOP #679,"I-90, EXIT 495 & SR-47",Hardin,MT,45.74984,-107.60746,3.704
69988,LOVES TRAVEL STOP #640,"I-43, EXIT 120 & CR-OK",Sheboygan,WI,43.74098,-87.72467,3.289
69989,LOVES TRAVEL STOP #677,US-45A,West Point,MS,33.6265,-88.68226,3.259
69990,LOVES TRAVEL STOP #691,US-50/93 & US-6,Ely,NV,39.30936,-114.87801,3.649
69991,WA SHE SHU TRAVEL PLAZA,US-395,Gardnerville,NV,38.89827,-119.7269,3.699
69992,KWIK TRIP #120,SR-15 & CR-4,Saint Cloud,MN,45.55211,-94.12845,3.2773
69993,CEFCO #99,US-290,Giddings,TX,30.17772,-96.93322,3.159
69995,PILOT EXPRESS #1178,"I-10, EXIT 273",Tucson,AZ,32.21387,-110.96944,3.219
69996,YESWAY #1078,US-83 & SR-153,Winters,TX,31.96203,-99.95511,2.999
69998,CASEYS #3604,US-75,Hinton,IA,42.60405,-96.30503,3.299
69999,RUTTERS #71,"I-99, EXIT 28 & US-22",Duncansville,PA,40.42623,-78.43833,4.099
70001,LOVES TRAVEL STOP #690,US-23,Circleville,OH,39.59884,-82.92997,3.789
70002,LOVES TRAVEL STOP #699,US-49,Magee,MS,31.84951,-89.75033,3.6073
70003,SPEEDWAY #2926,SR-837,Clairton,PA,40.29892,-79.9101,3.9257
70004,SPEEDWAY #7775,US-23 & CR-192,Delaware,OH,40.29319,-83.07231,3.619
70007,FLYING J #1096,"I-95, EXIT 201 & CR-524",Cocoa,FL,28.36718,-80.74645,3.699
70008,Amigo's,"I-10, EXIT 661 & FM-609",Flatonia,TX,29.70949,-97.09869,3.0823
70009,KWIK TRIP #661,SR-69 & BUS-11,Monroe,WI,42.59908,-89.6403,3.3623
70010,Kwik Star #567,US-65 & SR-3,Hampton,IA,42.74053,-93.21095,3.504
70011,KWIK TRIP #279,"US-63, EXIT 59",Rochester,MN,44.04957,-92.48962,3.549
70012,MAVERIK COUNTRY STORE #549,"I-70, EXIT 283",Aurora,CO,39.73781,-104.81523,3.1857
70014,PETRO-CARD 24 #919141,SR-179,Jamestown,MO,38.77929,-92.48065,3.479
70016,CASEYS #2743,SR-43/SR-2 & SR-66A,Palmyra,NE,40.70496,-96.3999,3.199
70017,PACIFIC PRIDE,I-79 & US-19,Morgantown,WV,39.6368,-80.018,3.459
70019,QUICKLEES #1,"I-390, EXIT 9 & SR-15",Avon,NY,42.90303,-77.7274,3.999
70022,SHEETZ #583,US-322 & SR-655,Reedsville,PA,40.67219,-77.61159,3.4157
70024,KWIK TRIP #827,"I-41, EXIT 167",Green Bay,WI,44.48531,-88.01687,3.499
70025,SPEEDWAY #6245,SR-43,Carrollton,OH,40.57866,-81.08179,3.559
70026,SPEEDWAY #8883,I-80 EXIT 73,Peru,IL,41.33302,-89.12648,3.149
70027,SPEEDWAY #8851,SR-31,South Elgin,IL,41.99687,-88.29856,3.559
70028,LOVES TRAVEL STOP #697,"US-321, EXIT 37",Newton,NC,35.64977,-81.24255,3.689
70029,LOVES TRAVEL STOP #696,"I-10, EXIT 843",Beaumont,TX,30.06881,-94.1039,3.294
70030,SPEEDWAY #3991,"I-80 E, & I-94 E",Gary,IN,41.59333,-87.34639,3.7123
70031,SPEEDWAY #8020,US-30,Upper Sandusky,OH,40.82488,-83.29771,3.799
70032,Kwik Star #569,US-20,Waterloo,IA,42.47778,-92.3661,3.574
70033,KWIK TRIP #111,SR-36 & CR-15,Stillwater,MN,45.05001,-92.83003,3.5407
70034,SPEEDWAY #8799,I-55 EXIT 282A & SR-171,Bedford Park,IL,41.75944,-87.78667,3.599
70035,SPEEDWAY #8064,"I-55, EXIT 178 & SR-43",West Lafayette,IN,40.44403,-86.92366,3.5823
70036,Speedway #3994,SR-38 & CR-21,West Chicago,IL,41.88856,-88.20217,3.599
70037,SPEEDWAY #8738,"I-70, EXIT 23 & SR-59",Brazil,IN,39.52104,-87.12777,3.699
70038,SPEEDWAY #1830,US-31,Grand Haven,MI,43.03784,-86.19123,3.899
70039,TEX-BEST #527,SR-162 & SR-16,Jourdanton,TX,28.90299,-98.54404,2.9207
70040,TEX BEST #503,"I-35, EXIT 215 & CR-210",Kyle,TX,30.0043,-97.83711,2.8057
70041,LOVES TRAVEL STOP #705,"I-64/SR-33, EXIT 211 & SR-609",Providence Forge,VA,37.42591,-77.07112,3.889
70042,Kwik Star #103,US-65,Iowa Falls,IA,42.51376,-93.27094,3.374
70043,KWIK TRIP #571,"I-35, EXIT 235 & SR-210",Carlton,MN,46.6484,-92.47098,3.319
70044,Thorntons #325,"I-94, EXIT 73B & US-6",South Holland,IL,41.59792,-87.59381,3.699
70049,KWIK STAR #581,"I-380, EXIT 17",Cedar Rapids,IA,41.9743,-91.65538,3.5407
70050,KWIK TRIP #124,US-51,De Forest,WI,43.23575,-89.32965,3.2357
70053,KWIK TRIP #964,"US-12, EXIT 250 & CR-M",Middleton,WI,43.1052,-89.50726,3.529
70054,KWIK TRIP #976,CR-241 & CR-ZZ,Oak Creek,WI,42.88916,-87.90266,3.579
70058,KWIK TRIP #590,CR-4 & CR-22,Rochester,MN,44.04957,-92.48962,3.624
70059,KWIK TRIP #118,US-2 & LAKESHORE DRIVE,Ashland,WI,46.57795,-90.87671,3.699
70062,KWIK TRIP #970,SR-164 & SR-59,Waukesha,WI,42.9993,-88.21956,3.5323
70063,QUICK FUEL #2206,US-41,Marietta,GA,33.9043,-84.468,3.519
70066,KWIK TRIP #957,US-18 & CR-PD,Madison,WI,43.073,-89.3817,3.604
70067,KWIK TRIP #240,"I-94, EXIT 115 & CR-A",Black River Falls,WI,44.2921,-90.84795,3.3123
70068,LOVES TRAVEL STOP #712,"I-44, EXIT 107",Newcastle,OK,35.24527,-97.62157,3.4257
70069,CASEYS #3486,"I-49, EXIT 159",Harrisonville,MO,38.64193,-94.32852,3.229
70074,CASEYS #3430,US-71 & US-136/SR-46,Maryville,MO,40.3434,-94.87348,3.1373
70075,KWIK TRIP #815,US-63 & SR-48,Cumberland,WI,45.5403,-92.02971,3.624
70076,PETRO-CARD 24 #910681,SR-32,Salem,MO,37.61695,-91.52581,3.099
70078,KWIK TRIP #573,I-94 & CR-EE,Eau Claire,WI,44.78397,-91.48769,3.399
70079,PILOT #1118,US-60,Clovis,NM,34.41258,-103.22139,4.079
70080,FLYING J #1117,SR-25,Rochester,IN,41.06549,-86.23101,3.859
70081,PILOT EXPRESS #1032,SR-7,Steubenville,OH,40.37064,-80.66115,3.629
70082,KWIK TRIP #588,US-51 & SR-70,Woodruff,WI,45.91858,-89.69545,3.0957
70083,KWIK TRIP #596,US-14,Black Earth,WI,43.13221,-89.73897,3.444
70084,SPEEDWAY #4440,SR-131,Waukegan,IL,42.36361,-87.84472,3.659
70085,Pilot #1114,SR-83,Bensenville,IL,41.9536,-87.935,3.389
70087,PILOT EXPRESS  #1098,"I-95, EXIT 14",Newark,NJ,40.7308,-74.1744,3.999
70088,KWIK TRIP #138,SR-13,Park Falls,WI,45.93635,-90.42465,3.1473
70090,SPEEDWAY #7111,"I-40, EXIT 143 & SR-13",Hurricane Mills,TN,35.97486,-87.76713,3.0323
70091,SPEEDWAY #7503,I-70 & I-57 EXIT 159,Effingham,IL,39.12173,-88.5611,3.199
70093,LOVES TRAVEL STOP #694,US-45/SR-5 & SR-57,Ramer,TN,35.06418,-88.60173,3.4623
70095,LOVES TRAVEL STOP #713,US-380 & FM-1304,Bridgeport,TX,33.18703,-97.78098,2.949
70096,LOVES TRAVEL STOP #661,US-65 & SR-81,Pine Bluff,AR,34.2154,-91.99581,3.319
70097,KWIK TRIP #112,SR-32 & SR-23,Sheboygan Falls,WI,43.7266,-87.82423,3.2923
70098,KWIK TRIP #110,US-2,Ashland,WI,46.57795,-90.87671,3.699
70099,QUIKTRIP #1883,"I-35, EXIT 497 & US-82",Gainesville,TX,33.62594,-97.10321,2.9757
70100,LOVES TRAVEL STOP #718,"I-65, EXIT 158",Hope Hull,AL,32.22426,-86.39319,3.2657
70104,LOVES TRAVEL STOP #649,"I-76/US-6, EXIT 89",Brush,CO,40.26026,-103.62788,4.089
70105,LOVES TRAVEL STOP #708,"I-75, EXIT 314 & CR-48",Bushnell,FL,28.66106,-82.1553,3.2957
70106,LOVES TRAVEL STOPS #719,"I-35, EXIT 308",Troy,TX,31.17585,-97.28521,3.159
70107,LOVES TRAVEL STOP #711,"I-71, EXIT 165 & SR-97",Bellville,OH,40.6136,-82.51752,3.709
70108,RICKY ROCKETS FUEL CENTER,SR-50 & SR-83,Midlothian,IL,41.63411,-87.73242,3.099
70111,KWIK TRIP #557,"I-39, EXIT 126 & CR-V",De Forest,WI,43.23575,-89.32965,3.3107
70117,RUTTERS #72,"I-81, EXIT 16 & US-30",Saint Thomas,PA,39.92405,-77.7908,4.399
70118,SPEEDWAY #7118,US-41,Smyrna,TN,35.96561,-86.50482,3.0157
70122,Circle K #2709301,SR-67,Decatur,AL,34.5896,-86.98868,3.899
70124,TA Express Lamar,US-50/385,Lamar,CO,38.08414,-102.6192,3.439
70125,SPEEDWAY #7391,I-76 EXIT 232,North Lima,OH,40.96487,-80.65491,3.699
70126,SPEEDWAY #3535,"I-71,EXIT 165 & SR-97",Bellville,OH,40.6136,-82.51752,3.599
70127,SPEEDWAY #2929,"US-22, US-119",New Alexandria,PA,40.39811,-79.39659,3.9723
70128,CIRCLE K #4703913,"I-40 E, EXIT 87",Jackson,TN,35.61022,-88.81401,3.349
70130,SIDE TRACK,SR-57,Wrightsville,GA,32.72187,-82.72621,3.3157
70131,THORNTONS #323,SR-64,Lombard,IL,41.87214,-88.01599,3.299
70135,KUM & GO #1455,"I-44, EXIT 130",Lebanon,MO,37.68505,-92.65503,3.0923
70136,FUEL CITY SAGINAW,CR-156,Fort Worth,TX,32.7469,-97.3268,2.9657
70137,RUTTERS #8,"I-83, EXIT 14 & SR-182",York,PA,39.96354,-76.72689,4.199
70140,CASEYS #3593,SR-7 & US-50,North Vernon,IN,39.00176,-85.62722,3.5923
70142,ONVO TRAVEL PLAZA - AVIS,"US-220, EXIT 118",Avis,PA,41.18472,-77.31417,3.539
70143,KWIK TRIP #104,"I-94, HWY-24, EXIT 178",Clearwater,MN,45.38769,-94.04525,3.2773
70144,LOVES TRAVEL STOP #635,"I-49, EXIT 24 & SR-282",Alma,AR,35.50004,-94.20734,3.459
70145,MAVERIK COUNTRY STORE #578,US-26 & US-91,Idaho Falls,ID,43.51768,-111.99063,3.4023
70146,MAVERIK COUNTRY STORE #567,"I-90, EXIT 291A",Spokane,WA,47.66649,-117.43653,3.969
70150,LOVES TRAVEL STOP #704,"I-29, EXIT 35B & US-34",Pacific Junction,IA,41.02712,-95.80464,3.789
70151,LOVES TRAVEL STOP #721,"I-45, EXIT 246 & FM-1183",Ennis,TX,32.3321,-96.62236,3.0357
70154,Stinker,"US-34, CR-56",Kersey,CO,40.3963,-104.52877,3.499
70155,MARATHON,"US-24, I-96 EXIT 179",Redford,MI,42.37555,-83.28895,4.999
70156,MAVERIK COUNTRY STORE #348,"US-91, SR-130",Cedar City,UT,37.68954,-113.07451,3.4523
70157,LOVES TRAVEL STOP #702,US-63,Waterloo,IA,42.47778,-92.3661,3.769
70158,FLYING J #1068,"I-26, EXIT 194 & SR-16",Summerville,SC,33.02804,-80.17385,3.509
70159,LOVES TRAVEL STOP #717,US-460 & SR-156,Disputanta,VA,37.14827,-77.27317,3.5623
70160,COMMON CENTS #212,I-90 & SR-337,Sheridan,WY,44.78486,-106.96479,3.5607
70162,PILOT #1049,US-58,Suffolk,VA,36.86682,-76.55981,3.899
70163,KWIK TRIP #598,SR-23,Paynesville,MN,45.3988,-94.71571,3.399
70164,ONVO TRAVEL PLAZA - BLAKESLEE,I-80 EXIT 284,Blakeslee,PA,41.0485,-75.53431,3.5657
70168,KWIK TRIP #575,CR-75,Saint Joseph,MN,45.56512,-94.33669,3.3023
70169,ROCKING Oil,SR-21,Caldwell,TX,30.52982,-96.71429,3.099
70170,LOVES TRAVEL STOP #716,SR-3005,Elizabethtown,KY,37.70697,-85.85898,3.599
70171,CITGO HERITAGE RIDGE,US-151 & SR-26,Waupun,WI,43.63244,-88.73725,3.1473
70172,MACH 1 #3,I-57 & SR-14,Benton,IL,37.99998,-88.92266,3.379
70174,LOVES TRAVEL STOP #701,"I-69, EXIT 176",Capac,MI,43.01998,-82.92519,3.949
70176,MAVERIK COUNTRY STORE #565,I-84,Boise,ID,43.6136,-116.2025,3.3957
70177,MAVERIK COUNTRY STORE #497,US-160 & SR-145,Cortez,CO,37.35495,-108.58373,3.4157
70179,WORKMANS TRAVEL CENTER,"I-49, EXIT 78 & SR-264",Lowell,AR,36.24332,-94.08272,3.4023
70180,Gulf,SR-83,Bensenville,IL,41.9536,-87.935,3.059
70181,CIRCLE K #2723778,US-501 & SR-78/CR-1303,Sanford,NC,35.46415,-79.17645,3.049
70182,SHELL,US-169,Blue Earth,MN,43.63943,-94.09238,3.299
70183,PILOT # 1134,US-285 & CR-652,Orla,TX,31.825,-103.90833,3.759
70185,PILOT # 1147,SR-302,Kermit,TX,31.85496,-103.09127,3.2557
70187,PILOT # 1146,I-20 & SR-17,Pecos,TX,31.41438,-103.50813,3.4657
70188,KUM & GO #0890,I-44 (WESTBOUND),Vinita,OK,36.63335,-95.13816,3.059
70189,HUDSON IRVING 24,SR-3A,Hudson,NH,42.76904,-71.41214,3.799
70190,LOVES TRAVEL STOP #726,I-25 EXIT 191,Belen,NM,34.64556,-106.76122,3.5223
70191,LOVES TRAVEL STOP #734,"I-44, EXIT 5 & US-70",Randlett,OK,34.17404,-98.45997,3.1207
70192,LOVES TRAVEL STOP #720,"I-49, EXIT 94 & SR-1",Boyce,LA,31.3216,-92.68668,3.174
70207,PILOT TRAVEL CENTERS #1344,I-20 EXIT 425,Fort Worth,TX,32.7469,-97.3268,2.909
70208,GOLDEN GATE PETRO,SR-648,Sparks,NV,39.54725,-119.75559,3.9857
70209,PUMP N PETES #42,"I-49, EXIT 66 & CR-K",Jasper,MO,37.31822,-94.27313,3.199
70210,CASEYS #3889,SR-29 & CR-1350,Henry,IL,41.11154,-89.37433,3.349
70214,RACETRAC #688,I-20 & SR-6,Lithia Springs,GA,33.79389,-84.66056,2.9723
70216,PILOT #1110,I-25 & SR-105,Monument,CO,39.10073,-104.85416,3.579
70217,MR GAS #20,I-84 EXIT 165,Jerome,ID,42.71784,-114.50124,3.4073
70218,LOVES TRAVEL STOP #725,I-69 & SR-260,Hanson,KY,37.43825,-87.47513,3.599
70219,LOVES TRAVEL STOP #709,US-59 & SR-116,Lufkin,TX,31.336,-94.73418,3.649
70220,LOVES TRAVEL STOP #497,"I-40, EXIT 154 & US-64",Statesville,NC,35.8381,-80.8842,3.689
70221,PILOT #1092,CR-70 E,Cedar Rapids,IA,41.9743,-91.65538,3.779
70222,GOOD TO GO #45,"US-52 & SR-55, SR-18",Fowler,IN,40.62551,-87.30902,3.699
70223,SPEEDWAY #8749,"I-75, EXIT 116",Flint,MI,43.0233,-83.6856,3.089
70224,GOLDEN GATE PETROLEUM,I-70 EXIT 42,Palisade,CO,39.10318,-108.36798,3.549
70225,Union 76 Pilot,US-130,Riverton,NJ,40.01139,-75.01528,3.999
70227,LOVES TRAVEL STOP #724,"I-75, EXIT 414 & US-41",Lake City,FL,30.0949,-82.7117,3.339
70229,TA EXPRESS HENDERSON #969,I-11 EXIT 15A,Henderson,NV,35.99268,-114.95168,3.639
70232,RUTTERS #73,"I-81, EXIT 8 & CR-32",Inwood,WV,39.37009,-78.02419,3.659
70233,RUDS,SR-31 & I-94 EXIT 127,New Salem,ND,46.85125,-101.42445,3.499
70236,LOVES TRAVEL STOP #733,"I-25, EXIT 347",Las Vegas,NM,35.59486,-105.22716,3.489
70238,ROAD RANGER #275,"I-10, EXIT 400 & US-277",Sonora,TX,30.55575,-100.63067,3.549
70239,GOOD 2 GO #717,"I-25, EXIT 145",Colorado Springs,CO,38.8335,-104.8206,3.479
70240,MAVERIK COUNTRY STORE #370,"I-15, EXIT 10",Saint George,UT,37.10665,-113.59526,3.5415
70241,MAVERIK COUNTRY STORE #460,SR-88,Minden,NV,39.02177,-119.73136,3.5257
70242,ROAD RANGER #276,"I-35, EXIT 342A",Waco,TX,31.55245,-97.13961,3.049
70243,CASEYS #4415,US-68 & US-31W /SR-526,Bowling Green,KY,37.00787,-86.45589,2.999
70245,YESWAY #1168,US-287 & CR-368,Iowa Park,TX,33.94235,-98.6745,2.889
70246,7-Eleven #37565,SR-944 & SR-9,Miami,FL,25.779,-80.1982,3.249
70247,EXXON DBA ONE9 #1416,I-20 EXIT 458,Dallas,TX,32.99685,-96.79211,2.9923
70249,Caseys #4466,US-231 & SR-100,Scottsville,KY,36.76144,-86.19286,3.3123
70251,Marathon,SR-42 & US-49,Hattiesburg,MS,31.31455,-89.30647,3.0323
70254,LOVES TRAVEL STOP #732,I-70 & CR-829,Abilene,KS,38.93714,-97.20632,3.7623
70255,J&H  FAMILY STORE #152,SR-55,Cadillac,MI,44.25045,-85.43005,3.259
70256,PILOT TRAVEL CENTER #1128,SR-60,Bartow,FL,27.89566,-81.81268,3.599
70257,LOVES TRAVEL STOP #739,I-2,Donna,TX,26.16714,-98.05293,3.649
70258,CASEYS #3677,US-59 & SR-30,Slayton,MN,43.9856,-95.75545,3.299
70262,ASAP GENERAL STORE #332,US-70 & US-377,Madill,OK,34.07126,-96.78726,3.0157
70263,ENMARKET #769,US-301,Statesboro,GA,32.44084,-81.77396,3.699
70265,Speedee Mart # 2875,I-80 & CR-238,Milford,NE,40.76315,-97.05763,3.4323
70266,PILOT #1161,I-20,Odessa,TX,31.8465,-102.3663,3.5657
70267,LOVES TRAVEL STOP #728,"I-5, EXIT 238 & SR-164",Albany,OR,44.62772,-123.09441,3.8473
70268,CASEYS #3396,SR-92 & SR-149,Sigourney,IA,41.33007,-92.20189,3.3623
70269,CASEYS #3589,"I-29, EXIT 2",North Sioux City,SD,42.53271,-96.50761,3.059
70270,CASEYS #3685,US-50/US400 & SR-25,Lakin,KS,37.9382,-101.2713,3.1923
70271,CASEYS #1160,US-20,Plainview,NE,42.3467,-97.77862,3.229
70273,SPEEDWAY #5457,"I-264 E, EXIT 14 & SR-864 N",Louisville,KY,38.2435,-85.7639,3.029
70274,Kwik Star #920,US-18 & US-69,Garner,IA,43.1144,-93.59439,3.399
70276,STAR EXPRESS #5,US-301 & SR-648,Petersburg,VA,37.22,-77.43259,3.049
70277,KWIK TRIP #595,SR-46,Amery,WI,45.32524,-92.36153,3.5607
70278,KWIK TRIP #923,"I-41, EXIT 146 & CR-N",Little Chute,WI,44.28425,-88.31199,3.269
70279,KWIK TRIP #926,SR-19 & SR-21,New Prague,MN,44.54024,-93.58047,3.2907
70280,LOVES TRAVEL STOP #668,"I-25, EXIT 250 & SR-56",Berthoud,CO,40.29933,-105.10546,3.3907
70281,LOVES TRAVEL STOP #645,"I-75, EXIT 18",Monroe,MI,41.92751,-83.40485,3.239
70282,PLEASANT SPRINGS TRAVEL,"I-39, EXIT 147 & CR-N",Cottage Grove,WI,43.0784,-89.20169,3.3907
70283,SPEEDWAY #3996,US-12 & SR-120,Round Lake,IL,42.36681,-88.08882,3.399
70284,ROBINSON CORINTH IRVING,"I-395 N, EXIT 3",Corinth,ME,44.98365,-69.00853,3.9323
70285,IRVING MAINWAY,SR-16 E,Dover Foxcroft,ME,45.18774,-69.20447,3.8657
70286,ROBINSONS IRVING,SR-7,Corinna,ME,44.92605,-69.23234,3.9323
70287,LOVES TRAVEL STOP #710,US-31 & SR 28,Tipton,IN,40.28173,-86.04329,3.8473
70291,LOVES TRAVEL STOP #723,"I-80, EXIT 310 & CR-322",Laramie,WY,41.31291,-105.58115,3.6157
70292,FLYING J #1171,I-15,Mesquite,NV,36.8055,-114.0663,3.7057
70293,KWIK TRIP #922,US-8,Cameron,WI,45.40384,-91.73099,3.664
70295,SPEEDWAY #8080,I-69 & US-20,Angola,IN,41.65632,-85.0198,3.599
70296,MAVERIK COUNTRY STORE #573,SR-68 & SR-154,Riverton,UT,40.53789,-111.95466,3.1357
70297,KWIK STAR #509,SR-169 & BUS-20,Fort Dodge,IA,42.50882,-94.18074,3.2023
70298,LOVES TRAVEL STOP #740,"I-95, EXIT 38 & SR-68",Yemassee,SC,32.64298,-80.81293,3.419
70299,Mr Fuel dba Pilot Express #1149,"I-295, EXIT 41 & SR-105",Jacksonville,FL,30.3163,-81.4175,3.239
70300,PILOT #1194,I-10 & US-60,Phoenix,AZ,33.451,-112.0685,6.039
70301,GOLDEN GATE TRUCKSTOP,I-80 & SR-535,Elko,NV,40.82625,-115.72468,3.599
70302,KWIK TRIP #117,CR-9 & CR-4,Duluth,MN,47.09443,-91.84673,3.499
70303,Kwik Star #1004,US-63,Waterloo,IA,42.47778,-92.3661,3.574
70304,Rusty Lantern,"I-95, EXIT 109A & SR-202",Augusta,ME,44.32323,-69.76655,3.8873
70305,LOVES TRAVEL STOP #737,I-40/US-270,El Reno,OK,35.53347,-97.95909,3.344
70306,KWIK STAR #1001,US-6,Newton,IA,41.69917,-93.04546,3.249
70307,KWIK TRIP #592,"I-35, EXIT 159 & CR-1",Rush City,MN,45.6845,-92.99788,3.3773
70308,KWIK TRIP #946,SR-32,Pulaski,WI,44.66112,-88.26345,3.4573
70309,PILOT #1165,SR-18 & SR-128,Jal,NM,32.11282,-103.19972,3.3657
70310,LANCASTER CONVENIENCE,US-2 & US-70,Lancaster,MA,42.45098,-71.68683,3.7057
70311,RACING MART,SR-8,Adams,MA,42.62232,-73.11723,3.699
70313,Flyer's #3207,"SR-143, EXIT 2",Phoenix,AZ,33.451,-112.0685,3.389
70314,CASEYS #2721,US-34,Lincoln,NE,40.8169,-96.7103,3.3365
70318,LOVES TRAVEL STOP #738,"I-30/US-67, EXIT 122 & SR-19/SR-11",Sulphur Springs,TX,33.13454,-95.59216,3.309
70319,SPEEDWAY #3650,"I-76, EXIT 11 & SR-261",Wadsworth,OH,41.03838,-81.73737,3.699
70320,SPEEDWAY #7177,"I-24, EXIT 158 & SR-27",Jasper,TN,35.0666,-85.61474,3.014
70321,PILOT TRAVEL CENTER #1132,SR-171 & SR-78,Brawley,CA,32.97918,-115.52961,4.759
70322,INDIAN HILL IRVING,SR 6,Greenville,ME,45.47157,-69.58438,3.8657
70323,LOVES TRAVEL STOP #750,I-74 EXIT 206,Oakwood,IL,40.11666,-87.7825,3.389
70324,LOVES TRAVEL STOP #729,CR-17 & US-20,Goshen,IN,41.58448,-85.83799,3.7223
70325,KWIK STAR #927,US-169 & US-169 BUS/US-20 BUS,Fort Dodge,IA,42.50882,-94.18074,3.2023
70326,PILOT #1207,"I-20, EXIT 79 & SR-464",Monahans,TX,31.58129,-102.90027,3.4657
70328,Thorntons #7,US-12 & US-45,Franklin Park,IL,41.93388,-87.87342,3.329
70329,1 STOP TRAVEL PLAZA,US-14 & US-83,Pierre,SD,44.36951,-100.32106,3.3823
70331,LOVES TRAVEL STOP #707,"I-64, EXIT 21",Covington,VA,37.7842,-80.00318,3.649
70333,KWIK STAR #932,"I-80, EXIT 143 & CR-S14",Altoona,IA,41.64755,-93.47241,2.959
70334,KWIK TRIP #1021,SR-11 & CR-E,Brodhead,WI,42.61107,-89.37141,3.4157
70336,SPEEDWAY #3962,"I-39, EXIT 3 & SR-9",Roscoe,IL,42.42166,-88.99433,3.469
70337,LOVES TRAVEL STOP #700,I-10 EXIT 404 & SR-467,Sonora,TX,30.55575,-100.63067,3.6473
70338,LOVES TRAVEL STOP #747,"I-75, EXIT 90",Sidney,OH,40.28736,-84.16222,3.3457
70340,PIT STOP,SR-53 & SR-74,Joliet,IL,41.52715,-88.08241,3.499
70341,LOVES TRAVEL STOP #741,US-29,Reidsville,NC,36.34321,-79.66421,3.999
70342,AF TRUCK CENTER,"I-294, EXIT 33 & SR-64",Melrose Park,IL,41.90035,-87.85807,3.459
70343,PILOT TRAVEL CENTER #1103,"I-5, EXIT 208 & SR-530",Arlington,WA,48.18293,-122.11213,4.559
70344,KWIK TRIP #928,US-169,Princeton,MN,45.58512,-93.59614,3.399
70345,LOVES TRAVEL STOP #742,"I-196, EXIT 52",Holland,MI,42.7875,-86.10889,4.089
70346,Kwik Star #924,SR-17 & US-20 EXIT 140,Webster City,IA,42.46568,-93.82622,3.2023
70349,WEIGELS #90,SR-139 & SR-66,Kodak,TN,35.97221,-83.61711,3.199
70350,CIRCLE K #2741859,CR-802,Brownsville,TX,25.93374,-97.51741,3.029
70351,MAVERIK COUNTRY STORE #606,US-91,Franklin,ID,42.03039,-111.82286,3.579
70352,KWIK TRIP #1019,CR-5 & SR-65,Isanti,MN,45.46821,-93.22656,3.474
70353,ASAP General Store #314,"US-62, US-81, SR-9",Chickasha,OK,35.02675,-97.95185,3.1323
70357,Certified Oil #400489,"I-71, EXIT 104",Columbus,OH,40.1444,-82.9789,3.409
70358,FOOD N FUEL #25,SR-15 & US-12,Milbank,SD,45.20613,-96.62548,3.369
70359,PILOT # 1185,"I-15, EXIT 9 3",Littlefield,AZ,36.86652,-113.91369,3.689
70360,MAVERIK COUNTRY STORE #595,"I-84, EXIT 28",Caldwell,ID,43.66272,-116.70004,3.369
70361,MAVERIK COUNTRY STORE #599,US-89 & CR-122,Thayne,WY,42.93303,-111.01135,3.669
70366,FAST STOP,US-41,Escanaba,MI,45.76587,-87.08898,3.399
70371,KENT KWIK #440,US-277,Haskell,TX,33.15799,-99.73092,3.539
70373,KWIK TRIP #791,US-45 & SR-54,New London,WI,44.39285,-88.75543,3.484
70374,LOVES TRAVEL STOP #746,I-72 & SR-121,Decatur,IL,39.82714,-88.92598,3.449
70375,QUIKTRIP #1853,US-81,Decatur,TX,33.23508,-97.57399,2.899
70376,QUIKTRIP #1935,SR-183,Dallas,TX,32.99685,-96.79211,2.9757
70377,WEIGELS #81,I-81 & SR-32,Morristown,TN,36.19567,-83.27552,3.259
70379,SPEEDWAY #7209,US-411 & SR-20,Cartersville,GA,34.18697,-84.8204,3.1157
70380,LOVES TRAVEL STOP #714,"I-85, EXIT 29",Charlotte,NC,35.2269,-80.8433,3.5223
70383,SPEEDWAY #4400,I-10 & SR-59,Loxley,AL,30.61796,-87.75624,3.2823
70385,LONGHORN EXPRESS,US-70,Ardmore,OK,34.17668,-97.13416,3.009
70388,PILOT #1205,"I-20, EXIT 80",Monahans,TX,31.58129,-102.90027,3.4657
70389,PILOT #1145,SR-191,Midland,TX,31.98964,-102.06261,3.5657
70390,FLYING J #1206,SR-302 & CR-313,Kermit,TX,31.85496,-103.09127,3.2557
70391,MACH 1 #12,I-57 EXIT 65,West Frankfort,IL,37.89791,-88.93072,3.199
70403,MAVERIK COUNTRY STORE #607,"I-90, EXIT 1",Post Falls,ID,47.72048,-116.93535,3.3757
70404,MAVERIK COUNTRY STORE #602,"I-25 EXIT, 138",Colorado Springs,CO,38.8335,-104.8206,3.289
70405,LOVES TRAVEL STOP #760,SR-18 & SR-234,Eunice,NM,32.43923,-103.15941,3.329
70406,LOVES TRAVEL STOP #754,SR-251,Rochelle,IL,41.92816,-89.07103,3.749
70407,BOLLA MARKET,"I-495, EXIT 57",Islandia,NY,40.79056,-73.20222,3.539
70408,BOLLA MARKET,"I-495, EXIT 64",Medford,NY,40.81742,-72.98521,3.539
70409,SPEEDWAY #6512,"I-196, EXIT 49 & SR-40",Holland,MI,42.7875,-86.10889,3.899
70410,SPEEDWAY #4107,I-285 & US-78,Stone Mountain,GA,33.79423,-84.20175,3.529
70411,MARATHON,SR-72,Elberton,GA,34.1082,-82.84476,3.899
70413,CASEYS #3782,US-169 & SR-2,Mount Ayr,IA,40.7142,-94.23215,3.164
70415,GARDEN TRUCK STOP,SR-55 /EXIT 35,Vineland,NJ,39.48177,-75.00909,3.999
70416,ALLSUPS CONVENIENCE STORE #2361,US-54 & US-287,Stratford,TX,36.33349,-101.98857,2.9573
70417,CASEYS #3434,US-63,Denver,IA,42.67314,-92.3417,3.499
70419,FUEL AMERICA TRAVEL CENTER,I-35 EXIT 24,Laredo,TX,27.51554,-99.49858,3.099
70420,Circle K #2709302,SR-67,Decatur,AL,34.5896,-86.98868,3.5073
70421,CASEYS #3581,US-62/US-67,Corning,AR,36.41553,-90.58702,3.2823
70422,CIRCLE K #2741675,"I-10, EXIT 134",Tolleson,AZ,33.43469,-112.27744,3.519
70423,LOVES TRAVEL STOP #763,I-90 & US-20,Hampshire,IL,42.08075,-88.51703,3.449
70424,LOVES TRAVEL STOP #743,"I-75, EXIT 144A",Bridgeport,MI,43.35531,-83.85491,3.279
70425,LOVES TRAVEL STOP #731,"I-79, EXIT 105 & SR-108",Slippery Rock,PA,41.04541,-80.04685,4.249
70426,BISHOPS TRAVEL CENTER,US-27,Attapulgus,GA,30.74889,-84.48389,3.699
70427,PARKERS #64 (DISCOUNT AVAILABLE),SR-307,Savannah,GA,32.06763,-81.10239,3.0323
70428,PARKERS #63 (DISCOUNT AVAILABLE),US-301,Jesup,GA,31.60433,-81.88706,3.1157
70429,BP,SR-76,Adel,GA,31.12514,-83.42135,2.969
70430,SPRINT FOODS #715,I-520 & SR-56,Augusta,GA,33.51169,-82.0995,3.1923
70431,TA EXPRESS HOLSTEIN #941,I-20 E,Holstein,IA,42.49478,-95.56497,3.559
70432,GAS N WASH,SR-43,Frankfort,IL,41.50936,-87.82477,3.499
70433,GAS N WASH,SR-126,Plainfield,IL,41.60088,-88.19939,3.599
70434,HUCKS FOOD & FUEL #371,SR-148 & SR-142,Mount Vernon,IL,38.31701,-88.91053,3.099
70436,CASEYS #3492,US-36,Marysville,KS,39.84283,-96.64218,3.299
70437,Thorntons #155,"SR-1020 N, & SR1065 E",Louisville,KY,38.2435,-85.7639,2.9057
70438,BREAU BRIDGE TRUCKSTOP AND CASINO,SR-94,Breaux Bridge,LA,30.27495,-91.9059,3.229
70439,CHEVRON,I-20 & SR-151,Arcadia,LA,32.55564,-92.92453,3.189
70440,MOUND MINI MART,I-696,Warren,MI,42.5159,-82.9824,3.699
70441,BREAK TIME #3165,US-50 & SR-13,Warrensburg,MO,38.76669,-93.72734,3.2923
70442,GOLDEN GATE PETRO,I-580 & US-50,Carson City,NV,39.15075,-119.7459,3.599
70443,GLUCKSTADT FLEETWAY,"I-55, EXIT 112",Madison,MS,32.46706,-90.10874,3.199
70445,CASEYS #3514,SR-1,Oakes,ND,46.1288,-98.09934,3.3823
70446,ALLSUPS CONVENIENCE STORE #2220,US-285,Loving,NM,32.27403,-104.09138,3.599
70447,84 QUIK STOP,"I-84, EXIT 3 & US-6",New Hampton,NY,41.36271,-74.44348,3.459
70448,CIRCLE K #4707623,"I-81, EXIT 31",Brewerton,NY,43.22519,-76.13513,4.089
70450,QUEENSBURY,SR-149,Queensbury,NY,43.32898,-73.68185,3.789
70452,LOVES TRAVEL STOP #749,SR-78,Westmorland,CA,33.04106,-115.63072,4.779
70453,MARIETTA PETROLEUM,"I-35, EXIT 15 & SR-32",Marietta,OK,33.9431,-97.1148,2.9223
70454,DANDY MINI MART #36,US-220,Monroeton,PA,41.69939,-76.501,4.0323
70455,RUTTERS #37,US-332/US-22 & SR-75,Mifflintown,PA,40.57267,-77.37612,4.099
70456,RUTTERS #67,SR-16 & SR-75,Mercersburg,PA,39.81952,-77.90726,4.399
70457,RUTTERS #15,"I-83, EXIT 22 & SR-4009",York,PA,39.96354,-76.72689,4.199
70458,STOP-A MINIT,US-25 & SR-418,Pelzer,SC,34.64606,-82.46733,2.899
70459,GET N GO #22,I-90 & SR-115,Sioux Falls,SD,43.488,-96.7343,2.939
70460,ALLSUPS CONVENIENCE STORE #2371,US-87,San Angelo,TX,31.47817,-100.48175,3.2057
70461,CIRCLE K #2741074,I-35 & FM-1103,New Braunfels,TX,29.69473,-98.11304,2.844
70463,CIRCLE K #2741496,US-290,Chappell Hill,TX,30.18327,-96.23474,2.999
70464,GOLDEN GATE PETEROLEUM 24 RD,US-6,Grand Junction,CO,39.07833,-108.54569,3.539
70466,Circle K #2741925,SR-19,Trinity,TX,30.94195,-95.34029,2.899
70467,QUIKTRIP #598,"I-80, EXIT 439, SR-370",Omaha,NE,41.261,-95.9376,2.9273
70468,CIRCLE K #2741325,I-14 & SR-121,Belton,TX,31.0723,-97.47203,2.8857
70469,TA EXPRESS #286,I-30 & SR-423,Mount Vernon,TX,33.1702,-95.21811,3.299
70472,SHELL/ONE9 #1304,I-820 & CR-156,Fort Worth,TX,32.7469,-97.3268,2.8923
70474,EXXON,"I-30, EXIT 42A",Dallas,TX,32.99685,-96.79211,3.499
70476,KWIK TRIP #1037,SR-65/23,Mora,MN,45.89579,-93.29423,3.394
70478,TA Express Salina,"I-70, EXIT 56",Salina,UT,38.95603,-111.88107,3.649
70479,CROSSROADS MARKET,US-60 & SR-657,Gladstone,VA,37.54725,-78.85084,3.439
70480,BIG B TRUCK STOP,"I-90, EXIT 321",Sprague,WA,47.32473,-117.98968,3.899
70481,GOHL POST BP,"I-39, EXIT 100",Endeavor,WI,43.69631,-89.4617,3.1757
70482,BIG D OIL #19,SR-259 & SR-387,Midwest,WY,43.41083,-106.26682,3.459
70483,BOLLA MARKET,SR-27 & CR-47,Copiague,NY,40.67783,-73.39627,3.399
70484,ALLSUPS CONVENIENCE STORE #2117,SR-18 & CR-97,Lovington,NM,32.95117,-103.34885,3.104
70485,ALLSUPS CONVENIENCE STORE #2145,SR-132,Hobbs,NM,32.72217,-103.13725,3.3823
70488,ALLSUPS CONVENIENCE STORE #2365,US-380 & SR-214,Plains,TX,33.18935,-102.82937,3.369
70491,MFA OIL PETRO CARD 24,US-36,Hamilton,MO,39.73641,-93.9909,3.2407
70492,KWIK TRIP #1033,US-51 EXIT 191B,Wausau,WI,44.96343,-89.63396,3.454
70493,LOVES TRAVEL STOP #759,US-63/SR-11,Hazen,AR,34.78383,-91.5767,3.2257
70494,7-ELEVEN #37570,I-76/US-6,Commerce City,CO,39.82588,-104.91135,3.639
70495,LOVES TRAVEL STOP #689,US-65 & US-82,Lake Village,AR,33.32741,-91.28249,3.269
70496,KWIK TRIP #1015,"I-43, EXIT 171",Denmark,WI,44.35939,-87.82704,3.3623
70498,KWIK TRIP #939,"SR-29, EXIT 101",Stanley,WI,44.96887,-90.93894,3.469
70500,STRIPES 7FLEET #42526,SR-289,Lubbock,TX,33.58653,-101.86063,3.0557
70501,STRIPES 7FLEET #42527,SR-191 & US-349,Midland,TX,31.98964,-102.06261,3.4723
70502,STRIPES 7FLEET #42532,SR-302 & FM-1936,Odessa,TX,31.8465,-102.3663,3.099
70503,STRIPES 7FLEET #42491,US-67 & SR-137,Big Lake,TX,31.24059,-101.47878,3.549
70505,STRIPES #42593,LOOP 289 & MLK BLVD,Lubbock,TX,33.58653,-101.86063,2.9657
70507,ALLSUPS CONVENIENCE STORE #2154,SR-206 / US-283,Coleman,TX,31.82865,-99.42701,3.159
70508,7-ELEVEN #34715,I-294 EXIT 20,Schiller Park,IL,41.9563,-87.86918,4.579
70509,ALLSUPS CONVENIENCE STORE #2108,US-377 & US-183,Early,TX,31.74194,-98.94528,2.9323
70510,ALLSUPS CONVENIENCE STORE #2147,SR-6 & CR-454,De Leon,TX,32.10874,-98.54894,3.159
70516,STRIPES 7FLEET #42528,"I-20, EXIT 217 & SR-139",Colorado City,TX,32.39874,-100.86095,2.899
70527,THORNTONS #164,I-65 EXIT 16 & US-31,Memphis,IN,38.46418,-85.7775,3.6257
70530,LOVES TRAVEL STOP #767,FM-511 & SR-48,Brownsville,TX,25.93374,-97.51741,3.1557
70538,SPEEDWAY #9329,"I-64 EXIT 43, SR 395 & 2823",Waddy,KY,38.10545,-85.12883,3.149
70539,PILOT #1174,"I-70/SR-1, EXIT 147",Marshall,IL,39.422,-87.69226,3.299
70540,LOVES TRAVEL STOP #674,US-27 & SR-60,Lake Wales,FL,27.90373,-81.54881,3.5523
70541,Kwik Star#1012,US-71 & SR-9,Spirit Lake,IA,43.42621,-95.11234,3.299
70543,ALLSUPS CONVENIENCE STORE #2078,US-60,White Deer,TX,35.42781,-101.17399,2.969
70544,ALLSUPS CONVENIENCE STORE #2100,US-87,Odonnell,TX,32.97733,-101.8271,3.099
70545,ALLSUPS CONVENIENCE STORE #2205,SR-83,Denver City,TX,32.97111,-102.83125,3.3657
70546,ALLSUPS CONVENIENCE STORE #2370,US-287 & SR-70,Clarendon,TX,34.95288,-100.89516,2.929
70547,ALLSUPS CONVENIENCE STORE #2140,SR-114,Bridgeport,TX,33.18703,-97.78098,2.899
70548,ALLSUPS CONVENIENCE STORE #2114,US-84,Muleshoe,TX,34.21931,-102.74963,3.1907
70549,ALLSUPS CONVENIENCE STORE #2194,214 PLAINS HIGHWAY,Denver City,TX,32.97111,-102.83125,3.3823
70550,TEXACO #379545,US-290,Giddings,TX,30.17772,-96.93322,3.399
70551,KWIK TRIP #1047,SR-100 & SR-59,Milwaukee,WI,43.0343,-87.9151,3.5407
70552,KWIK TRIP #941,US-2,Duluth,MN,47.09443,-91.84673,3.499
70553,KWIK TRIP #1028,US-59,Worthington,MN,43.62863,-95.60591,3.1657
70554,HORSESHOE CONVENIENCE,SR 302 & IC 200,Mentone,TX,31.73837,-103.55032,3.1073
70555,THORNTONS #615,I-40 EXIT 188,Kingston Springs,TN,36.09532,-87.11565,2.9823
70556,ZIP ZONE EXPRESS,US-23,Catlettsburg,KY,38.37995,-82.63206,3.699
70557,LOVES TRAVEL STOP #727,"I-44, EXIT 283 & US-69",Big Cabin,OK,36.60793,-95.27474,3.4123
70558,LOVES TRAVEL STOP #752,"I-43, EXIT 25 & SR-67",Elkhorn,WI,42.70093,-88.54621,3.2407
70559,KWIK TRIP #1026,"HWY-23/ HWY-169, EXIT 23",Milaca,MN,45.77948,-93.64527,3.369
70560,PILOT DEALER #1235,"I-8, EXIT 42",Tacna,AZ,32.6975,-113.95278,3.599
70561,PILOT #1143,I-20 & SR-302,Odessa,TX,31.8465,-102.3663,3.599
70562,SPEEDWAY #7161,I-65 & US-31,Portland,TN,36.56731,-86.50592,3.024
70563,PILOT DEALER #1234,US-93 & CR-145,Willow Beach,AZ,35.8316,-114.4441,3.839
70564,SPEEDWAY #7236,"I-90/SR-2, EXIT 151",Avon,OH,41.44671,-82.02036,3.659
70565,Kwik Star #1025,SR-9/SR-4,Estherville,IA,43.40171,-94.818,3.3323
70567,LEDGEWOOD BP,I-80/SR-46,Ledgewood,NJ,40.87803,-74.65541,3.299
70571,LOVES TRAVEL STOP #748,"I-90, I-80 & SR-49",Edon,OH,41.58422,-84.757,3.8873
70572,LOVES TRAVEL STOP #745,I-94,Saint Clair,MI,42.82545,-82.51326,3.949
70573,KWIK TRIP #1038,US-12,Prairie Du Sac,WI,43.29563,-89.74523,3.484
70574,SPEEDWAY #3961,"I-55, EXIT 109",Williamsville,IL,39.93044,-89.53417,3.299
70575,SPEEDWAY #6721,SR 51,Mc Kees Rocks,PA,40.47174,-80.08757,3.899
70576,KWIK TRIP #593,"I-94, EXIT 41 & SR-25",Menomonie,WI,44.87182,-91.92651,3.574
70577,SPEEDWAY #3715,US-30,Crest Hill,IL,41.56624,-88.11692,3.299
70578,COMMON CENTS #125,"I-90/US-14, EXIT 61",Rapid City,SD,44.07704,-103.20026,3.2073
70579,Exxon/One9 #1338,I-35 & CR-372,Jarrell,TX,30.74841,-97.60083,2.8857
70580,LOVES TRAVEL STOP #753,I-90 EXIT 96 & SR-474,Missoula,MT,46.85627,-114.02521,3.674
70581,LOVES TRAVEL STOP #773,"SR-14 & I-59/20, EXIT 40",Eutaw,AL,32.88887,-87.9303,3.1373
70582,Kwik Star #1039,I-80 EXIT 301,Bettendorf,IA,41.55087,-90.4942,3.649
70583,LOVES TRAVEL STOP #783,US-60 & US-63,Willow Springs,MO,36.99581,-91.94055,3.419
70584,PILOT TRAVEL CENTER #1209,"I-20, EXIT 136 & SR-349",Midland,TX,31.98964,-102.06261,3.5657
70585,PILOT TRAVEL CENTER #1211,US-385 & CR-1910,Andrews,TX,32.32012,-102.54093,3.639
70586,MAVERIK COUNTRY STORE #610,I-80,Winnemucca,NV,40.96642,-117.74669,3.389
70587,MAVERIK COUNTRY STORE #623,US-89,Gunnison,UT,39.15446,-111.8167,3.419
70588,SPEEDWAY #7217,I-70 EXIT 49,Smithton,PA,40.14427,-79.73128,3.9157
70590,CIRCLE K #2722291,US-1 & SR-206,Saint Augustine,FL,29.8364,-81.2745,3.379
70591,SPEEDWAY #6465,"I-77, EXIT 101",Canton,OH,40.827,-81.3853,3.6073
70592,LOVES TRAVEL STOP #751,"I-20, EXIT 87",Elgin,SC,34.16196,-80.81129,3.4257
70593,LOVES TRAVEL STOP #735,I-75/SR-401,Calhoun,GA,34.49646,-84.93454,3.279
70595,SPEEDWAY #6509,"I-74, EXIT 206",Oakwood,IL,40.11666,-87.7825,3.199
70596,SPEEDWAY #7208,I-85 EXIT 137,Jefferson,GA,34.1062,-83.57081,3.119
70597,SPEEDWAY #9394,SR-4 & US-25,Lexington,KY,38.01739,-84.48542,3.129
70598,SPEEDWAY #7175,US-78 & SR-175,Memphis,TN,35.0337,-89.9343,3.199
70599,Jet Food Store,US-278,Warrenton,GA,33.40914,-82.63568,3.4157
70600,KWIK STAR #1027,US-65,Mason City,IA,43.14987,-93.19538,3.264
70601,24/7 TRAVEL STORE,I-70 EXIT 275,Abilene,KS,38.93714,-97.20632,2.994
70603,ROAD RANGER #277,"I-30, EXIT 201 & SR-8",New Boston,TX,33.46212,-94.43388,3.0807
70604,KWIK STAR #940,US-69 & SR-9,Forest City,IA,43.26918,-93.63559,3.449
70605,SPEEDWAY #1042,"I-55 & SR-50, EXIT 286",Cicero,IL,41.84556,-87.75389,3.569
70606,SPEEDWAY #7179,"I-65 & SR-101, EXIT 38",Smiths Grove,KY,37.0581,-86.19376,3.0657
70607,SPEEDWAY #8544,"I-55 & US-6, EXIT 24B",Channahon,IL,41.43466,-88.21379,3.249
70608,KWIK TRIP #1017,US-10/SR-47,Anoka,MN,45.23854,-93.40782,3.624
70609,JP TRAVEL PLAZA,"I-75, EXIT 205 & SR-16",Jackson,GA,33.28201,-83.97839,3.159
70611,Shell,US-6 & SR-3,Kendallville,IN,41.44821,-85.26087,3.499
70612,SHREES TRUCK STOP #2,I-90 EXIT 101,Thorp,WA,47.01779,-120.67856,3.809
70615,THORNTONS #0334,I-57 EXIT 350 & SR-83,Posen,IL,41.62766,-87.68721,3.399
70617,QUIKTRIP #224,"I-435, EXIT 57",Kansas City,MO,39.16319,-94.56988,3.099
70618,LOVES TRAVEL STOP #744,"I-270 N, EXIT 49",Lockbourne,OH,39.81424,-82.97637,3.4557
70619,KWIK TRIP #1049,US-212 & CR-68,Glencoe,MN,44.778,-94.16155,3.524
70620,LOVES TRAVEL STOP #779,I-30 EXIT 97,Malvern,AR,34.35571,-92.82916,3.499
70621,FRIENDLY GUS STORE #24,I-16 EXIT 53 & SR-19,Dublin,GA,32.54779,-82.90368,3.399
70622,SPEEDWAY #6781,US-422,Douglassville,PA,40.27088,-75.73967,3.799
70623,SPEEDWAY #1127,"I-55, EXIT 267 & SR-53",Bolingbrook,IL,41.69761,-88.08732,3.299
70624,KWIK STAR #929,I-74 EXIT 2,Bettendorf,IA,41.55087,-90.4942,3.599
70625,BROWNVILLE IRVING,SR-11,Brownville,ME,45.34123,-69.04233,3.9323
70626,GOLDEN GATE PETROLEUM,"I-70, EXIT 97",Silt,CO,39.54146,-107.65741,3.459
70628,PILOT #1195,"I-90, EXIT 106",Ellensburg,WA,46.99963,-120.51627,3.839
70629,KWIK TRIP #930,"I-35, EXIT 147 & SR-95",North Branch,MN,45.51648,-92.9371,3.4023
70630,SPEEDWAY #3632,"I-76, EXIT 33 & SR-43",Kent,OH,41.14492,-81.34976,3.5323
70632,CIRCLE K #4706705,SR-394,Crete,IL,41.43895,-87.60274,3.499
70634,CORNER MARKET #101,US-83 & SR-96,Scott City,KS,38.47994,-100.89933,3.359
70635,CIRCLE K #4705706,US-224 & SR-99,Willard,OH,41.05306,-82.72639,3.599
70637,CIRCLE K #2704111,I-2/US-83 & CR-493,Donna,TX,26.16714,-98.05293,3.009
70638,LOVES TRAVEL STOP #769,"I-70, EXIT 358A & US-75",Topeka,KS,39.0541,-95.6719,3.284
70640,LOVES TRAVEL STOP #794,SR-3/SR-33,Watonga,OK,35.85376,-98.41749,3.3757
70641,LOVES TRAVEL STOP #706,"I-81/I-64, EXIT 213",Staunton,VA,38.1451,-79.07519,3.649
70642,LOVES TRAVEL STOP #776,"I-20, EXIT 15",Vicksburg,MS,32.32582,-90.85065,3.549
70643,LOVES TRAVEL STOP #774,US-431/CR-248,Smiths Station,AL,32.52007,-85.10003,3.194
70644,KWIK TRIP #1031,I-494 EXIT 20,Delano,MN,45.03422,-93.80164,3.524
70645,QUIKTRIP #4048,"I-410, EXIT164B",San Antonio,TX,29.46852,-98.52635,2.9657
70646,KWIK TRIP #1051,I-43 & CR-N,Green Bay,WI,44.48531,-88.01687,3.4407
70647,PILOT #1227,I-20 EXIT 66,Pyote,TX,31.53949,-103.13968,3.4657
70648,BARRINGTON APPLEGREEN,SR-125 & SR-9,Barrington,NH,43.2027,-71.03767,3.899
70649,KWIK TRIP #931,SR-95,North Branch,MN,45.51648,-92.9371,3.4273
70650,MAVERIK COUNTRY STORE #581,"I-15 N, EXIT 334 & SR-193",Clearfield,UT,41.12939,-112.04822,3.3357
70651,WALBURG TRAVEL CENTER,"I-35, EXIT 266",Georgetown,TX,30.63304,-97.6707,2.8323
70652,ROADYS MACH 1 #14,I-57 EXIT 94,Mount Vernon,IL,38.31701,-88.91053,3.099
70653,MACH 1 #24,I-74 EXIT 215A & SR-1,Tilton,IL,40.09641,-87.64405,3.199
70654,PILOT #1269,I-10 EXIT 378,San Simon,AZ,32.20817,-109.36715,3.309
70655,GOLDEN GATE PETROLEUM,US-6,Grand Junction,CO,39.07833,-108.54569,3.499
70656,LOVES TRAVEL STOP #757,"US-23, EXIT 25",Milan,MI,42.09137,-83.67764,3.489
70657,INTERFUEL,I-96 EXIT 167,Springfield,VA,38.77972,-77.18658,3.899
70658,CASEYS #3708,SR-235,New Carlisle,OH,39.93003,-84.0217,3.259
70660,CASEYS #3852,"I-35, EXIT 33 & US-34",Creston,IA,41.06238,-94.36915,3.349
70661,CASEYS #3238,US-52 EXIT 64 & CR-12,Oronoco,MN,44.14886,-92.48496,3.5157
70662,GETGO #3202,I-79 EXIT 183A,Erie,PA,42.12596,-80.08601,3.899
70663,LENNYS GAS N WASH BOURBONNAIS,US-45/US-52,Bourbonnais,IL,41.16612,-87.87902,3.299
70665,POCO LOCO MARKET,I-35 EXIT 219,Buda,TX,30.09176,-97.85342,2.8923
70666,Thorntons #322,"I-55, EXIT 288",Chicago,IL,41.88585,-87.61812,3.599
70667,EZ TRIP #1226,"I-84, EXIT 104 & US-97",Wasco,OR,45.59745,-120.73036,3.239
70668,LOVES TRAVEL STOP #784,US-30 & CR-9,Schuyler,NE,41.45913,-97.06283,3.2823
70669,TA EXPRESS BIGGS,"I-84, EXIT 104 & US-97",Wasco,OR,45.59745,-120.73036,3.199
70670,MAVERIK COUNTRY STORE #625,"I-215, EXIT 27 & CR-68",North Salt Lake,UT,40.84406,-111.90412,3.4423
70673,PAC PRIDE,SR-202,Mesa,AZ,33.43174,-111.84693,4.024
70674,ALLTOWN FRESH #769,SR-111,Ayer,MA,42.55914,-71.57876,3.649
70676,PAC PRIDE,"I-10, EXIT 138",Phoenix,AZ,33.451,-112.0685,4.0365
70677,PAC PRIDE,US-60,Glendale,AZ,33.53112,-112.1767,4.024
70679,PAC PRIDE,"I-10, EXIT 151",Phoenix,AZ,33.451,-112.0685,4.024
70680,PAC PRIDE,"I-17, EXIT 215B",Phoenix,AZ,33.451,-112.0685,4.024
70681,PETRO STOP,US-60,Mesa,AZ,33.43174,-111.84693,4.0157
70682,LOVES TRAVEL STOP #758,"I-255/US-50, EXIT 15",East Saint Louis,IL,38.63154,-90.13807,3.379
70686,HOLIDAY STATIONSTORE #2746471,US-12,Hudson,WI,44.98419,-92.72706,3.539
70687,RUTTERS #87,"I-99, EXIT 78B & SR-150",Bellefonte,PA,40.90938,-77.7642,4.0157
70691,QUIKTRIP #4049,"I-10/US-90, EXIT 583",San Antonio,TX,29.46852,-98.52635,2.9657
70692,RUTLAND ROUTE 7 IRVING,US-4 & US-7,Rutland,VT,43.61413,-72.97077,3.699
70693,MAPCO #3507,US-76 & SR-71,Dalton,GA,34.7697,-84.9702,3.119
70695,ALLSUPS CONVENIENCE STORE #2132,US-54 & US-380,Carrizozo,NM,33.64962,-105.86962,3.2823
70696,DK #11822,I-20 EXIT 131,Midland,TX,31.98964,-102.06261,2.8573
70698,ALLSUPS CONVENIENCE STORE #2038,US-54,Logan,NM,35.36805,-103.43834,3.199
70699,QUIK STOP,US-79,Paris,TN,36.30052,-88.30933,2.959
70700,PATRIOT FUELING CENTER,US-231/SR-9,Wetumpka,AL,32.54509,-86.18804,3.199
70704,KUM & GO #0702,"I-44, EXIT 6 & SR-86",Joplin,MO,37.09686,-94.50514,3.009
70705,CASEYS #3464,SR-48 & CR-10,Morrisonville,IL,39.41534,-89.45407,3.759
70706,BIG APPLE TRAVEL CENTER,I-44/US-71,Joplin,MO,37.09686,-94.50514,3.2123
70707,TA Express West Point #283,"I-85/SR-403, EXIT 2 & SR-18",West Point,GA,32.83368,-85.11971,3.6657
70708,LOVES TRAVEL STOP #785,"I-96, EXIT 90",Grand Ledge,MI,42.75292,-84.73731,3.949
70709,VP Racing Fuels,SR-19,Center,MO,39.5154,-91.53984,3.1657
70710,LOVES TRAVEL STOP #799,US-72 & SR-15,Walnut,MS,34.95273,-88.90534,3.559
70711,LOVES TRAVEL STOP #762,FM-1472,Laredo,TX,27.51554,-99.49858,3.2557
70714,PILOT TRAVEL CENTER #1281,US-89,Page,AZ,36.89663,-111.43847,3.999
70717,Certified Oil #400491,I-270 EXIT 52,Columbus,OH,40.1444,-82.9789,3.2023
70718,ROAD RANGER #278,"I-40, EXIT 216 & US-49",Brinkley,AR,34.87812,-91.1886,3.199
70719,FAST LANE #31,"I-70, EXIT 183",Jonesburg,MO,38.87166,-91.30193,3.299
70720,SPEEDWAY #4453,SR-23,Sauk Rapids,MN,45.60403,-94.15909,3.189
70722,SPEEDWAY #9935,I-90 EXIT 35 & SR-298,Syracuse,NY,43.0459,-76.1528,4.099
70723,SPEEDWAY #9932,I-99 EXIT 8 & SR-417,Painted Post,NY,42.17097,-77.11938,4.099
70724,LOVES TRAVEL STOP #790,"I-95, EXIT108",Summerton,SC,33.59458,-80.36057,3.509
70725,LOVES TRAVEL STOP #782,"I-24 & US-41, EXIT 86",Oak Grove,KY,36.66522,-87.42551,3.1423
70726,CASEYS #1195,US-36,Belleville,KS,39.82405,-97.62902,3.339
70727,CASEYS #2998,US-75 & SR-23,Pipestone,MN,44.00952,-96.32276,3.449
70728,CASEYS #3245,US-81,Freeman,SD,43.3605,-97.46007,3.299
70729,CASEYS #3785,US-14,Fort Pierre,SD,44.34259,-100.40432,3.399
70730,CASEYS #3855,US-81,Yankton,SD,42.88209,-97.39862,3.139
70731,PILOT TRAVEL CENTERS #1181,IL-38 E,Rochelle,IL,41.92816,-89.07103,3.759
70732,MAVERIK COUNTRY STORE #627,I-15 EXIT 303,Salt Lake City,UT,40.75585,-111.89666,3.4423
70733,CASEYS #1607,US-63,Macon,MO,39.74809,-92.46216,3.2907
70735,CASEYS #1778,SR-267/SR-111,Brighton,IL,39.0361,-90.14431,3.239
70736,CASEYS #1941,"I-35, EXIT 90 & SR-160",Ankeny,IA,41.72755,-93.60218,3.139
70737,CASEYS #2272,I-80/US-6 EXIT 155 & SR-117,Colfax,IA,41.67878,-93.25882,3.099
70738,QUIKTRIP #7061,I-49 EXIT 39A,Joplin,MO,37.09686,-94.50514,3.0223
70739,CASEYS #2602,US-36/SR-5 & SR-11,Brookfield,MO,39.78461,-93.07195,3.249
70740,JACK FLASH,"I-70, EXIT 82 & SR 128",Altamont,IL,39.06345,-88.74809,3.099
70741,CASEYS #3590,US-27,Geneva,IN,40.60713,-84.96207,3.594
70742,CASEYS #3653,SR-14,Greene,IA,42.91604,-92.75832,3.599
70743,CASEYS #3659,US-10 & SR-115,Randall,MN,46.07336,-94.50054,3.4857
70744,CASEYS #3686,I-80 EXIT 81,Utica,IL,41.36303,-89.00079,2.969
70745,CASEYS #3752,",",Mountain Lake,MN,43.939,-94.92731,3.4023
70746,CASEYS #3085,US-34 & SR-14,Aurora,NE,40.85284,-98.02011,3.099
70747,CASEYS #3702,US-377/SR-99 & SR-9,Seminole,OK,35.22444,-96.67028,3.0257
70748,CASEYS #3717,US-218,Vinton,IA,42.17428,-91.98915,3.199
70749,CASEYS #3719,US-160,Ulysses,KS,37.57917,-101.34885,3.409
70750,CASEYS #3787,"I-35, EXIT 222",Blackwell,OK,36.80057,-97.28669,2.999
70751,CASEYS #3795,"I-43, EXIT 96",Saukville,WI,43.39126,-87.95677,3.289
70752,CASEYS #3755,SR-7/SR-27,Russellville,AR,35.28421,-93.13148,3.419
70753,CASEYS #3798,"I-44, EXIT 211",Drumright,OK,35.99314,-96.51979,3.119
70754,CASEYS #3758,US-77,Douglass,KS,37.51951,-96.99485,3.264
70755,CASEYS #3809,US-56 & SR-51,Hugoton,KS,37.16823,-101.33461,3.3923
70756,CASEYS #3780,US-40,Tonganoxie,KS,39.10261,-95.10505,3.159
70757,CASEYS #3811,US-69,McAlester,OK,34.92623,-95.75917,3.2257
70759,CASEYS #3832,"I-35, EXIT 40A & US-14",Janesville,MN,44.11678,-93.70946,3.5823
70760,CASEYS #2730,US-34 & SR-15,Seward,NE,40.90661,-97.09662,3.369
70761,CASEYS #3841,"US-61, EXIT 5",Kieler,WI,42.58139,-90.6025,3.489
70763,CASEYS #3854,"US-20, EXIT 275 & SR-13",Manchester,IA,42.48342,-91.449,3.5457
70764,CASEYS #3856,"I-51, EXIT 48 & SR-251",Tonica,IL,41.23274,-89.08899,3.069
70765,CEFCO #103,SR-36,Temple,TX,31.08952,-97.33426,2.9657
70767,CASEYS #3493,SR-72,Shannon,IL,42.16105,-89.74808,3.699
70768,CASEYS #3497,SR-29,South Pekin,IL,40.49444,-89.65167,3.619
70769,CASEYS #3527,US-169 & US-60,Nowata,OK,36.69456,-95.64042,3.1823
70770,CASEYS #3528,SR-92,Washington,IA,41.30145,-91.69867,3.271
70771,CASEYS #3545,US-14/CR-27,Sleepy Eye,MN,44.28209,-94.72725,3.3323
70772,CASEYS #3554,"I-70, EXIT 52",Mulberry Grove,IL,38.93108,-89.2463,3.489
70773,CASEYS #3575,US-36,Seneca,KS,39.8398,-96.05949,3.159
70774,CASEYS #3079,"US-20, EXIT 71 & US-71",Early,IA,42.44826,-95.17257,3.299
70775,CASEYS #3576,US-56,Overbrook,KS,38.79217,-95.56163,3.1957
70776,CASEYS #3579,US-36,Smith Center,KS,39.80422,-98.78424,3.179
70778,CASEYS #3588,"I-75 N, EXIT 69",Tipp City,OH,39.94358,-84.1715,3.099
70779,CASEYS #3204,"I-80, EXIT 29 & I-880, EXIT 29A",Minden,IA,41.46536,-95.55189,3.159
70780,CASEYS #3306,SR-15 & CR-47/CR-136,Saint Cloud,MN,45.55211,-94.12845,3.249
70782,CASEYS #3465,"I-80, EXIT 285 & US-30",Gibbon,NE,40.74444,-98.85435,3.049
70783,ENMARKET #820,"I-95/SR-405, EXIT 109 & SR-21",Port Wentworth,GA,32.06763,-81.10239,3.0907
70784,CIRCLE K #2723046,"I-95, EXIT 41 & SR-59/CR2252",Hope Mills,NC,34.95356,-78.93536,2.909
70785,CIRCLE K #2705347,"I-77, EXIT 5 & SR-48",Columbia,SC,34.07261,-81.17962,3.204
70786,CIRCLE K #2741502,"I-37, EXIT 9",Corpus Christi,TX,27.79409,-97.40299,3.0607
70787,LOVES TRAVEL STOP #778,"I-16, EXIT 143 & US-280",Ellabell,GA,32.1273,-81.4983,3.2957
70788,SPEEDWAY #1031,"I-480 & I-271, EXIT 26",Bedford,OH,41.39207,-81.52315,3.649
70789,7FLEET #46080,"I-41 & US-41, EXIT 133",Neenah,WI,44.18109,-88.4792,3.449
70790,LOVES TRAVEL STOP #788,"I-70, EXIT 175",New Florence,MO,38.90231,-91.49086,3.1223
70791,LOVES TRAVEL STOP #791,"I-40, EXIT 126",Holladay,TN,35.89514,-88.09118,3.1223
70792,ANEW TRAVEL CENTER,US-6/34 & CR-410,Cambridge,NE,40.28077,-100.16758,3.364
70793,LOVES TRAVEL STOPS #119,"I-70, EXIT 160",Green River,UT,39.00024,-110.15982,3.299
70794,CASEYS #3747,SR-103 & CR-96,Carey,OH,40.9486,-83.38358,3.1757
70796,QUICK FUEL #3177,"I-35W, EXIT 56",Fort Worth,TX,32.7469,-97.3268,3.0323
70797,QUICK FUEL #3176,"I-35E, EXIT 442",Carrollton,TX,32.96574,-96.88246,3.0157
70798,QUICK FUEL #1926,"I-90, EXIT 171B & US-14",Janesville,WI,42.69154,-89.03312,3.399
70831,FLYERS #768,"I-80, EXIT 19 & SR-659",Sparks,NV,39.54725,-119.75559,4.0523
70832,FLYERS #766,SR-648,Sparks,NV,39.54725,-119.75559,4.059
70833,FLYERS #764,SR-667,Reno,NV,39.52681,-119.81127,4.0523
70845,FLYERS #759,"I-80, EXIT 19",Sparks,NV,39.54725,-119.75559,4.0507
70855,FLYERS #761,"I-580, EXIT 5",Carson City,NV,39.15075,-119.7459,3.699
70858,SPEEDWAY #1012,"I-65, EXIT 158 & CR-6",Hope Hull,AL,32.22426,-86.39319,3.0523
70859,FLYERS #732,I-580 & US-50,Carson City,NV,39.15075,-119.7459,3.699
70860,FLYERS #726,"I-80, EXIT 303",Elko,NV,40.82625,-115.72468,3.629
70864,FLYERS #747,"I-580/US-395, EXIT 29 & SR-659",Reno,NV,39.52681,-119.81127,4.054
70870,ESSENTIAL FUELS,US-26,Scottsbluff,NE,41.87197,-103.66191,3.599
70871,ALLTOWN MARKETS #835,"I-95, EXIT 62",Madison,CT,41.30902,-72.61525,4.239
70873,TA LAKE CITY #288,"I-75, EXIT 414",Lake City,FL,30.0949,-82.7117,3.299
70874,CIRCLE T,SR-6 & SR-515,Navasota,TX,30.38778,-96.0875,3.4323
70875,FUEL MAXX #57,SR-105 & SR-146,Liberty,TX,30.07279,-94.76382,3.1323
70876,JIFFY MART,SR-123/SR-12,Walpole,NH,43.07653,-72.41549,3.6857
70877,LOVES TRAVEL STOP #770,"US-41, EXIT 1A",Wadsworth,IL,42.44603,-87.90405,3.759
70878,MAVERIK COUNTRY STORE #630,I-15 EXIT 13,Malad City,ID,42.18078,-112.26205,3.394
70879,MAVERIK COUNTRY STORE #611,I-40 EXIT 154,Albuquerque,NM,35.0936,-106.6423,3.194
70880,RUTTERS #81,SR-61 & SR-73,Leesport,PA,40.41522,-75.99442,3.8973
70881,RUTTERS #79,"I-99/US-220, EXIT 28 US-22/SR-764",Duncansville,PA,40.42623,-78.43833,4.099
70882,RUTTERS #77,US-11/US-15 & US-22,Duncannon,PA,40.40868,-77.04725,4.294
70883,RUTTERS #41,US-422,Lebanon,PA,40.33591,-76.42589,3.799
70884,RUTTERS #75,SR-194 & SR-550,Walkersville,MD,39.47875,-77.34839,3.9323
70885,KWIK TRIP #1061,CR-CE & CR-HH,Combined Locks,WI,44.26658,-88.31327,3.549
70887,LOVES TRAVEL STOP #781,"I-20, EXIT 113 & SR-83",Madison,GA,33.59468,-83.46178,3.849
70888,HUTCHS #125,US-283,Altus,OK,34.64841,-99.32048,2.999
70889,TRUCK WORLD,I-90 EXIT 241 & SR-7,Conneaut,OH,41.93448,-80.58026,3.359
70890,PILOT #1299,US-287 & SR-148,Henrietta,TX,33.81961,-98.25998,3.1257
70891,QUARLES #4908,I-64 EXIT 297,Chesapeake,VA,36.73525,-76.23843,3.5257
70892,QUARLES #4001,I-95 EXIT 133,Fredericksburg,VA,38.29954,-77.47715,3.759
70893,QUARLES #4002,"I-95 EXIT 130A, SR-2",Fredericksburg,VA,38.29954,-77.47715,3.759
70894,QUARLES #4009,US-301,Waldorf,MD,38.63706,-76.87779,3.759
70895,QUARLES #4011/SHELL,I-95 EXIT 118,Woodford,VA,38.08466,-77.43988,2.899
70896,QUARLES #4200,US-522,Front Royal,VA,38.92678,-78.17962,3.699
70897,QUARLES #4302,SR-801 & SR-42,Broadway,VA,38.60834,-78.78749,3.459
70898,QUARLES #4303,"I-81 EXIT 243, US-11",Harrisonburg,VA,38.44886,-78.87144,2.899
70899,QUARLES #4304,"I-64 EXIT 96, SR-624",Waynesboro,VA,38.07741,-78.90346,3.799
70900,QUARLES #4306,I-81 EXIT 150A,Roanoke,VA,37.2725,-79.953,3.559
70901,QUARLES #4307,"I-81 EXIT 137, US-11/460",Salem,VA,37.2853,-80.06919,3.559
70902,QUARLES #4309,US-460/29,Lynchburg,VA,37.38623,-79.17146,3.774
70903,QUARLES #4310,US-11,Roanoke,VA,37.2725,-79.953,3.559
70904,QUARLES #4400,I-95 EXIT 166A,Lorton,VA,38.70472,-77.218,4.059
70905,QUARLES #4401,US-29,Fairfax,VA,38.86035,-77.26494,4.059
70906,QUARLES #4403,"I-95 EXIT 29A, US-1",Beltsville,MD,39.03472,-76.90778,3.899
70907,QUARLES #4404,I-95 EXIT 43A,Elkridge,MD,39.2125,-76.71389,3.499
70908,QUARLES #4407,I-495 EXIT 11A,Upper Marlboro,MD,38.83772,-76.79803,3.899
70909,QUARLES #4408,SR-201,Bladensburg,MD,38.94521,-76.92033,3.699
70910,QUARLES #4409,I-95 EXIT 50B,Baltimore,MD,39.17185,-76.64829,3.499
70912,QUARLES #4411,"I-695 EXIT 1, SR-173",Curtis Bay,MD,39.20931,-76.56915,3.499
70913,QUARLES #4412,I-270 EXIT 8,Rockville,MD,39.0838,-77.153,3.759
70914,QUARLES #4413,I-495 EXIT 15A,Capitol Heights,MD,38.8847,-76.9108,3.899
70915,QUARLES #4414,I-95 EXIT 60,Baltimore,MD,39.17185,-76.64829,3.449
70916,TA Express White Hills,US-93,Willow Beach,AZ,35.8316,-114.4441,3.779
70917,QUARLES #4416,US-13,Salisbury,MD,38.363,-75.59224,3.659
70918,QUARLES #4417,I-895 EXIT 8B,Curtis Bay,MD,39.20931,-76.56915,3.499
70919,QUARLES #4422,US-13,New Castle,DE,39.67703,-75.58994,3.699
70920,QUARLES #4423,SR-100 EXIT 11,Glen Burnie,MD,39.1677,-76.595,3.699
70921,QUARLES #4424,SR-5,Clinton,MD,38.75489,-76.90258,3.899
70922,QUARLES #4425,US-50 EXIT 5,Hyattsville,MD,38.95063,-76.93465,3.899
70923,QUARLES #4426,SR-124,Gaithersburg,MD,39.14187,-77.18899,3.759
70924,QUARLES #4427,I-276 EXIT 351,Levittown,PA,40.16814,-74.82314,3.8457
70925,QUARLES #4430,US-13,Sharon Hill,PA,39.90351,-75.26952,3.869
70926,QUARLES #4431,US-22,Allentown,PA,40.60273,-75.47096,3.989
70927,QUARLES #4434,SR-617,Springfield,VA,38.77972,-77.18658,4.059
70928,QUARLES #4435,"I-95 EXIT 41, US-1",Jessup,MD,39.1484,-76.79224,3.499
70929,QUARLES #4503,US-11,Martinsburg,WV,39.45996,-77.95892,3.959
70930,QUARLES #4504,I-81 EXIT 313A,Winchester,VA,39.1581,-78.2313,3.799
70931,QUARLES #4505,SR-65,Hagerstown,MD,39.63202,-77.73722,3.899
70933,QUARLES #4507,US-11,Winchester,VA,39.1581,-78.2313,3.799
70934,QUARLES #4509,I-270 EXIT 31B,Frederick,MD,39.40823,-77.40087,3.599
70935,QUARLES #4511,I-70 EXIT 55,Frederick,MD,39.40823,-77.40087,3.599
70937,QUARLES #4603,US-29/211,Warrenton,VA,38.7063,-77.8159,3.799
70938,QUARLES #4605,SR-606,Sterling,VA,39.0061,-77.4288,3.659
70939,QUARLES #4606,SR-234,Manassas,VA,38.7518,-77.4728,3.859
70940,QUARLES #4607,SR-28,Manassas,VA,38.7518,-77.4728,3.859
70941,QUARLES #4934,US-60,Sandston,VA,37.51566,-77.27578,3.259
70942,QUARLES #4608,SR-657,Chantilly,VA,38.8865,-77.4393,3.659
70943,QUARLES #4700,US-15BUS/29BUS,Culpeper,VA,38.48115,-78.00406,3.799
70944,QUARLES #4701,US-15 BUS & US-522,Culpeper,VA,38.48115,-78.00406,3.799
70945,QUARLES #4944,US-17,Bealeton,VA,38.56967,-77.80044,3.759
70946,QUARLES #4703,US-29 & SR-616,Ruckersville,VA,38.23387,-78.39103,3.699
70947,QUARLES #4946,"I-95, EXIT 130A, SR-3",Fredericksburg,VA,38.29954,-77.47715,3.759
70948,QUARLES #4804,I-40 EXIT 211,Greensboro,NC,36.0726,-79.792,3.649
70949,QUARLES #4805,US-1 EXIT 95,Apex,NC,35.7225,-78.84082,3.999
70950,QUARLES #4807,I-40 EXIT 203,Kernersville,NC,36.11653,-80.08312,3.199
70951,QUARLES #4947,SR-7,Leesburg,VA,39.0867,-77.5775,3.659
70952,QUARLES #4810,I-540 EXIT 4A,Raleigh,NC,35.7727,-78.63244,3.709
70953,QUARLES #4948,"I-95, EXIT 126, US-1",Fredericksburg,VA,38.29954,-77.47715,3.759
70954,QUARLES #4811,SR-50/US-70,Garner,NC,35.68125,-78.59753,3.599
70955,QUARLES #4949,"I-95, EXIT 136, US-1",Fredericksburg,VA,38.29954,-77.47715,3.759
70956,QUARLES #4813,SR-133,Wilmington,NC,34.2253,-77.93786,3.779
70957,QUARLES #4950,"I-95, EXIT 126A, US-1",Fredericksburg,VA,38.29954,-77.47715,3.759
70958,QUARLES #4951,SR-3,Fredericksburg,VA,38.29954,-77.47715,3.759
70959,QUARLES #4814,US-117,Wilmington,NC,34.2253,-77.93786,3.799
70960,QUARLES #4962,"I-81, EXIT 222, US-250",Staunton,VA,38.1451,-79.07519,2.899
70961,QUARLES #4815,"I-140, EXIT 14",Wilmington,NC,34.2253,-77.93786,3.799
70962,QUARLES #4965,"I-295, EXIT 37A, US-360",Warsaw,VA,37.94999,-76.73652,3.759
70963,QUARLES #4817,"US-70, EXIT 333",Selma,NC,35.55653,-78.26403,3.799
70964,SEALSTON DELI,"I-95, EXIT 130A, SR-3",King George,VA,38.28114,-77.12602,3.499
70965,QUARLES #4822,US-401,Raleigh,NC,35.7727,-78.63244,3.709
70966,QUARLES #4927,SR-10 & SR-145,Chesterfield,VA,37.39233,-77.5668,3.699
70967,QUARLES #4823,I-95,Fayetteville,NC,35.05099,-78.84225,3.799
70968,QUARLES #4928,"I-95, EXIT 86A & SR-656",Ashland,VA,37.73948,-77.47837,3.674
70969,QUARLES #4824,I-40 EXIT 210,Greensboro,NC,36.0726,-79.792,3.699
70970,QUARLES #4931,US-60 & SR-603,Powhatan,VA,37.55644,-77.87976,3.699
70971,QUARLES #4932,"I-64, EXIT 173 & SR-623",Rockville,VA,37.73373,-77.69999,3.699
70973,QUARLES #4826,US HWY 29/70,High Point,NC,35.95931,-80.01167,3.6657
70974,QUARLES #4933,US-60,Richmond,VA,37.45316,-77.4698,3.699
70975,QUARLES #4935,"I-95, EXIT 64 & SR-613",Richmond,VA,37.45316,-77.4698,3.699
70976,QUARLES #4827,I-40 EXIT 203,Kernersville,NC,36.11653,-80.08312,3.199
70977,QUARLES #4828,I-440 EXIT 13B,Raleigh,NC,35.7727,-78.63244,3.709
70978,QUARLES #4829,I-40 EXIT 298A,Raleigh,NC,35.7727,-78.63244,3.599
70979,QUARLES #4830,I-540 EXIT 3,Raleigh,NC,35.7727,-78.63244,3.719
70980,QUARLES #4938,"I-64, EXIT 159 & SR-522",Gum Spring,VA,37.81837,-77.90705,3.699
70982,EXXON/QUARLES #4942,"I-64/33, EXIT 205 & SR-249",Quinton,VA,37.51847,-77.14861,3.509
70983,QUARLES #4943,"I-295, EXIT 22A & SR-5",Henrico,VA,37.45316,-77.4698,3.699
70984,QUARLES #4831,US-64 EXIT 470,Rocky Mount,NC,35.94265,-77.76082,3.409
70985,QUARLES #4832,I-40 EXIT 189,Winston Salem,NC,36.10237,-80.2228,3.5723
70986,QUARLES #4833,US-1,Youngsville,NC,36.00778,-78.4412,3.699
70987,QUARLES #4902,US-250/33,Richmond,VA,37.45316,-77.4698,3.699
70988,QUARLES #4909,I-664 EXIT 3,Hampton,VA,37.0065,-76.413,3.4257
70989,QUARLES #4911,I-264 EXIT 19B,Virginia Beach,VA,36.8527,-75.9783,3.5723
70990,QUARLES #4915,I-664 EXIT 2,Hampton,VA,37.0065,-76.413,3.4257
70991,QUARLES #4917,I-64 EXIT 255,Newport News,VA,37.05795,-76.46072,3.4107
70992,QUARLES #4904,I-64 EXIT 197B,Sandston,VA,37.51566,-77.27578,3.259
70993,QUARLES #4905,I-95 EXIT 89,Ashland,VA,37.73948,-77.47837,3.699
70994,QUARLES #4906,I-95 EXIT 73,Richmond,VA,37.45316,-77.4698,3.699
70995,QUARLES #4910,I-95 EXIT 61B,Chester,VA,37.34293,-77.41557,3.799
70996,QUARLES #4912,I-64 EXIT 136,Troy,VA,37.9636,-78.25349,3.899
70997,QUARLES #4913,SR-76,Midlothian,VA,37.43103,-77.65446,3.699
70998,QUARLES #4916,I-246 EXIT 6,Portsmouth,VA,36.8089,-76.36714,3.4657
71001,QUARLES #4921,I-95 EXIT 83B,Richmond,VA,37.45316,-77.4698,3.699
71002,QUARLES #4922,US-250,Charlottesville,VA,38.05475,-78.49087,3.899
71003,QUARLES #4923,I-95 EXIT 73,Richmond,VA,37.45316,-77.4698,3.699
71004,QUARLES #4924,US-1 & SR-688,Doswell,VA,37.84168,-77.51252,3.699
71005,QUARLES #4925,I-95 EXIT 78,Richmond,VA,37.45316,-77.4698,3.699
71006,QUARLES #4926,I-95 EXIT 79,Richmond,VA,37.45316,-77.4698,3.699
71007,HAYDEN TRAVEL CENTER,"I-65, EXIT 284 & SR-160",Warrior,AL,33.85286,-86.81985,3.129
71009,WEIGELS #80,"I-40, EXIT 435 & US-321",Newport,TN,35.95443,-83.20275,3.1157
71010,KEYSTOPS,"I-64, EXIT 17",Louisville,KY,38.2435,-85.7639,3.1957
71011,Global,"I-84 E, EXIT 2 & US-6 E",Danbury,CT,41.39166,-73.45316,3.459
71012,ALLTOWN MARKETS #838,"I-95 N, EXIT 12",Darien,CT,41.07676,-73.48525,3.8323
71013,ALLTOWN MARKETS #647,SR-3 EXIT 5,Plymouth,MA,41.9104,-70.642,3.959
71014,Global,"I-95, EXIT 43 & US-1",Elkridge,MD,39.2125,-76.71389,3.099
71018,KWIK STAR #1076,US-218,Vinton,IA,42.17428,-91.98915,3.199
71019,KWIK TRIP #489,SR-3,Northfield,MN,44.45872,-93.16683,3.524
71020,Fast Trac 21,SR-21 & CR-50,Caldwell,TX,30.52982,-96.71429,3.299
71021,Amoco,"I-39 & HWY 23, EXIT 54",Oglesby,IL,41.29277,-89.05534,3.199
71022,TEX BEST #530,"I-10, EXIT 628 & SR-80",Luling,TX,29.68262,-97.64995,3.009
71023,LOVES TRAVEL STOP #853,SR-302 & CR-313,Kermit,TX,31.85496,-103.09127,3.2507
71024,LOVES TRAVEL STOP #804,US-34/US-67,Monmouth,IL,40.9107,-90.64483,3.349
71025,KWIK TRIP #644,SR-57 & SR-32,New Holstein,WI,43.94464,-88.09108,3.3907
71027,Kwik Star #1068,I-35,Story City,IA,42.18349,-93.59881,2.959
71029,CASEYS #6445,I-355 EXIT 27 & SR-64,Lombard,IL,41.87214,-88.01599,3.349
71030,QUIKTRIP #1469,"I-10, EXIT 248 & SR-77",Marana,AZ,32.40475,-111.27362,3.0623
71032,MAVERIK COUNTRY STORE #416,US-50 & US-95,Fallon,NV,39.47025,-118.78611,3.5257
71033,MAVERIK COUNTRY STORE #560,I-580 & US-50,Carson City,NV,39.15075,-119.7459,3.589
71034,MAVERIK COUNTRY STORE #635,I-15 EXIT 57,Cedar City,UT,37.68954,-113.07451,3.4423
71036,GOLDEN GATE PETRO,US-550,Montrose,CO,38.46783,-107.87518,3.4357
71037,SUNOCO,US-220 EXIT 111,Lock Haven,PA,41.1425,-77.44359,3.599
71039,TURNPIKE MARKET EXPRESS,SR-5,Newton Falls,OH,41.19105,-80.97013,3.259
71042,SINCLAIR,I-580/US-395 EXIT 6,Carson City,NV,39.15075,-119.7459,3.599
71046,SPEEDWAY #9336,US-27/SR-126,Cincinnati,OH,39.09129,-84.27738,3.699
71047,LOVES TRAVEL STOP #722,"I-17, EXIT 262 & SR-69",Mayer,AZ,34.36554,-112.12955,3.6807
71050,GILL MART CORNER STORE,US-131 & SR-216,Three Rivers,MI,41.9596,-85.63712,3.699
71051,SHEETZ #683,I-83 EXIT 28,York,PA,39.96354,-76.72689,3.259
71053,ROAD RANGER #279,"I-57, EXIT 45 & SR-148",Marion,IL,37.72566,-88.92945,3.379
71055,LOVES TRAVEL STOP #793,"I-840, EXIT 67 & COUCHVILLE PIKE",Mount Juliet,TN,36.2,-86.51861,3.2523
71056,SPEEDWAY #1044,US-72 & SR-20,Decatur,AL,34.5896,-86.98868,3.4257
71057,LOVES TRAVEL STOP #795,US-97/US-26 & HALL RD,Madras,OR,44.63758,-121.13492,3.689
71058,KWIK TRIP #1090,SR-19 & SR-21,New Prague,MN,44.54024,-93.58047,3.349
71059,CIRCLE K #2706781,US-17 & SR-200,Yulee,FL,30.63167,-81.60667,3.3423
71060,CIRCLE K #2701537,"I-77, EXIT 100 & SR-89",Mount Airy,NC,36.50074,-80.61187,2.859
71061,CIRCLE K #2702344,US-78 & SR-39,Williston,SC,33.39261,-81.41615,3.799
71062,MAVERIK COUNTRY STORE #637,"I-70, EXIT 56 & US-89",SALINA,UT,38.95603,-111.88107,3.4423
71063,MAVERIK COUNTRY STORE #639,"I-40, EXIT 153",Albuquerque,NM,35.0936,-106.6423,3.1973
71064,LOVES TRAVEL STOP #798,I-57 EXIT 212,Tuscola,IL,39.79951,-88.28159,3.289
71065,MAVERIK COUNTRY STORE #429,US-40 & SR-121,Roosevelt,UT,40.31023,-110.01078,3.439
71066,Circle K #2745067,"I-75, EXIT 155",Macon,GA,32.84386,-83.59869,3.089
71067,7-ELEVEN #41219,I-385 EXIT 9,Laurens,SC,34.50071,-82.02677,3.099
71071,KWIK TRIP #1074,SR-35,Somerset,WI,45.13306,-92.68647,3.524
71072,LOVES TRAVEL STOP #801,I-75 EXIT 102,Cordele,GA,31.96333,-83.7825,3.309
71073,LOVES TRAVEL STOP #803,I-57 EXIT 54B,Marion,IL,37.72566,-88.92945,3.739
71074,Speedway #7764,SR-72 & SR-25,Dundee,IL,42.0962,-88.2902,3.279
71075,TEXAS TRAVEL CENTER,"I-35, EXIT 277",Jarrell,TX,30.74841,-97.60083,2.8323
71076,Kwik Star #589,US-151,Marion,IA,42.04109,-91.59413,3.524
71077,COMMUNITY CO OPS LAKE PARK,US-10,Lake Park,MN,46.81762,-96.06705,3.509
71079,DK,SR-375,El Paso,TX,31.75841,-106.47831,2.699
71080,BIG INDIAN SMOKE SHOP,I-90 & US-20,Irving,NY,42.57387,-79.05963,2.929
71083,SPRINT FOOD #701,US-78,Augusta,GA,33.51169,-82.0995,3.2257
71084,FIESTA MART #42,US-75,Tulsa,OK,36.05566,-96.06023,3.1657
71085,Sunoco,SR-49,Greenville,OH,40.09873,-84.63419,3.599
71086,THORNTONS #318,SR-59 & SR-38,West Chicago,IL,41.88856,-88.20217,3.649
71087,HALF SUN TRAVEL PLAZA,"I-90, EXIT 176",Moses Lake,WA,47.13736,-119.28915,3.569
71088,KARDES,US-151,Monticello,IA,42.23259,-91.1989,3.399
71090,CEFCO #2076,US-60 & SR-207,Panhandle,TX,35.38084,-101.43037,2.9457
71091,BREAK TIME #3163,US-63 & CR-M,Moberly,MO,39.42024,-92.43579,3.4623
71094,BP,US-63 & SR-137,Eddyville,IA,41.15327,-92.62205,3.379
71095,HOBO PANTRY #29,US-84/SR-12 & SR-95,Gordon,AL,31.10019,-85.12341,3.659
71096,GAS N WASH,US-30 & SR-394,Chicago Heights,IL,41.5062,-87.61321,3.499
71097,THORNTONS #329,"I-55, EXIT 267 & SR-53",Romeoville,IL,41.6475,-88.08944,3.309
71098,DANDY MINI MART #74,US-6 & SR-187,Wysox,PA,41.78262,-76.3834,3.999
71099,THORNTONS #336,"I-57, EXIT 335 & SR-50",Monee,IL,41.41913,-87.77484,3.349
71101,FOOD N FUEL,"I-55, EXIT 244 & SR-53",Elwood,IL,41.42602,-88.08642,3.499
71102,365 Food and Fuel,"I-35W/US-287, EXIT 54A & SR-183",Fort Worth,TX,32.7469,-97.3268,2.9757
71103,FAT DOGS NORTH PLATTE SOUTH,"I-80, EXIT 177 & US-83",North Platte,NE,41.1326,-100.77463,3.074
71104,SPINX #364,"I-26, EXIT 194",Summerville,SC,33.02804,-80.17385,3.399
71105,SHEPHERD 700,US-64 & CR-450,Alva,OK,36.80156,-98.67216,3.219
71106,SECURITY OIL,"I-135, EXIT 10B & SR-96",Wichita,KS,37.6898,-97.3415,3.299
71107,SPARKYS ONE STOP,"US-20, EXIT 96 & SR-4",Rockwell City,IA,42.39613,-94.62922,3.2157
71108,Stuckeyâ€™s Travel Center West,"I-10, EXIT 819 & FM-1663",Anahuac,TX,29.78099,-94.55482,2.8073
71109,KWIK TRIP #1067,"SR-13, BETWEEN FAIRWAY & TRINITY DR",Phillips,WI,45.69746,-90.40413,3.3157
71110,KWIK TRIP #1121,"I-94 & SR-26, EXIT 267",Watertown,WI,43.19472,-88.72889,3.289
71111,MAPCO #5167,"I-59, EXIT 21B & SR-35",Fort Payne,AL,34.43679,-85.71239,3.479
71112,BERKSHIRE ENERGY,"I-91, EXIT 8 & SR-80",New Haven,CT,41.308,-72.9286,3.549
71113,PLATEU TRAVEL PLAZA,"I-95, EXIT 39A & US-1",Madras,OR,44.63758,-121.13492,3.359
71114,SHEETZ #672,"I-95, EXIT 11B & SR-606",Woodford,VA,38.08466,-77.43988,2.899
71115,FASTBREAK #6,US-50/US-151 & US-41,Vincennes,IN,38.67344,-87.50981,4.039
71116,CEFCO #101,US-59 & SR-49,Jefferson,TX,32.77986,-94.37122,2.899
71117,AM-PM TRUCK STOP,"I-520/SR-415, EXIT 9 & SR-56",Augusta,GA,33.51169,-82.0995,3.359
71118,THORNTONS #0331,"I-35/US-51, EXIT 3 & CR-9",Roscoe,IL,42.42166,-88.99433,3.419
71119,PARKER'S #69 (DISCOUNT AVAILABLE),"I-95/SR-405, EXIT 102 & US-80",Pooler,GA,32.11493,-81.25196,3.1223
71120,GAS PRO TRAVEL CENTER,US-25 & SR-56,Waynesboro,GA,33.10125,-81.9908,3.799
71121,HAT CREEK TRAVEL,"I-10/US-70, EXIT 82A & US-180",Deming,NM,32.23181,-107.74656,2.919
71123,ONE9 XPRESS FUEL #1264,"I-10, EXIT 203",Eloy,AZ,32.75093,-111.58328,3.139
71124,LOVES TRAVEL STOP #761,"I-10, EXIT 343 & US-301",Jacksonville,FL,30.3163,-81.4175,3.849
71126,QUIKTRIP #1177,I-77 & US-21,Blythewood,SC,34.19111,-80.97576,3.0757
71127,QUIKTRIP #4044,"I-10, EXIT 609",Seguin,TX,29.56132,-97.9628,2.9457
71129,Queens Market,"I-85, EXIT 41 & SR-2480",Charlotte,NC,35.2269,-80.8433,3.499
71131,7-ELEVEN #38816,"I-85, EXIT 66 & US-29",Spartanburg,SC,34.93521,-81.96538,3.3057
71132,CEFCO #104,US-259 & SR-315,Mount Enterprise,TX,31.9125,-94.6235,2.959
71133,AMIGOS TRAVEL CENTER,"I-35, EXIT 85 & FM-117",Dilley,TX,28.6782,-99.17468,3.399
71134,ALLSUPS CONVENIENCE STORE #2376,US-54/US-285 & US-60,Vaughn,NM,34.62407,-105.19256,3.499
71136,CIRCLE K #2706788,"I-795, EXIT 22 & US-70, EXIT 356",Goldsboro,NC,35.38258,-78.01581,3.3923
71138,LUMMI BAY MARKET,"I-5, EXIT 260",Bellingham,WA,48.74896,-122.48868,3.759
71139,GAS N WASH,SR-47 & CR-9,Yorkville,IL,41.63873,-88.44379,3.599
71140,BP,"I-94, EXIT 267 & SR-26, EXIT 30",Jefferson,WI,43.00056,-88.80777,3.209
71141,CASEYS #3901,"I-55, EXIT 178 & CR-23",Lexington,IL,40.63569,-88.8062,3.339
71142,LOVES TRAVEL STOP #775,US-20 & SR-2,Rockford,IL,42.29223,-89.11612,3.229
71143,CASEYS #3904,SR-141,Manning,IA,41.90725,-95.05562,3.209
71144,CASEYS #3675,US-12 & US-75,Ortonville,MN,45.32962,-96.45965,3.379
71145,CASEYS #3905,I-74/US-421 EXIT 113,Shelbyville,IN,39.50434,-85.78751,3.599
71146,CASEYS #2968,US-34,Eagle,NE,40.81691,-96.42897,3.239
71147,CASEYS #3910,US-177 & SR-33,Perkins,OK,35.97684,-97.04406,3.0157
71148,CASEYS #1892,US-65,Sheffield,IA,42.87788,-93.21558,3.1523
71149,KOUNTRY KORNER,SR-20,Mount Pleasant,MI,43.6025,-84.7752,3.619
71150,LOVES TRAVEL STOP #812,"I-84, EXIT 141",Bliss,ID,42.94486,-114.91039,3.7857
71151,LOVES TRAVEL STOP #880,US-50 & SR-130,Olney,IL,38.73339,-88.08094,3.189
71152,LOVES TRAVEL STOPS #841,"US-24, EXIT 41",Napoleon,OH,41.39097,-84.14327,3.689
71153,KWIK TRIP #1083,SR-35,Osceola,WI,45.32176,-92.69711,3.499
71154,KWIK TRIP #489,CR-3,DUNDAS,MN,44.39554,-93.20369,3.499
71155,KWIK TRIP #1124,"SR-16, EXIT 184",Sussex,WI,43.14406,-88.22706,3.3773
71158,CIRCLE K #2707533,"SR-570, EXIT 3 & SR-572",Lakeland,FL,28.03813,-81.93915,3.5323
71160,CIRCLE K #4706316,"I-96, EXIT 46 & SR-6, EXIT 15",Caledonia,MI,42.79639,-85.56217,3.639
71161,CIRCLE K #2720931,"I-95, EXIT 107 & US-301",Kenly,NC,35.60774,-78.13823,3.149
71162,CIRCLE K #4705694,US-20 & CR-245,Norwalk,OH,41.24031,-82.60785,3.614
71163,DANDY MINI MART #68,"I-86/SR-17, EXIT 51A & CR-64",Elmira,NY,42.10077,-76.81198,3.899
71164,DANDY MINI MART #59,SR-287,Middlebury Center,PA,41.89171,-77.31476,3.999
71165,PALMETTO EXPRESS #115,"I-26, EXIT 125 & US-176",Gaston,SC,33.83371,-81.1174,3.199
71166,MAVERIK COUNTRY STORE #616,US-50,Montrose,CO,38.46783,-107.87518,3.3957
71167,LOVES TRAVEL STOP #768,"I-55, EXIT 247",Channahon,IL,41.43466,-88.21379,3.349
71168,LOVES TRAVEL STOP #797,"I-80, EXIT 176",Winnemucca,NV,40.96642,-117.74669,3.744
71169,LOVES TRAVEL STOP #879,"I-69 EXIT,286 & US-24 & SR-9",Huntington,IN,40.88113,-85.50544,3.5007
71170,LOVES TRAVEL STOP #849,"I-94, EXIT 292 & CR-21",Valley City,ND,46.92681,-98.00332,3.969
71171,TEXSTAR TRAVEL CENTER,I-35 EXIT 302,Temple,TX,31.08952,-97.33426,2.9123
71172,ZIPPY JS #18,CR-577 & CR-80,Brenham,TX,30.17736,-96.40277,3.199
71173,ENMARKET #828,"I-95/SR-405, EXIT 102 & US-80",Pooler,GA,32.11493,-81.25196,3.0823
71176,QUIKTRIP #1710,US-23/SR-365,Gainesville,GA,34.30727,-83.8256,3.3457
71177,COMO TRAVEL CENTER,"I-55, EXIT 257 & SR-310",Como,MS,34.51373,-89.91551,3.079
71179,7-ELEVEN #41332,"I-26, EXIT 76 & SR-219",Newberry,SC,34.28466,-81.61574,3.3323
71181,7-ELEVEN #38637,"I-85, EXIT 72 & I-585/US-176",Spartanburg,SC,34.93521,-81.96538,3.1157
71185,SHEETZ #698,"I-78/US-22, EXIT 45 & SR-863",Kutztown,PA,40.52135,-75.77739,3.329
71186,7-ELEVEN #36837,US-29 & SR-904,Anderson,SC,34.52605,-82.63044,3.089
71187,KWIK TRIP #1041,SR-11 & CR-H,Sturtevant,WI,42.69673,-87.90308,3.794
71188,QUIKTRIP #1722,"I-75, EXIT 153",Macon,GA,32.84386,-83.59869,3.089
71189,QUIKTRIP #1198,"I-20, EXIT 55",Lexington,SC,33.98139,-81.23639,3.129
71190,LOVES TRAVEL STOPS #888,"I-80/US-30, EXIT 85 & SR-374",Green River,WY,41.51959,-109.47145,3.589
71191,MAVERIK COUNTRY STORE #631,I-80/5600 WEST,Salt Lake City,UT,40.75585,-111.89666,3.459
71193,ASAP GENERAL STORE #308,US-60 & SR-123,Bartlesville,OK,36.74396,-95.99209,3.191
71194,ASAP GENERAL STORE #104,"I-40, EXIT 84 & US-54",Weatherford,OK,35.53505,-98.6996,3.1323
71195,ASAP GENERAL STORE #301,"I-40, EXIT 108 & US-281/SR-8",Geary,OK,35.62171,-98.39053,3.1323
71196,ASAP GENERAL STORE #302,SR-33 & SR 54,Thomas,OK,35.73817,-98.73884,3.1323
71197,ASAP GENERAL STORE #304,US-60/SR-51 & US-283,Arnett,OK,36.12052,-99.73266,3.2323
71198,LOVES TRAVEL STOP #844,"I-90, EXIT 233 & SR-74",Saint Charles,MN,43.95848,-92.05174,3.569
71199,LOVES TRAVEL STOP #814,"I-22, EXIT 14 & CR-35",Hamilton,AL,34.15341,-88.00852,3.5557
71200,LOVES TRAVEL STOP #730,"I-80, EXIT 440 & SR-50",Omaha,NE,41.261,-95.9376,3.2807
71201,PRIDE TRAVEL CENTER,I-91 EXIT 33,Hartford,CT,41.7636,-72.6855,3.509
71202,QUIKTRIP #1181,"I-26, EXIT 154B & US-301",Orangeburg,SC,33.50254,-80.85928,3.2357
71206,JACKSONS FOOD STORES #138,US-95/SR-339 & SR-208,Yerington,NV,38.98657,-119.15956,3.679
71207,GAS N WASH,"I-80, EXIT 148B & SR-43",Tinley Park,IL,41.5963,-87.8434,3.499
71208,RACEWAY #6789,US-301 & SR-150,Richmond,VA,37.45316,-77.4698,3.429
71209,RACETRAC #2529,"I-75, EXIT 285 & SR-52",San Antonio,FL,28.33714,-82.28824,3.3157
71210,RACETRAC #2515,I-820 & BUS-287,Fort Worth,TX,32.7469,-97.3268,2.8773
71211,KUM & GO #0138,US-67,Jacksonville,AR,34.88199,-92.13044,3.099
71212,KUM & GO #0426,BUS-71,Springdale,AR,36.18352,-94.17622,3.149
71213,KUM & GO #0429,US-62,Rogers,AR,36.33632,-94.11478,3.009
71214,MAVERIK #5317,"I-76, EXIT 22",Brighton,CO,39.98055,-104.81028,3.234
71215,MAVERIK #5319,SR-392 & SR-257,Windsor,CO,40.48366,-104.89944,3.159
71216,Maverik Country Store #5337,"I-35, EXIT 102 & SR-210",Huxley,IA,41.89943,-93.60238,3.0923
71217,KUM & GO #0185,US-65,Bondurant,IA,41.70166,-93.45269,3.095
71218,KUM & GO #1435,US-65,Fair Grove,MO,37.37214,-93.14282,3.1557
71219,KUM & GO #1568,"I-44, EXIT 156",Waynesville,MO,37.81752,-92.19894,3.099
71221,LOVES TRAVEL STOP #786,I-435 EXIT 55,Kansas City,MO,39.16319,-94.56988,3.389
71223,SCOOBA JUNCTION,US-45 & SR-16,Scooba,MS,32.8402,-88.48827,3.2157
71227,TEX BEST #529,SR-16 & SR-1604,Von Ormy,TX,29.27498,-98.66774,3.049
71228,SHELL,"I-80, EXIT 279 & SR-10",Gibbon,NE,40.74444,-98.85435,3.299
71229,THE PRIDE OF PALATINE,"I-90, EXIT 65 & SR-62",Palatine,IL,42.1258,-88.0764,3.399
71230,THE PRIDE OF LAKE COUNTY,US-12 & SR-53,Lake Zurich,IL,42.19672,-88.0703,3.349
71232,GATEWAY TRAVEL CENTER,US-16 & US-85,Newcastle,WY,43.8511,-104.2262,3.324
71233,Fuel America Travel Center #2,"I-35, EXIT 32",Encinal,TX,28.05133,-99.3409,3.049
71234,CHEVRON #352305,I-610 & SR-47,Chalmette,LA,29.94661,-89.96114,3.139
71239,CASEYS #3926,"I-29, EXIT 84 & SR-118",Mound City,MO,40.13624,-95.21384,3.1573
71240,LOVES TRAVEL STOP #764,I-24 EXIT 117,Hillsboro,TN,35.36993,-85.97242,3.3257
71241,WEIGLES #58,"I-40, Exit 356A & SR-58",Kingston,TN,35.85281,-84.49705,3.169
71242,LAST STOP TRAVEL CENTER,US-93,Willow Beach,AZ,35.8316,-114.4441,3.4957
71244,MAVERIK COUNTRY STORE #644,"I-84/I-15, EXIT 344 & SR-39",Ogden,UT,41.2443,-112.0072,3.3723
71245,MAVERIK COUNTRY STORE #651,"I-15, EXIT 67 & US-30",Pocatello,ID,42.88759,-112.43814,3.4023
71246,TOOT N TOTUM #99,I-40 EXIT 75,Amarillo,TX,35.20324,-101.84205,3.0457
71247,LOVES TRAVEL STOP #848,"I-59, Exit 104",Sandersville,MS,31.78639,-89.03222,3.1623
71248,RACETRAC #2560,"I-4, EXIT-55",Davenport,FL,28.22,-81.6205,3.289
71249,RACETRAC #2589,"I-20, EXIT 185",Oxford,AL,33.59683,-85.83347,2.999
71250,NAVAJO BLUE TRAVEL CENTER,I-40 EXIT 219,Flagstaff,AZ,35.18591,-111.66198,3.609
71251,RUTTERS #91,US-30 & SR-772,Gap,PA,40.00202,-75.9978,4.199
71252,QUIKTRIP #1178,"I-26, EXIT 54 & SR-72",Clinton,SC,34.47069,-81.87717,3.099
71253,QUIKTRIP #4066,"I-35, EXIT 122 & SR-173",Devine,TX,29.15208,-98.90899,2.9657
71255,Fuel N Treat,"I-70/US-40, EXIT 84 & CR-J",Nelson,MO,39.01045,-93.0311,3.284
71256,SIGNAL FOOD STORE #120,US-60,Seymour,MO,37.16673,-92.78566,3.0257
71257,FARMERS UNION SOUTHERN VALLEY,US-75 & SR-210,Wahpeton,ND,46.2651,-96.6133,3.499
71259,LOVES TRAVEL STOP #846,I-10 EXIT 10,Irvington,AL,30.48024,-88.23956,3.1657
71260,LOVES TRAVEL STOP #881,US HWY 224 & OH 225,Diamond,OH,41.09347,-81.0425,3.4523
71261,Una Travel Center,I-94 EXIT 228,Roseville,MI,42.50342,-82.93868,3.899
71262,LOVES TRAVEL STOP #892,"I-70, EXIT 118 & SR-310",Etna,OH,39.95722,-82.68194,3.4607
71263,Loves Travel Stop # 660,"I-25, Exit 49",Walsenburg,CO,37.63816,-104.8043,4.249
71264,MAVERIK COUNTRY STORE #649,I-25/US-85 EXIT 220 & SR-500,Albuquerque,NM,35.0936,-106.6423,3.2057
71265,U SAVE FOOD STORES 1,SR-39/SR-55,Richwood,WV,38.22299,-80.54448,3.599
71266,LOVES TRAVEL STOP #787,"I-81, EXIT 30 & SR-70",Mosheim,TN,36.18388,-82.9674,3.5557
71267,LOVES TRAVEL STOP #878,"US-131/SR-43, EXIT 44",Kalamazoo,MI,42.27356,-85.54565,3.589
71268,MAVERIK COUNTRY STORE #650,SR 85 & W 900 S,West Jordan,UT,40.62543,-111.96766,3.4323
71269,Maverik Country Store #652,I-84 & SR 79,Jerome,ID,42.71784,-114.50124,3.394
71270,QUIKTRIP #7904,I-20 EXIT 285,Abilene,TX,32.46816,-99.71821,2.8757
71271,MAVERIK COUNTRY STORE #672,SR-69,Dewey,AZ,34.53675,-112.25666,3.219
71275,ALLSUPS CONVENIENCE STORE #2272,US-67/US-84,Bangs,TX,31.76839,-99.10766,2.9323
71276,Circle K #2706617,I-4 EXIT 28,Lakeland,FL,28.03813,-81.93915,3.2507
71277,CIRCLE K #2706619,I-75 EXIT 354,Ocala,FL,29.1981,-82.0974,3.4573
71278,Kwik Trip #1506,SR-26,Fort Atkinson,WI,42.9229,-88.84669,3.5773
71281,Pride (One9 Fuel Network) #1213,"I-40, Exit 25",Yucca,AZ,34.87222,-114.14861,3.559
71282,QuikTrip #4128,SR-71,Bastrop,TX,30.13883,-97.2921,2.9657
71283,QUIKTRIP #7135,US-17,Hardeeville,SC,32.26351,-81.06687,2.999
71284,Loves Travel Stop #889,"I-22, Exit 30",Holly Springs,MS,34.7687,-89.4483,3.3157
71285,Shrees Truck Stop Seattle,SR-509,Seattle,WA,47.61144,-122.33046,3.799
71286,RACETRAC #2323,I-75 EXIT 128,Fort Myers,FL,26.6204,-81.8725,3.299
71287,RACETRAC #482,I-310 EXIT 2A,Saint Rose,LA,29.95807,-90.31243,3.1257
71288,SHEETZ #700,"I-270, EXIT 49 & SR-317",Groveport,OH,39.85814,-82.88722,3.059
71289,7-ELEVEN #38835,I-75 EXIT 139,Fort Myers,FL,26.6204,-81.8725,3.599
71290,LOVES TRAVEL STOP #808,"US-19/SR-3, EXIT 3 & US-82",Albany,GA,31.56778,-84.16192,3.789
71291,HUCKS FOOD & FUEL #351,"I-57, Exit 116",Salem,IL,38.62642,-88.94808,3.099
71295,MOUNTAINEER MART #33,US-33/119,Buckhannon,WV,38.98407,-80.21782,3.899
71298,QUIKTRIP #1923,"I-45, EXIT 229",Corsicana,TX,32.0322,-96.3483,2.849
71299,QUIKTRIP #7903,"I-35, EXIT 331",Waco,TX,31.55245,-97.13961,2.9557
71300,SPEEDWAY #1407,"I-94, EXIT 145",Jackson,MI,42.25452,-84.38748,3.549
71301,Atlanta IL Visitors Center,I-55 EXIT 140,Atlanta,IL,40.25862,-89.23002,3.399
71302,KWIK STAR #1107,I-380 EXIT 18,Cedar Rapids,IA,41.9743,-91.65538,3.574
71303,KWIK TRIP #1132,SR-21,Omro,WI,44.03568,-88.75193,3.3773
71305,AMIGO'S COUNTRY STORE,"I-35, EXIT 122 & SR-173",Devine,TX,29.15208,-98.90899,3.099
71307,Speedway #1221,"I-24/69, EXIT 27 & US-62",Calvert City,KY,37.01474,-88.38111,3.449
71308,QUIKTRIP #7145,"I-40, EXIT 239A",Lebanon,TN,36.20979,-86.30237,2.9157
71309,SUGAR CROSSING CONVENIENCE,US-33 & CR-63,Lancaster,OH,39.7187,-82.60307,3.3823
71310,CIRCLE K #2722120,US-441/27,Summerfield,FL,28.9958,-82.0214,3.5257
71311,CIRCLE K #708,"I-85, EXIT 64 & US-29",Opelika,AL,32.62777,-85.35863,3.2657
71313,LOVES TRAVEL STOP  #821,"US-70, Exit W Main St",Durant,OK,34.00609,-96.3847,3.489
71314,Loves Travel Stop  #806,I-20 Exit 124,Monroe,LA,32.52855,-92.1061,3.1673
71315,KWIK TRIP #1062,SR-33,West Bend,WI,43.42528,-88.18333,3.5557
71316,KWIK TRIP #1084,SR-97,Marshfield,WI,44.6688,-90.1716,3.4757
71318,LOVES TRAVEL STOP  #800,SR-83,Elk Grove Village,IL,42.00561,-88.01278,3.379
71319,LOVES TRAVEL STOP #868,"I-95, EXIT 223",Mims,FL,28.69738,-80.86628,3.689
71320,TA EXPRESS EDGERTON #284,I-35 EXIT 205,Edgerton,KS,38.78108,-95.00938,3.699
71321,Kwik Star #1119,US-18,Emmetsburg,IA,43.10825,-94.68255,3.449
71322,KWIK TRIP #1101,US-141,Crivitz,WI,45.25405,-88.06127,3.304
71323,MAVERIK COUNTRY STORE #517,SR-114 & E MILL RD,Orem,UT,40.31341,-111.69529,3.4407
71324,7-ELEVEN #38992,"I-85/US-29, EXIT 40 & I-185, EXIT 12",Piedmont,SC,34.72443,-82.47022,3.499
71325,QUIKTRIP #7223,"I-20, EXIT 23 & SR-782-2",Bossier City,LA,32.54492,-93.70383,2.8923
71326,CIRCLE K #4705730,"I-480 & SR-82, EXIT 36",Twinsburg,OH,41.32885,-81.45591,3.989
71327,MAVERIK COUNTRY STORE #668,"I-80, EXIT 313",Laramie,WY,41.31291,-105.58115,3.2457
71328,IRVING,US-1,Norwood,MA,42.18684,-71.20331,3.694
71329,SPEEDWAY #1439,I-20 Exit 100,Mc Calla,AL,33.28455,-87.10238,2.9023
71330,JORDAN MINI MART,SR- 31 & CR-59,Jordan,NY,43.06514,-76.45978,3.799
71331,KWIK TRIP #1106,SR-13 & SR-64,Medford,WI,45.15118,-90.35031,3.4223
71332,ALLSUPS CONVENIENCE STORE #2308,SR-128 & SR-18,Jal,NM,32.11282,-103.19972,3.129
71333,ALLSUPS CONVENIENCE STORE #2105,"I-20, EXIT 332 & US-183",Cisco,TX,32.38004,-98.98651,2.929
71334,ALLSUPS CONVENIENCE STORE #2278,SR-302 & SR-18,Kermit,TX,31.85496,-103.09127,3.089
71335,ALLSUPS CONVENIENCE STORE #2367,"I-27/US-87, EXIT 49B & US-70",Plainview,TX,34.19619,-101.7259,2.909
71336,ALLSUPS CONVENIENCE STORE #2180,US-84 & US-180,Snyder,TX,32.71511,-100.90748,2.9857
71337,ALLSUPS CONVENIENCE STORE #2229,US-377 & SR-108,Stephenville,TX,32.22137,-98.22241,3.159
71338,KWIK TRIP #755,US-18,Fennimore,WI,42.98856,-90.65501,3.424
71339,CASEYS #3934,"I-35, EXIT 89 & CO-R6F",Ankeny,IA,41.72755,-93.60218,3.099
71340,KWIK TRIP #180,US-14/SR-68,New Ulm,MN,44.30438,-94.46442,3.349
71341,QUIKTRIP #7147,"I-40, EXIT 172 & SR-46",Dickson,TN,36.07601,-87.39953,2.9157
71342,CASEYS #3505,US-212,Stewart,MN,44.72593,-94.45157,3.369
71343,ALLSUPS CONVENIENCE STORE #2014,US-377/US-67,Dublin,TX,32.09087,-98.34547,3.159
71344,ALLSUPS CONVENIENCE STORE #2061,US-84 & US-380,Post,TX,33.2017,-101.39216,2.944
71345,ALLSUPS CONVENIENCE STORE #2084,US-377 & CR-234,Brownwood,TX,31.70466,-98.97516,2.949
71346,ALLSUPS CONVENIENCE STORE #2094,US-277 & US-83,Abilene,TX,32.46816,-99.71821,2.889
71347,ALLSUPS CONVENIENCE STORE #2128,"I-20, EXIT 301 & CR-276",Clyde,TX,32.38029,-99.51844,2.889
71348,ALLSUPS CONVENIENCE STORE #2142,US-62/US-180,Hobbs,NM,32.72217,-103.13725,3.3823
71349,ALLSUPS CONVENIENCE STORE #2204,SR-115 & CR-201,Wink,TX,31.75267,-103.15608,3.089
71350,ALLSUPS CONVENIENCE STORE #2206,US-385 & SR-176,Andrews,TX,32.32012,-102.54093,3.3923
71351,ALLSUPS CONVENIENCE STORE #2207,US-377/US-67 & SR-36,Comanche,TX,31.91164,-98.60823,3.159
71352,ALLSUPS CONVENIENCE STORE #2223,US-285 & SR-357,Artesia,NM,32.83835,-104.4074,3.399
71353,ALLSUPS CONVENIENCE STORE #2246,US-84 & SR-268,Melrose,NM,34.44787,-103.63251,3.8123
71354,ALLSUPS CONVENIENCE STORE #2247,US-377 & SR-16,Comanche,TX,31.91164,-98.60823,3.1623
71355,ALLSUPS CONVENIENCE STORE #2249,US-377 & US-281,Stephenville,TX,32.22137,-98.22241,3.159
71356,ALLSUPS CONVENIENCE STORE #2266,I-20 & US-285,Pecos,TX,31.41438,-103.50813,3.379
71357,ALLSUPS CONVENIENCE STORE #2279,SR-115 & SR-18,Kermit,TX,31.85496,-103.09127,3.089
71358,ALLSUPS CONVENIENCE STORE #2285,US-285 & US-62,Carlsbad,NM,32.41187,-104.23954,3.194
71359,ALLSUPS CONVENIENCE STORE #2350,"I-20, EXIT 285 & US-83",Abilene,TX,32.46816,-99.71821,2.8757
71360,ALLSUPS CONVENIENCE STORE #2353,US-76/US-277,San Angelo,TX,31.47817,-100.48175,3.1957
71361,ALLSUPS CONVENIENCE STORE #2358,US-277/US-87,Wall,TX,31.36944,-100.32213,3.2057
71362,ALLSUPS CONVENIENCE STORE #2359,US-377/US-67 & CR-498,Stephenville,TX,32.22137,-98.22241,3.159
71363,ALLSUPS CONVENIENCE STORE #2360,FM-988 & FM-8,Stephenville,TX,32.22137,-98.22241,3.159
71364,QUICK FUEL #3188,I-75,Sidney,OH,40.28736,-84.16222,3.3323
71365,COLES BP,SR 49,Brownsville,WI,43.61093,-88.50973,3.099
71366,AMOCO,SR 31,Kenosha,WI,42.60523,-87.82994,3.719
71367,ROAD RANGER #280,"I-20, EXIT 79 & SR-464",Monahans,TX,31.58129,-102.90027,3.459
71368,Kwik Star #1071,I-280 E and US-61 N,Davenport,IA,41.5218,-90.5743,3.324
71369,MR GAS TRAVEL CENTER #21,I-84 EXIT 59A,Boise,ID,43.6136,-116.2025,3.6957
71370,MAVERIK COUNTRY STORE #645,"I-40, Exit 16",Gallup,NM,35.50648,-108.74135,3.159
71371,BREAK TIME #3167,US-65 & HWY-HH,Sedalia,MO,38.69608,-93.23227,3.294
71372,Simonson Station,US-71 & SR-34,Park Rapids,MN,46.93768,-95.0383,3.599
71376,7-ELEVEN #41127,SR-29,Labelle,FL,26.73209,-81.43403,3.559
71377,7-ELEVEN #38485,I-76 Exit 25,Brighton,CO,39.98055,-104.81028,3.599
71378,QUIKTRIP #1410,"I-10, EXIT 136B & SR-202, EXIT 78A",Phoenix,AZ,33.451,-112.0685,3.369
71379,QUIKTRIP #7211,"I-30/US-67/US-70, EXIT 128",Little Rock,AR,34.74834,-92.28194,3.049
71381,KWIK TRIP #1112,US-63 & SR-77,Hayward,WI,46.0014,-91.39766,3.639
71382,KWIK TRIP #346,US-151 BUS & CR-G/CR-D,Beaver Dam,WI,43.46157,-88.84068,3.1957
71383,Caseys #3940,I-69 & SR 4,Ashley,IN,41.53465,-85.05039,3.5973
71384,CASEYS #3944,I-29 & CR-106,Tea,SD,43.47111,-96.81773,3.199
71385,CASEYS #3907,I-675 & SR-235,Fairborn,OH,39.80531,-84.01979,3.679
71386,CASEYS #3952,SR-1 & SR-9,Hoopeston,IL,40.46387,-87.66623,3.189
71387,CASEYS #3954,"I-80, Exit 168",Newton,IA,41.69917,-93.04546,3.249
71388,CASEYS #3850,US HWY 77,Wahoo,NE,41.21172,-96.62195,3.174
71389,SPEEDWAY #1590,"I-95, EXIT 193",Dillon,SC,34.41455,-79.37702,3.1257
71390,SPEEDWAY #7269,I-270 EXIT 6B,Granite City,IL,38.72157,-90.11582,3.379
71391,QUIKTRIP #7210,I-40 EXIT 142,North Little Rock,AR,34.76697,-92.26538,3.049
71392,Loves Travel Stop #834,SR 17 & SR 1,Grant Park,IL,41.24768,-87.64799,3.329
71393,CASEYS #3303,HWY 15 AND HWY 55,Kimball,MN,45.34358,-94.30284,3.199
71394,QUIKTRIP #955,"I-35W, EXIT 26A & US-67",Alvarado,TX,32.4395,-97.21297,2.9757
71395,KWIK TRIP #340,US-18 & SR-23,Dodgeville,WI,42.96978,-90.14043,3.489
71397,RACEWAY #6971,US-82/SR-520,Leesburg,GA,31.68116,-84.15926,3.109
71398,KWIK STAR #1089,SR 415,Polk City,IA,41.75491,-93.68935,3.159
71399,Loves Travel Stop  #809,"I-70 & MO Hwy D, Exit 31",Bates City,MO,39.02189,-94.07984,3.2207
71401,KWIK TRIP #1169,"I-694, EXIT 52B & SR-36",Saint Paul,MN,44.90269,-93.09643,3.5157
71402,FIREBIRD FUEL #6196,US-60 & SR-303,Surprise,AZ,33.63003,-112.33143,3.383
71404,Flyers #3200,"I-17, Exit 215B",Phoenix,AZ,33.451,-112.0685,3.3523
71405,FLYERS #3201,"US-60, Exit 157",Phoenix,AZ,33.451,-112.0685,3.369
71406,FLYERS #3203,"I-10, Exit 139",Phoenix,AZ,33.451,-112.0685,3.319
71407,FLYERS #3204,SR 202,Phoenix,AZ,33.451,-112.0685,3.3523
71408,Flyers #3205,"I-17, Exit 195B",Phoenix,AZ,33.451,-112.0685,3.3823
71410,Flyers #3213,"US-60, Exit 181",Mesa,AZ,33.43174,-111.84693,3.3523
71411,Flyers #3214,"I-10, Exit 161C",Chandler,AZ,33.33009,-111.86316,3.3523
71412,FLYERS #3215,SR 87,Chandler,AZ,33.33009,-111.86316,3.3523
71413,Flyers #3216,"US 60, Exit 194",Apache Junction,AZ,33.3277,-111.3259,3.4223
71416,FLYERS #3225,"I-10, Exit 255",Tucson,AZ,32.21387,-110.96944,3.359
71417,Flyers #3227,"I-10, Exit 263A",Tucson,AZ,32.21387,-110.96944,3.3557
71418,Quick Fuel #3228,"I-10, Exit 264",Tucson,AZ,32.21387,-110.96944,3.3623
71421,FLYERS #3236,"SR 601, Exit 22",El Paso,TX,31.75841,-106.47831,3.229
71428,KWIK TRIP #1140,SR-69/SR-92 & HWY-CC,Belleville,WI,42.86691,-89.53773,3.604
71429,QUIKTRIP #1432,SR 202 EXIT 76,Phoenix,AZ,33.451,-112.0685,3.369
71430,QUIKTRIP #7144,US-31W,Goodlettsville,TN,36.32306,-86.71333,2.9157
71433,Kwik Star #1146,US HWY 151,Cedar Rapids,IA,41.9743,-91.65538,3.624
71434,KWIK STAR #1154,"SR 18 & SR 60, Exit 34",Sheldon,IA,43.1808,-95.84014,3.199
71435,QUIKTRIP #1036,I-85 Exit 40,Charlotte,NC,35.2269,-80.8433,3.304
71436,GOOD 2 GO #213,I-90 EXIT 58 & US-16,Buffalo,WY,44.34847,-106.70726,3.525
71437,GOOD 2 GO #121,I-15 EXIT 113,Idaho Falls,ID,43.51768,-111.99063,3.479
71438,LOVES TRAVEL STOP #893,US-80 & SR-307,Savannah,GA,32.06763,-81.10239,3.289
71439,LOVES TRAVEL STOP #802,I-10 EXIT 26,Milton,FL,30.66041,-87.04728,3.339
71440,MAVERIK COUNTRY STORE #667,"I-90, EXIT 289 & SR-27",Spokane,WA,47.66649,-117.43653,3.969
71441,MAVERIK COUNTRY STORE #678,US-191,Vernal,UT,40.44061,-109.54688,3.4423
71442,RACETRAC #2597,"I-65, EXIT 91 & US-31W",Elizabethtown,KY,37.70697,-85.85898,2.919
71443,LOVES TRAVEL STOP #810,US-33 & SR-540,Bellefontaine,OH,40.36047,-83.75708,3.3523
71444,One9 #1318,"I-44, Exit 88",Strafford,MO,37.27972,-93.10663,2.9857
71445,SPEEDWAY #1051,I-90 & I-94 Exit 69,Mauston,WI,43.79338,-90.06409,3.299
71446,SPEEDWAY #4221,I-80 Exit 292,Davenport,IA,41.5218,-90.5743,3.749
71447,KWIK TRIP #612,SR-116,Winneconne,WI,44.1187,-88.72138,3.5323
71449,MAVERIK COUNTRY STORE #628,I-15 & CR-215,Las Vegas,NV,36.17208,-115.12237,3.3557
71450,MAVERIK COUNTRY STORE #664,I-25 EXIT 203,Los Lunas,NM,34.78061,-106.71154,3.2023
71452,ALLSUPS CONVENIENCE STORE #2016,SR-214 & SR-114,Morton,TX,33.71572,-102.77962,3.399
71453,ALLSUPS CONVENIENCE STORE #2025,US-285,Roswell,NM,33.3885,-104.52586,3.2857
71454,ALLSUPS CONVENIENCE STORE #2036,SR-18,Hobbs,NM,32.72217,-103.13725,3.399
71455,ALLSUPS CONVENIENCE STORE #2043,US-62,Idalou,TX,33.65038,-101.67858,2.9657
71456,ALLSUPS CONVENIENCE STORE #2058,"I-40, Exit 332 & SR-209",Tucumcari,NM,35.168,-103.71793,3.355
71457,ALLSUPS CONVENIENCE STORE #2075,US-70 & SR-6,Crowell,TX,33.99121,-99.69835,3.199
71458,ALLSUPS CONVENIENCE STORE #2082,SR-70,Spur,TX,33.47902,-100.85712,3.199
71460,ALLSUPS CONVENIENCE STORE #2101,SR-136,Fritch,TX,35.64412,-101.58448,3.149
71461,ALLSUPS CONVENIENCE STORE #2111,US-87 &,Texline,TX,36.37403,-102.98452,2.9657
71462,ALLSUPS CONVENIENCE STORE #2138,CR-61,Hobbs,NM,32.72217,-103.13725,3.3823
71463,ALLSUPS CONVENIENCE STORE #2146,SR-18,Hobbs,NM,32.72217,-103.13725,3.2123
71464,ALLSUPS CONVENIENCE STORE #2153,US-277,Haskell,TX,33.15799,-99.73092,3.539
71465,ALLSUPS CONVENIENCE STORE #2173,US-20,Sweetwater,TX,32.47259,-100.39791,2.8457
71466,ALLSUPS CONVENIENCE STORE #2185,US-380 & 9TH ST,Aspermont,TX,33.13006,-100.23437,3.3657
71467,ALLSUPS CONVENIENCE STORE #2192,SR-86 & SR-207,Silverton,TX,34.46409,-101.3169,3.159
71468,ALLSUPS CONVENIENCE STORE #2212,SR-6,Stamford,TX,32.94532,-99.78593,3.129
71469,ALLSUPS CONVENIENCE STORE #2227,SR-114,Morton,TX,33.71572,-102.77962,3.399
71470,ALLSUPS CONVENIENCE STORE #2267,"I-20, EXIT 42 & CR-761",Pecos,TX,31.41438,-103.50813,3.379
71471,ALLSUPS CONVENIENCE STORE #2269,SR-524 & CR-658,Carlsbad,NM,32.41187,-104.23954,3.249
71472,ALLSUPS CONVENIENCE STORE #2276,HWY 84 & CR-466,Hermleigh,TX,32.62944,-100.75471,2.9723
71473,ALLSUPS CONVENIENCE STORE #2378,US-BUS 287 & SR-25,Electra,TX,34.03623,-98.91545,2.999
71474,PILOT #1292,US-290 & SR-21,Paige,TX,30.1858,-97.11977,3.499
71476,KWIK TRIP #493,US HWY 12,Whitewater,WI,42.82717,-88.74286,3.499
71477,KWIK TRIP #1141,SR 54,Luxemburg,WI,44.55061,-87.71561,3.4823
71478,RACEWAY #6970,SR-1 & Coker Rd,Rome,GA,34.25073,-85.1465,3.199
71479,RACETRAC #118,I-575 & SR-15,Jasper,GA,34.46196,-84.47588,3.309
71480,Loves Travel Stop #836,US-87,Dalhart,TX,36.07318,-102.51766,3.4357
71481,Loves Travel Stop #843,"I-29, Exit 187",Drayton,ND,48.57857,-97.19922,3.5657
71482,LOVES TRAVEL STOP #789,"I-15, Exit 277",Great Falls,MT,47.50981,-111.2734,3.7723
71484,CIRCLE K #2745064,"I-75/SR-401, EXIT 101 & US-280/SR-30",Cordele,GA,31.96333,-83.7825,2.999
71485,Circle K #2709088,US-521 & SR-9,Lancaster,SC,34.74901,-80.76158,3.299
71486,HUCKS FOOD & FUEL #338,US-50/US-150 & US-41 BUS,Vincennes,IN,38.67344,-87.50981,3.959
71487,LOVES TRAVEL STOPS #835,"I-15, EXIT 163 & SR-99",Fillmore,UT,38.98054,-112.33132,3.599
71488,LOVES TRAVEL STOP #816,"I-90, EXIT 284",Kimball,SD,43.71288,-98.9343,3.5707
71490,LOVES TRAVEL STOP #818,"I-20, EXIT 205 & SR-46",Heflin,AL,33.61151,-85.58847,3.2073
71491,SPEEDWAY #1520,"I-55, EXIT 58 & SR-80",Matthews,MO,36.80753,-89.57683,3.189
71492,LOVES TRAVEL STOP #839,"I-64, EXIT 92",Leavenworth,IN,38.19424,-86.35986,3.949
71493,NEW TRAVEL PLAZA,I-20 EXIT 86,Ruston,LA,32.53082,-92.64393,3.0657
71494,SPEEDWAY/7FLEET #7008,"I-90, EXIT 48A & SR-77",Corfu,NY,42.97773,-78.39291,3.889
71495,SPEEDWAY #1212,"I-65, EXIT 99 & US-31",Greenwood,IN,39.6224,-86.14899,3.5973
71496,SPEEDWAY/7fleet #1052,US-30 & SR-57,Orrville,OH,40.84584,-81.77411,3.499
71498,KWIK TRIP #1143,US HWY 45,Antigo,WI,45.13136,-89.14187,3.5073
71499,KWIK TRIP #1130,US HWY 151/18,Mount Horeb,WI,43.00202,-89.74145,3.589
71500,KWIK TRIP #1114,SR-35,Holmen,WI,43.97613,-91.2497,3.3307
71502,ROAD RANGER #281,I-20 EXIT 332,Cisco,TX,32.38004,-98.98651,3.1407
71503,LOVES TRAVEL STOP #093,US-80 & US-400/US-50,Garden City,KS,37.97693,-100.86209,3.729
71504,MAVERIK COUNTRY STORE #378,"I-84/I-15, EXIT 346 & SR-126",Ogden,UT,41.2443,-112.0072,3.379
71505,KWIK TRIP #1029,I-43 & SR-20,East Troy,WI,42.80353,-88.40922,3.174
71506,KWIK STAR #1165,SR-60,Sibley,IA,43.40693,-95.7424,3.224
71509,MAPLEFIELDS IRVING,I-91 & US-2,Saint Johnsbury,VT,44.42719,-72.00506,3.599
71510,RACETRAC #2601,"I-64, Exit 58",Frankfort,KY,38.19283,-84.88061,2.919
71511,RACETRAC #2592,US HWY 29,Athens,GA,33.9761,-83.36317,3.3123
71512,RACETRAC #2603,Country Road 527,Orlando,FL,28.49882,-80.58248,3.299
71514,LOVES TRAVEL STOP #817,SR-136,Santa Teresa,NM,31.848,-106.6346,3.2623
71515,LOVES TRAVEL STOP #824,"I-64 & SR-37, Exit 80",Mount Vernon,IL,38.31701,-88.91053,3.349
71516,LOVES TRAVEL STOP #833,"I-90, EXIT 61 & US-20",Ripley,NY,42.24818,-79.7121,3.879
71517,7-ELEVEN #41905,I-85 & CR-2120,Salisbury,NC,35.6515,-80.48895,3.749
71518,SPEEDWAY/7Fleet #9305,SR-18 & SR-1,Forrest City,AR,35.00913,-90.78857,3.174
71519,SPEEDWAY #1506,US-231 & SR-271,Montgomery,AL,32.3743,-86.3118,3.0423
71520,KWIK TRIP #1104,SR-35/65 & SR-29,River Falls,WI,44.85501,-92.63128,3.4057
71521,KWIK TRIP #1065,US-12 & SR-89,Whitewater,WI,42.82717,-88.74286,3.424
71522,Y NOT STOP BARBER SPUR,SR-10 & SR-13,Ville Platte,LA,30.69238,-92.27371,3.499
71523,QUIKTRIP #7170,I-59 EXIT 77,Cottondale,AL,33.17667,-87.38705,2.9157
71524,Loves Travel Stop #813,"I-77, Exit 112",North Canton,OH,40.88992,-81.41346,3.6273
71525,LOVES TRAVEL STOP #796,"I-40, EXIT 432B & U-25W/US-411/US-70",Newport,TN,35.95443,-83.20275,3.689
71526,LOVES TRAVEL STOP #820,"I-90, EXIT 41 & SR-414",Waterloo,NY,42.90452,-76.8755,4.149
71527,D & C FUEL EAST,US-6/SR-92,Tunkhannock,PA,41.55069,-75.94104,3.699
71528,GOOD 2 GO #218,I-90 EXIT 25 & US-14,Sheridan,WY,44.78486,-106.96479,3.4423
71529,Kwik Trip #1161,US-BUS 53,Eau Claire,WI,44.78397,-91.48769,3.4073
71531,BERT'S TRAVEL PLAZA,SR-33,Wellsville,KS,38.71368,-95.09157,3.3157
71534,GOLDEN GATE - YERINGTON,SR-339 & US-95 ALT,Yerington,NV,38.98657,-119.15956,3.7157
71535,GOLDEN GATE BATTLE MOUNTAIN,"I-80, EXIT 233",Battle Mountain,NV,40.62199,-116.95544,3.339
71536,PILOT TRAVEL CENTERS  #1106,"I-25/US-85, EXIT 215 & SR-47",Albuquerque,NM,35.0936,-106.6423,3.5657
71542,CIRCLE K #2706625,US-85,Eaton,CO,40.52727,-104.71456,3.399
71543,THE SOCO GROUP #4,SR-111,El Centro,CA,32.78933,-115.56651,4.839
71555,Kwik Trip #307,SR-35/US-18,Prairie Du Chien,WI,43.04265,-91.1193,3.599
71556,KWIK TRIP #1167,"HWY 29, EXIT 108",Thorp,WI,44.95732,-90.80286,3.4523
71557,MUSKOGEE TRAVEL PLAZA,US-69,Muskogee,OK,35.73066,-95.37549,3.0157
71558,ALLSUPS #2384,US-60,Friona,TX,34.6403,-102.71914,2.994
71559,ALLSUPS CONVENIENCE STORE #2228,US-83 & CR-613,Tuscola,TX,32.23495,-99.82439,2.9173
71560,CIRCLE K #2709675,"I-25, EXIT 41 & SR-543/SR-26",Hatch,NM,32.65834,-107.15903,3.799
71561,ABBOTTS TRAVEL CENTER,I-35 EXIT 359,Abbott,TX,31.89164,-97.06715,3.0657
71562,PILOT #1317,I-90 EXIT 28,Fultonville,NY,42.9036,-74.35976,3.999
71563,Kwik Star #1081,SR-9,Decorah,IA,43.32271,-91.79395,3.579
71564,GRAB N GO,SR-200 & SR-22,Killdeer,ND,47.4109,-102.77624,3.549
71565,CIRCLE K #2741253,"SR 375, Exit 39",El Paso,TX,31.75841,-106.47831,3.1957
71566,Mankato Travel Center,US HWY 14 & SR 22,Mankato,MN,44.15381,-93.99604,3.499
71567,PRIDE CONVENIENCE STORE,"I-91, EXIT 40 & SR-20",East Granby,CT,41.93221,-72.74589,3.649
71568,QUIKTRIP #294,I-35,Gardner,KS,38.80754,-94.91567,2.999
71570,STEELE 66 TRUCK PLAZA,Hwy O & CR-425,Steele,MO,36.09153,-89.83459,3.399
71571,RACETRAC #2587,I-75 & US-98,Brooksville,FL,28.56581,-82.37367,3.299
71572,7-ELEVEN #41525,US-460 & SR-630,Disputanta,VA,37.14827,-77.27317,2.999
71573,RACETRAC #2588,I-4 & US-301,Tampa,FL,28.0879,-82.4593,3.299
71574,RACETRAC #2594,US-441,Dublin,GA,32.54779,-82.90368,2.999
71575,Racetrac #2308,SR-161,Irving,TX,32.842,-96.9719,2.9357
71576,RACETRAC #2429,SR-161,Irving,TX,32.842,-96.9719,2.9007
71577,TOOT N TOTUM #130,US-87 & Dorsey Rd,Clayton,NM,36.44138,-103.18882,3.199
71578,RACETRAC #2595,I-65 EXIT 284,Alabaster,AL,33.23687,-86.81286,2.999
71579,KWIK TRIP #1138,SR 28,Sheboygan,WI,43.74098,-87.72467,3.2423
71580,MAVERIK COUNTRY STORE #676,"I-15/I-84, EXIT 376 & SR-13",Tremonton,UT,41.70156,-112.18129,3.444
71582,LOVES TRAVEL STOP #847,US-601 & SR-207,Pageland,SC,34.77219,-80.39661,3.3857
71583,CIRCLE K #2706993,SR 27 N,Lake Wales,FL,27.90373,-81.54881,3.799
71586,ALLTOWN FRESH,US-9 & SR-23,Livingston,NY,42.14194,-73.77833,3.659
71590,TA SPRINGER,I-25 EXIT 419,Springer,NM,36.37672,-104.5927,3.529
71592,THE WOODSHED,US-59 & SR-10,Welch,OK,36.90202,-95.12945,3.099
71594,BP,US-20 & SR13,Middlebury,IN,41.67542,-85.71144,3.799
71595,Hucks Market #100,US-36,Hannibal,MO,39.70636,-91.38387,3.1323
71596,ALLSUPS #2379,US-70/US-380,Tinnie,NM,33.33731,-105.20268,3.359
71597,Allsups #2380,US-84,Sudan,TX,34.06966,-102.52553,3.199
71598,Allsups #2381,SR-199,Azle,TX,32.8925,-97.53667,2.919
71600,TA EXPRESS #290,"I-45, EXIT 198 & FM-27",Fairfield,TX,31.73614,-96.15718,3.439
71601,Circle K #2723479,"I-40, EXIT 306B & US-70",Garner,NC,35.68125,-78.59753,3.369
71603,FLYERS #3223,US-70/191,Safford,AZ,32.82949,-109.62664,3.8623
71604,MAVERIK COUNTRY STORE #669,"I-80, Exit 113 & SR-172",Salt Lake City,UT,40.75585,-111.89666,3.4457
71605,Allsups Convenience Store #2377,US-70 & US-54,Alamogordo,NM,32.89319,-105.94854,3.0623
71606,Allsups #2396,HWY 62 82 179,Wolfforth,TX,33.53038,-102.0261,2.9157
71607,Loves Travel Stop #827,"I-90, Exit 174",Moses Lake,WA,47.13736,-119.28915,3.889
71608,Loves Travel Stop #842,"I-194, eXIT 164",Saint Cloud,MN,45.55211,-94.12845,3.2907
71609,QUIKTRIP #73,"US-75, US 62",Henryetta,OK,35.45448,-95.97619,3.0257
71610,FRIENDLY GUS #25,US-80 & SR-338,Dudley,GA,32.52588,-83.08992,3.8323
71612,RACEWAY #6898,"I-95, EXIT 373 & HWY A1A",Yulee,FL,30.63167,-81.60667,3.2707
71614,7-ELEVEN #41808,"I-85, EXIT 106 & US-29",Blacksburg,SC,35.11505,-81.508,3.359
71615,HUTCHS #128,US-62 & US-281/SR-8,Anadarko,OK,35.07281,-98.24291,2.999
71616,ALLSUPS CONVENIENCE STORE #2382,"I-20, EXIT 366 & US-281",Mineral Wells,TX,32.81028,-98.06305,2.9457
71617,CIRCLE K #2709087,US-98/US-19,Chiefland,FL,29.48324,-82.8809,3.5823
71618,Loves Travel Stop #837,"I-35, Exit 52",Cameron,MO,39.73089,-94.24372,3.689
71619,7-ELEVEN # 41365,"I-840/I-785, EXIT 18 & US-70",Greensboro,NC,36.0726,-79.792,3.199
71621,TOOT N TOTUM #127,"I-27, Exit 49B",Plainview,TX,34.19619,-101.7259,2.8957
71622,Circle K #2706628,SR-193 & SR-163,Theodore,AL,30.54437,-88.18075,3.3923
71623,Circle K #2706637,US-43,Grove Hill,AL,31.6755,-87.76357,3.719
71624,MAVERIK COUNTRY STORE #681,"I-80, Exit 410",West Wendover,NV,40.735,-114.07528,3.3857
71625,MAVERIK COUNTRY STORE #679,US-160/285 & SR-17,Alamosa,CO,37.47027,-105.8786,3.349
71627,QUIKTRIP #1730,I-75 EXIT 185,Forsyth,GA,33.05076,-83.93621,3.089
71628,QUIKTRIP #7171,I-65 EXIT 231,Calera,AL,33.1098,-86.75599,2.999
71629,KWIK TRIP #1139,SR-95 & SR-65,Cambridge,MN,45.55759,-93.28893,3.399
71630,CIRCLE K #2701524,"US-52, Exit 134 & SR-268",Pilot Mountain,NC,36.41094,-80.49206,3.429
71631,RACEWAY #6891,SR-20 & SR-67,Decatur,AL,34.5896,-86.98868,3.099
71632,Loves Travel Stop #819,SR-21 & SR-275,Rincon,GA,32.23563,-81.28778,3.3307
71634,76,"US HWY 278, US HWY 45",Tupelo,MS,34.25383,-88.72085,3.149
71635,Racetrac #2610,US-231,Murfreesboro,TN,35.7913,-86.357,3.049
71636,RACETRAC #2580,US-41 & SR-268,Murfreesboro,TN,35.7913,-86.357,3.0323
71637,HORSESHOE #4,SR-114,Smyer,TX,33.58417,-102.16278,2.959
71638,QUIKTRIP #4032,"I-35, EXIT 176",Schertz,TX,29.56816,-98.27221,2.9157
71639,PAR MAR FOOD STORE #13,"I-77, EXIT 1 & SR-7",Hannibal,OH,39.66722,-80.87222,3.899
71640,RACETRAC #2544,SR-81 & SR-316,Bethlehem,GA,33.92612,-83.72823,3.3123
71641,76,I-17,Phoenix,AZ,33.451,-112.0685,3.2323
71642,MAVERIK COUNTRY STORE #398,HWY 89 & LAKE POWELL BLVD,Page,AZ,36.89663,-111.43847,3.4557
71643,Pilot #1319,I-35 Exit 30,Alvarado,TX,32.4395,-97.21297,3.2057
71644,CHISUM TRAVEL CENTER #38,I-20 EXIT 210,Colorado City,TX,32.39874,-100.86095,2.9257
71646,SPEEDWAY #6542,"I-10, Exit 192",Midway,FL,30.49528,-84.45444,3.599
71647,QUIKTRIP #667,I-44 Exit 189,Rolla,MO,37.94853,-91.76035,2.9823
71648,QUIKTRIP #7149,I-24 Exit 8,Clarksville,TN,36.52201,-87.349,2.9157
71649,Allsups Convenience Store #2385,US-183 & US-180,Breckenridge,TX,32.75317,-98.90988,3.3073
71650,ALLSUPS CONVENIENCE STORE #2405,SR-208 & SR-158,Robert Lee,TX,31.89509,-100.51037,3.2657
71651,QUIKTRIP #4151,"I-35, Exit 220",Buda,TX,30.09176,-97.85342,2.9157
71652,CIRCLE K #4705575,SR-261,Akron,OH,41.04485,-81.52005,3.769
71653,MAVERIK COUNTRY STORE #701,US-160,Durango,CO,37.28739,-107.86168,3.299
71654,LOVES TRAVEL STOP  #851,"I-39/US-51, EXIT 111 & SR-72",Monroe Center,IL,42.10501,-89.01695,3.749
71655,79 ONE STOP,SR-62 & SR-37,Saint Croix,IN,38.23977,-86.60351,3.499
71656,CASEYS #3268,US-59 & SR-119,Appleton,MN,45.20543,-95.99487,3.4457
71657,CASEYS #2855,US HWY 63,Cabool,MO,37.13137,-92.11441,3.259
71659,Loves Travel Stop #646,"I-84, Exit 71",Willington,CT,41.874,-72.27277,4.359
71661,Loves Travel Stop #822,"I-40, Exit 57 & S Crawford St",Clarksville,AR,35.49076,-93.49106,3.3923
71662,PUMP & PANTRY #33,SR-22/39,Genoa,NE,41.44678,-97.76401,3.289
71663,Allsups #2388,I-27 & SR-217,Canyon,TX,34.97722,-101.92471,2.9007
71664,RUTTERS #95,SR-9,Martinsburg,WV,39.45996,-77.95892,3.999
71666,Circle K#2746513,SR-13/SIOUX TRL,Savage,MN,44.76155,-93.34345,3.799
71667,7-Eleven #38986,"I-75, EXIT 301 & US-98",Brooksville,FL,28.56581,-82.37367,3.399
71668,7-ELEVEN #41572,I-77 & US-70,Statesville,NC,35.8381,-80.8842,2.859
71672,7-ELEVEN #41573,US-67,Glen Rose,TX,32.22976,-97.76291,3.589
71673,7-ELEVEN #41792,"I-85, EXIT 27",Anderson,SC,34.52605,-82.63044,2.959
71674,Kwik Trip #1177,SR-65,Cambridge,MN,45.55759,-93.28893,3.424
71676,CIRCLE K #4702409,US-52,Lafayette,IN,40.41774,-86.88836,3.1573
71679,TOOT N TOTUM #22,FM 1541 & FM 1151,Amarillo,TX,35.20324,-101.84205,2.9673
71680,Alexs Shelby Truck Stop,US HWY 278 & SR 32,Shelby,MS,33.94906,-90.76246,3.199
71681,WASPYS TRUCK STOP,US-71,Audubon,IA,41.73003,-94.91641,3.3157
71682,Gas N Wash,"SR 83, SR 50, I-294",Alsip,IL,41.6723,-87.7339,3.299
71683,GAS N WASH,US HWY 6,Joliet,IL,41.52715,-88.08241,3.799
71685,ON THE ROAD 110,US-59,Diboll,TX,31.19503,-94.77291,3.199
71686,Allsups #2391,I-20 Exit 269,Merkel,TX,32.44437,-99.99244,2.8757
71687,ALLSUPS #2386,I-20 EXIT 216,Colorado City,TX,32.39874,-100.86095,2.9423
71688,KWIK TRIP #1151,"I-90, EXIT 183 & CR-BT",Beloit,WI,42.52287,-89.0399,3.374
71689,KWIK TRIP #1108,"I-41/US-45, EXIT 52 & SR-164",Colgate,WI,43.19977,-88.24061,3.2473
71691,ALLSUPS #2399,US-287 & SR-207,Claude,TX,35.09672,-101.38127,2.929
71692,GXP #200,"I-85/SR-403, EXIT 140 & SR-82",Jefferson,GA,34.1062,-83.57081,3.239
71694,J&H Family Store,"I-96, Exit 19",Coopersville,MI,43.06013,-85.95172,3.499
71695,KWIK TRIP #1126,US-14/US-61,La Crosse,WI,43.79894,-91.21749,3.384
71696,SUPER SAVE #10,I-220 EXIT 1A,Shreveport,LA,32.50374,-93.7487,3.199
71697,LOVES TRAVEL STOP #829,I-80 EXIT 81,Brookville,PA,41.15999,-79.0641,4.019
71698,Kwik Star #1142,hwy 6,Iowa City,IA,41.6549,-91.51119,3.134
71699,KWIK TRIP #597,"I-94, EXIT 344 & SR-31",Kenosha,WI,42.60523,-87.82994,3.744
71700,ARCO,US-19/US-98/US-27Alt & CR-30A,Perry,FL,30.09749,-83.58502,3.699
71701,CIRCLE K #2746510,SR 32,De Pere,WI,44.43878,-88.08061,3.349
71702,SHOP AND SAVE,US-220 & CR-734,Ridgeway,VA,36.5874,-79.86859,3.909
71704,QUIKTRIP #962,"I-30, Exit 61A",Garland,TX,32.92274,-96.6248,2.8973
71705,STRIPES #41980,"I-37, EXIT 11A",Corpus Christi,TX,27.79409,-97.40299,3.199
71706,QUIKTRIP #1176,I-77Exit 2,West Columbia,SC,33.99502,-81.08884,3.309
71707,QUARLES #4437,US HWY 30,Lancaster,PA,40.07538,-76.31989,3.999
71708,QUARLES #4936,I-95 Exit 69,Richmond,VA,37.45316,-77.4698,3.699
71709,MAPCO EXPRESS #7553,SR 153 EXIT 2,Chattanooga,TN,35.0455,-85.3081,2.994
71710,KWIK STAR #1180,SR-141,Perry,IA,41.83969,-94.10217,3.0607
71712,MAVERIK COUNTRY STORE #693,"I-70, Exit 160 & hwy 191",Green River,UT,39.00024,-110.15982,3.2823
71713,Pilot Dealer #1383,"I-555, Exit 39",Jonesboro,AR,35.83302,-90.69653,3.439
71714,RACETRAC #2576,SR-997 & SR-994,Miami,FL,25.779,-80.1982,3.2873
71715,Allsups Convenience Store #2401,US-87,San Angelo,TX,31.47817,-100.48175,3.1957
71716,Allsups #2404,US-62,Carlsbad,NM,32.41187,-104.23954,3.194
71717,Kwik Trip #1199,US-14,Darien,WI,42.6435,-88.71422,3.199
71718,KWIK STAR #1158,US-30,Ames,IA,42.02986,-93.6394,3.174
71719,LOVES TRAVEL STOP #832,"I-35, EXIT 129",Forest Lake,MN,45.2685,-92.97489,3.3623
71721,HUCKS FOOD & FUEL #314,US-50/150,Washington,IN,38.65357,-87.17066,3.4623
71722,MAVERIK #5392,FM-16,Keenesburg,CO,40.09585,-104.44637,3.154
71723,ALLSUPS CONVENIENCE #2398,SR-70,Pampa,TX,35.53804,-100.95789,3.079
71724,ALLSUPS CONVENIENCE #2403,US-180,Mineral Wells,TX,32.81028,-98.06305,3.0057
71725,Allsups Convenience Store #2406,US-67,Rankin,TX,31.2225,-101.9375,3.499
71726,Kwik Trip #1152,US HWY 169,Saint Peter,MN,44.33511,-93.98106,3.724
71735,Loves Travel Stop #811,US-395,Pasco,WA,46.24918,-119.10439,4.589
71736,Racetrac #2312,US-41/SR-92,Acworth,GA,34.06583,-84.67694,3.209
71737,RACETRAC #2605,"I-295, EXIT 25",Jacksonville,FL,30.3163,-81.4175,3.249
71738,KWIK TRIP #1196,"US-151, EXIT 21",Platteville,WI,42.73932,-90.48541,3.514
71739,TA EXPRESS #418,"I-16/SR-404, EXIT 116 & US-301/25",Register,GA,32.33823,-81.87283,3.2857
71740,SPRINT FOODS #735,US-78/US-1 & SR-19,Aiken,SC,33.55302,-81.71943,3.1723
71741,SPRINT FOOD STORE #733,"I-20, EXIT 183 & US-221",Harlem,GA,33.41701,-82.30966,3.599
71769,DUCK THRU FOOD STORE #60,US HWY 64,Spring Hope,NC,35.93019,-78.1085,3.469
71770,ONVO TRAVEL PLAZA,"I-81, Exit 155",Mountain Top,PA,41.13497,-75.93764,3.5873
71771,BREAK TIME #3170,SR-13 & HWY-T,Bolivar,MO,37.6085,-93.41263,3.374
71772,Kwik Trip #1137,US-8,Saint Croix Falls,WI,45.41322,-92.63837,3.524
71773,KWIK STAR #710,US-30 EXIT-202,Toledo,IA,42.0077,-92.56621,3.399
71774,CASEYS #4292,1020 5TH ST,Carrollton,IL,39.30094,-90.40921,3.239
71775,Caseys #3950,US-270 & US-54,Liberal,KS,37.04379,-100.92857,3.319
71776,QUIKTRIP #7172,"I-85/US-29, EXIT 58 & SR-169",Opelika,AL,32.62777,-85.35863,2.999
71779,TCI PHOENIX,"I-10, EXIT 138 & US-202, EXIT 76",Phoenix,AZ,33.451,-112.0685,2.9223
71784,7-ELEVEN #41750,I-4 & SR-33,Lakeland,FL,28.03813,-81.93915,3.289
71785,7-ELEVEN #41266,I-81 & SR-924,Hazleton,PA,40.96211,-75.97819,3.839
71786,SHEETZ #751,I-76 EXIT 91,Donegal,PA,40.09961,-79.38104,3.259
71787,PUMP & PANTRY #55,US-159 & US-73,Falls City,NE,40.07419,-95.59315,3.239
71792,KWIK TRIP #1147,US-71 & SR-60,Windom,MN,43.87902,-95.15153,3.349
71793,QUARLES #4602,"SR-267, EXIT 8B & SR-606",Sterling,VA,39.0061,-77.4288,3.659
71794,KWIK TRIP #1174,US-51 & US-2,Ironwood,MI,46.46379,-90.15884,3.139
71795,CIRCLE  K #2654290,I-85 EXIT 13,Lagrange,GA,33.03402,-85.03951,3.899
71797,KWIK STAR #1186,"I-80/US-6, EXIT 142 & US-65",Altoona,IA,41.64755,-93.47241,3.199
71798,Space Age #202,"I-5, EXIT 52",Castle Rock,WA,46.27829,-122.9139,3.659
71800,Stuckeys Travel Plaza,"I-44, EXIT 179",Newburg,MO,37.90078,-91.88068,2.9723
71801,Love's Travel Stop #869,US HWY 75,Le Mars,IA,42.79623,-96.17039,3.4557
71802,ALLSUPS #2407,I-10 EXIT 259,Fort Stockton,TX,30.89079,-102.87994,3.029
71803,KENT KWIK #321,I-20 EXIT 143,Midland,TX,31.98964,-102.06261,2.9407
71804,GAS N WASH,I-88 EXIT 114,Montgomery,IL,41.71774,-88.33196,3.599
71805,RACETRAC #2583,I-24E,La Vergne,TN,36.01271,-86.55997,2.899
71806,RACETRAC #2600,SR-70,Okeechobee,FL,27.31153,-80.84785,3.299
71807,KWIK TRIP #1270,SR-172,Green Bay,WI,44.48531,-88.01687,3.2907
71808,WEIGELS #100,SR 153,Chattanooga,TN,35.0455,-85.3081,3.0157
71811,7-ELEVEN #41826,SR-722 & SR-283,Lancaster,PA,40.07538,-76.31989,4.129
71812,KWIK TRIP #1198,I-43 & Hwy AA,Oostburg,WI,43.62294,-87.79695,3.2423
71813,Kweik Star #1156,SR-150 & SR-3,Oelwein,IA,42.68109,-91.91308,3.5823
71814,TEX-BEST #531,US-90,Uvalde,TX,29.21724,-99.79307,2.874
71815,MAVERIK COUNTRY STORE #688,I-15 EXIT 339,Ogden,UT,41.2443,-112.0072,3.3857
71816,MAVERIK COUNTRY STORE #694,I-15 EXIT 222,Nephi,UT,39.69228,-111.8359,3.4057
71817,KWIK TRIP #1128,US-12,Altoona,WI,44.80214,-91.43825,3.3323
71818,TA EXPRESS RIVERTON #433,I-72 EXIT 108,Riverton,IL,39.85524,-89.54191,3.409
71822,DK,SR 176,Lenorah,TX,32.43916,-101.76114,3.5323
71823,MARKER 126,US HWY 20,Duncombe,IA,42.4493,-94.05921,3.059
71824,QuikTrip #4052,US 181 S,San Antonio,TX,29.46852,-98.52635,2.9223
71826,KWIK TRIP #1183,US-2,Bessemer,MI,46.48019,-90.05154,3.139
71827,KWIK TRIP #1188,US-12,Cokato,MN,45.07476,-94.19105,3.474
71828,KWIK TRIP #1209,SR-42,Sturgeon Bay,WI,44.84384,-87.37531,3.5823
71829,KWIK TRIP #1043,US-53/SR-194,Duluth,MN,47.09443,-91.84673,3.499
71830,One9 #1330,"I-40/US-63, EXIT 216 & US-49",Brinkley,AR,34.87812,-91.1886,3.199
71831,Loves Travel Stop #865,"I-35, Exit 186",Perry,OK,36.28747,-97.28418,3.389
71832,SHEETZ #753,SR 3,Seville,OH,41.02273,-81.8562,3.0823
71833,Circle K #2706636,US HWY 43,Jackson,AL,31.5131,-87.86719,3.899
71835,CUZZS TRAVEL DEPOT,US 43 N,Thomasville,AL,31.90673,-87.75984,3.599
71836,DUCK THRU FOOD STORE #59,US 13 EXIT 119,Greenville,NC,35.6594,-77.3974,3.499
71837,RUTTERS #86,"US-15, EXIT 17 & SR-26",Frederick,MD,39.40823,-77.40087,3.899
71838,RUTTERS #24,SR-74 & SR-2069,Brogue,PA,39.88304,-76.48824,4.099
71839,RUTTERS #92,US-222 & SR-737,Kutztown,PA,40.52135,-75.77739,3.699
71840,NEON MARKETPLACE,"SR-79, EXIT 10",Fall River,MA,41.71822,-71.13999,3.949
71841,Quick Fuel #3193,US-69,Kansas City,KS,39.11573,-94.62714,3.3457
71844,HD EXPRESS MART,US 20,Clyde,OH,41.3024,-82.99185,3.379
71845,ALLSUPS #2424,US 180,Millsap,TX,32.67002,-97.87839,2.984
71848,CLIFTON SUPER STOP,"I-16, EXIT 104",Metter,GA,32.40103,-82.06072,3.249
71849,TOOT N TOTUM #128,I-40 EXIT 57,Amarillo,TX,35.20324,-101.84205,3.089
71850,CEDAR GROVE OASIS,"I-43, Exit 113",Cedar Grove,WI,43.57508,-87.84011,3.239
71851,PWI #164,I-35/US-77 & FM-3115,Abbott,TX,31.89164,-97.06715,2.8923
71852,KWIK TRIP #1164,US-63,Spooner,WI,45.85047,-91.91555,3.599
71853,Landmark Travel Center,I-20 EXIT 301,Clyde,TX,32.38029,-99.51844,2.9007
71854,EXXON DBA Pilot #1289,US 75 EXIT 72,Denison,TX,33.74501,-96.54957,3.239
71855,BYRNE DAIRY #136,I-90 Exit 37,Liverpool,NY,43.10992,-76.187,3.659
71856,GO TIME #7,"I-75, EXIT 29",Corbin,KY,36.93443,-84.10208,2.999
71857,QUIKTRIP #1196,"I-20, EXIT 11 & SR-144",Graniteville,SC,33.56302,-81.81469,3.159
71858,QUIKTRIP #7224,"I-20, EXIT 112",West Monroe,LA,32.53173,-92.17597,2.8923
71859,ALLSUPS #2415,SR 6,Meridian,TX,31.92902,-97.64433,2.9657
71860,PILOT #1347,"I-59, EXIT 5A",Pearl River,LA,30.39445,-89.77315,3.164
71862,Loves Travel Stop #863,I-90 & SR-528,Madison,OH,41.80537,-81.05882,3.849
71864,MPC #30,"I-44, Exit 195",Saint James,MO,38.00562,-91.60756,2.9857
71865,RACETRAC #574,"I-30, EXIT 68",Rockwall,TX,32.93111,-96.45944,2.924
71866,RACETRAC #2615,"I-65, EXIT 128",Louisville,KY,38.2435,-85.7639,2.919
71867,HOLIDAY STATIONSTORE #2653855,US-12,Aberdeen,SD,45.46611,-98.48564,3.1073
71868,RACETRAC #2456,SR-44 & CR-491,Lecanto,FL,28.9303,-82.4905,3.3157
71869,PORT FUEL CENTER,"I-516, EXIT 7B & SR-21",Port Wentworth,GA,32.06763,-81.10239,3.1823
71870,Circle K #2706479,US-280,Sylacauga,AL,33.17168,-86.27126,3.799
71871,KWIK TRIP #1133,US-10 & SR-85,Durand,WI,44.63004,-91.92948,3.4307
71872,KWIK STAR #1189,"I-80, EXIT 110",De Soto,IA,41.53328,-94.02758,3.224
71873,KWIK TRIP #1182,"I-35E, EXIT 123B",Hugo,MN,45.1628,-93.00349,3.3773
71874,Rutters #85,I-76 & US-30,Bedford,PA,39.99084,-78.52607,4.099
71875,LOVES TRAVEL STOP #615,US-59 & US-79,Carthage,TX,32.15438,-94.35272,3.1023
71876,LOVES TRAVEL STOP #861,"I-75, EXIT 72 & SR-72",Loudon,TN,35.72921,-84.34362,3.5873
71877,LOVES TRAVEL STOP #859,"I-80, EXIT 116 & US-6",Morris,IL,41.36723,-88.41777,3.789
71878,LOVES TRAVEL STOP #872,SR-78 & CR-27,Lancaster,OH,39.7187,-82.60307,3.2757
71879,Gas N Wash Schoolhouse,FM-74,New Lenox,IL,41.5067,-87.96308,3.699
71883,QUIKTRIP #4178,SR-130,Hutto,TX,30.52573,-97.5672,2.9157
71886,QUIKTRIP #7136,US-17,Brunswick,GA,31.16965,-81.49304,3.074
71887,SHELL,I-80 & SR-63,Greenwood,NE,40.97064,-96.42584,3.399
71888,KJS ALPINE,US HWY 26,Alpine,WY,43.17528,-111.03389,3.799
71889,Payson Cardlock,SR 260 & SR 87,Payson,AZ,34.21978,-111.28777,3.709
71890,Carter Flagstaff Cardlock (Bulk Plant),I-40 Exit 198,Flagstaff,AZ,35.18591,-111.66198,3.689
71892,Tropic Fleet Bradenton Cardlock,US 301,Bradenton,FL,27.50278,-82.51389,3.499
71893,Tropic Fleet Rechtien Cardlock,SR-934,Miami,FL,25.779,-80.1982,3.471
71894,Majors 663 Nacogdoches Truck Plaza,US-259 & US-59,Nacogdoches,TX,31.61853,-94.65109,3.029
71897,ONE9 XPRESS FUEL #1349,I-10 EXIT 140B,Van Horn,TX,31.04288,-104.83225,3.459
71898,Loves Travel Stop #867,I-55 Exit 165,Normal,IL,40.51245,-88.98829,3.389
71899,LOVES TRAVEL STOP #882,US-61/SR-92,Muscatine,IA,41.43038,-91.05093,3.439
71902,MURPHY EXPRESS #8928,FM-1472,Laredo,TX,27.51554,-99.49858,2.8457
71903,ALLSUPS #2412,SR 199 W,Springtown,TX,32.96602,-97.63495,2.919
71904,SHEETZ #745,I-90 EXIT 212,Madison,OH,41.80537,-81.05882,3.0823
71906,COMPASS TRAVEL CENTER,"I-65, EXIT 230",Demotte,IN,41.17132,-87.24913,3.2423
71909,RACETRAC #2604,I-75 Exit 126,Mcdonough,GA,33.45056,-84.15833,3.199
71910,KWIK TRIP #793,"I-35, EXIT 59",Faribault,MN,44.29446,-93.28179,3.424
71911,MAVERIK COUNTRY STORE #706,SR-10,Castle Dale,UT,39.21222,-111.01889,3.439
71912,FUEL CITY WYLIE,SR-78,Wylie,TX,33.0041,-96.53938,2.9657
71913,Circle K #4702456,I-69,Martinsville,IN,39.44765,-86.42901,3.599
71914,HUCKS FOOD & Fuel #309,I-169 Exit 8,Hopkinsville,KY,36.86205,-87.48515,3.474
71916,Spinx 317,US-17 ALT,Moncks Corner,SC,33.16307,-80.03658,3.3123
71919,THE SPORTSMAN 2 TRAVEL PLAZA,I-35 EXIT 480,Sanger,TX,33.35627,-97.18143,2.9757
71922,Plaza of The Flint Hills,I-70 Exit 32B,Alma,KS,39.00921,-96.29232,3.299
71923,SHEETZ #740,US-23 & SR-752,Ashville,OH,39.73158,-82.94457,3.1023
71924,JIFFY,I-80 Exit 60,Shippenville,PA,41.24749,-79.4332,4.1323
71925,QUIKTRIP #7140,"I-24, EXIT 175 & US-41",Chattanooga,TN,35.0455,-85.3081,2.9157
71926,QUIKTRIP #186,SR-150,Grandview,MO,38.88194,-94.52054,3.199
71927,Allsups Convenience #2420,US 283,Altus,OK,34.64841,-99.32048,2.979
71929,STUCKEYS TRAVEL CENTER,I-10 & FM-365,Beaumont,TX,30.06881,-94.1039,2.824
71931,QUIKTRIP #7071,I-75 & SR-133/401,Valdosta,GA,30.81058,-83.27717,3.0323
71932,MCCLURE OIL #60,US 35,Logansport,IN,40.76038,-86.35989,3.799
71933,RHODES CONVENIENCE STORES,US-62,Sikeston,MO,36.89111,-89.58197,3.3507
71934,SHEETZ #759,I-71 & SR-734,Jeffersonville,OH,39.65896,-83.56873,3.0657
71935,SPEEDWAY #1695,I-87 EXIT 23,Albany,NY,42.6525,-73.7566,3.849
71936,QUIKTRIP #7907,I-44 EXIT 1D,Wichita Falls,TX,33.90528,-98.49765,2.859
71937,KWIK TRIP #1173,CR-10,Waconia,MN,44.85103,-93.7784,3.6073
71941,RACETRAC #2628,I-85 EXIT 62 & US-280,Opelika,AL,32.62777,-85.35863,2.999
71942,BYRNE DAIRY #135,I-81 & SR-481,Liverpool,NY,43.10992,-76.187,4.199
71943,DK #11823,I-20 & FM-1768,Midland,TX,31.98964,-102.06261,2.9823
71944,DK #13903,SR-108,Texarkana,AR,33.44167,-94.0375,3.0407
71945,DK #13904,I-40 EXIT 233 & SR-261,Palestine,AR,34.96635,-90.90493,3.0157
71946,Allsups #102450,US-87,Eden,TX,31.21922,-99.84066,3.179
71947,PETRO USA,I-76 EXIT 2 & SR-3,Seville,OH,41.02273,-81.8562,3.079
71948,19 AND 75 FILLING STATION,US-75 & SR-19,Ivanhoe,MN,44.50712,-96.22606,3.394
71949,24 STORE SHELBY,SR-61,Shelby,OH,40.87843,-82.65495,3.499
71950,77/36 DUCHESS,I-77 & US-36,Newcomerstown,OH,40.2739,-81.59397,3.299
71951,7-ELEVEN #39448,I-81 & SR-682,Mount Crawford,VA,38.34566,-78.89568,3.3157
71953,ALEX'S TRUCK STOP,US-61,Tunica,MS,34.68836,-90.36852,3.299
71957,B&M Quickstop,SR-8,Mineral Point,MO,37.91555,-90.71932,3.699
71958,BELL STORES,I-77 & CR-80,Dover,OH,40.53434,-81.47632,3.399
71960,BELL STORES #1159,US-30 & CR-144,Wooster,OH,40.80935,-81.94827,3.659
71961,BELL STORES #54,US-250 & SR-241,Mount Eaton,OH,40.69444,-81.70333,3.499
71962,BELLSTORES,SR-598,Galion,OH,40.73032,-82.79394,3.499
71965,CIRCLE K #2709989,US-167 & CR-405,Sheridan,AR,34.31653,-92.36571,3.599
71966,BLACK DIAMOND TRAVEL CENTER,I-26 & SR-173,Unicoi,TN,36.20658,-82.32196,3.4023
71967,BLOC STOP TRAVEL CENTER,US-19 & SR-133,ALBANY,GA,31.56778,-84.16192,3.799
71968,BLONDIES FOOD AND FUEL,US-90 & SR-69,Grand Ridge,FL,30.71483,-85.02095,3.5907
71969,BORDERVIEW GROCERY,US-11 & CR-19,Champlain,NY,44.97729,-73.4466,3.799
71970,BLUE BIRD 3 EXPRESS,"US-78, EXIT 1",Olive Branch,MS,34.94414,-89.85443,3.199
71971,BOUND BROOK BP,I-287 Exit 13B & SR-28,Bound Brook,NJ,40.56811,-74.53973,3.249
71972,BOWMAN,I-81 Exit 1,Williamsport,MD,39.59302,-77.80871,3.8323
71973,SHEETZ #703,I-40 & US-70,Garner,NC,35.68125,-78.59753,2.859
71975,BP,I-81 & SR-177,Christiansburg,VA,37.12972,-80.40917,3.799
71976,Loves Travel Stop #828,"I-295, EXIT 33",Jacksonville,FL,30.3163,-81.4175,3.2823
71977,BP,SR-47,Sugar Grove,IL,41.77411,-88.43972,3.599
71978,BP,I-29 & US-34,Pacific Junction,IA,41.02712,-95.80464,3.399
71979,KENT KWIK #219,SR-338,Odessa,TX,31.8465,-102.3663,3.0073
71980,KENT KWIK #433,US-87,San Angelo,TX,31.47817,-100.48175,3.1323
71981,SHEETZ #488,US-13 & US-264,Greenville,NC,35.6594,-77.3974,2.899
71982,MAVERIK COUNTRY STORE #665,SR-201,Magna,UT,40.70088,-112.08087,3.399
71983,MAVERIK COUNTRY STORE #702,I-80 Exit 59,Sidney,NE,41.14278,-102.9775,3.1123
71984,BP,I-43 & SR-11,Elkhorn,WI,42.70093,-88.54621,3.149
71985,Brew #12,US-20 & SR-31,Correctionville,IA,42.47432,-95.78038,3.559
71988,C AND W GLOBAL,SR-429 & SR-438,Winter Garden,FL,28.4867,-81.6051,3.074
71990,Allsups #2418,US-84,Snyder,TX,32.71511,-100.90748,2.9723
71991,TA Express Fairview #943,US 36,Fairview,KS,39.8445,-95.71101,3.299
71992,7-ELEVEN #41263,US-13,Bridgeville,DE,38.73663,-75.60877,3.399
71994,7-ELEVEN #42058,SR-572,Lakeland,FL,28.03813,-81.93915,3.4823
71995,Chevron,"I-40, EXIT 218 & US-285",Clines Corners,NM,35.00944,-105.66861,3.4157
71996,BP,"I-43, EXIT 164 & CR-Z",Maribel,WI,44.28515,-87.80548,3.249
71997,7-ELEVEN #41287,SR-29,Immokalee,FL,26.3751,-81.3678,3.679
71999,7-ELEVEN #41813,"I-85, EXIT 60",Duncan,SC,34.91765,-82.12582,3.099
72000,7-ELEVEN #41309,US-41,Nokomis,FL,27.11889,-82.44444,3.379
72001,7-Eleven #41963,"I-65, EXIT 98",Goodlettsville,TN,36.32306,-86.71333,3.049
72003,7-ELEVEN #42012,"I-77, EXIT 24 & US-21",Blythewood,SC,34.19111,-80.97576,3.109
72004,7-ELEVEN #41578,US-13,Seaford,DE,38.64036,-75.60412,3.359
72006,CIRCLE K #4707123,SR-2,Canaan,ME,44.74498,-69.54978,3.759
72008,CASHS #4469,US-278 & US-63,Warren,AR,33.61398,-92.07782,3.499
72009,CEFCO #1059,SR-274,Kemp,TX,32.36915,-96.25777,2.909
72011,CEFCO #107,US 190,Lampasas,TX,31.06796,-98.18336,2.899
72012,CEFCO #108,US-77,Waco,TX,31.55245,-97.13961,2.9923
72013,CEFCO #1081,US-59,Queen City,TX,33.18736,-94.15483,3.024
72014,CEFCO #1086,US-259,Longview,TX,32.52685,-94.72328,2.959
72015,CEFCO #1096,US-82,Paris,TX,33.65808,-95.53788,2.9657
72016,Cefco #11,US-84,Waco,TX,31.55245,-97.13961,2.9957
72017,CEFCO #1102,SR-24 & SR-286,Paris,TX,33.65808,-95.53788,2.9657
72018,CEFCO #2071,US-377 & FM-381,Early,TX,31.74194,-98.94528,2.9257
72019,CEFCO #2081,US-84,Post,TX,33.2017,-101.39216,2.9423
72020,CEFCO #2082,SR-206 & SR-36,Cross Plains,TX,32.14816,-99.18718,3.159
72021,CEFCO #30,US-77 & SR-320,Lott,TX,31.19246,-97.05814,3.011
72022,CEFCO #65,US-84 & FM-116,Gatesville,TX,31.44765,-97.72429,2.9657
72024,CENEX,US-2,Stanley,ND,48.31919,-102.3928,3.5823
72025,CENEX,US-2,Devils Lake,ND,48.11316,-98.86159,3.2407
72026,CENEX,"I-94, EXIT 84 & SR-8",Richardton,ND,46.84261,-102.292,3.509
72028,CENEX,US-52 & SR-15,Fessenden,ND,47.62864,-99.64336,3.531
72029,CENEX,SR-40,Tioga,ND,48.39201,-102.96128,3.5757
72030,CENEX,I-90 & SR-51,Gillette,WY,44.28201,-105.49744,3.489
72031,CENEX HARWOOD,"I-29/US-81, EXIT 72",Harwood,ND,46.9965,-96.90097,3.359
72033,CHARLIE BS,SR-246,Greenwood,SC,34.1758,-82.15621,2.987
72034,CHARLIES MARKET,SR-172,Salt Lake City,UT,40.75585,-111.89666,3.459
72038,CHEVRON,I-55 & SR-570,McComb,MS,31.22159,-90.43245,3.2823
72039,CHEVRON,SR-20 & SR-65,Hosford,FL,30.36388,-84.80543,3.299
72041,CHEVRON,SR-20 & SR-71,Blountstown,FL,30.4394,-85.06202,3.299
72044,Maverik Country Store #709,I-40 Exit 163,Williams,AZ,35.24984,-112.19062,3.219
72045,MAVERIK COUNTRY STORE #710,US-6,Helper,UT,39.67368,-110.856,3.4457
72046,CHEVRON DBA ONE9 #1429,US-30 & US-95,Fruitland,ID,44.00266,-116.91426,3.349
72054,CHEVRON,US-45,Guntown,MS,34.42988,-88.70106,3.299
72060,CHEVRON FOOD MART #20,US-45 & SR-16,Scooba,MS,32.8402,-88.48827,3.199
72063,CIRCLE K #2655785,US-301,Upper Marlboro,MD,38.83772,-76.79803,3.999
72066,CIRCLE K #2741094,SR-46,Seguin,TX,29.56132,-97.9628,2.959
72067,CIRCLE K #2741822,US-90 & FM-471,Castroville,TX,29.35532,-98.88239,2.9123
72071,7-Eleven #42182,Ashley Phosphate Rd & Cross Country Rd,North Charleston,SC,33.0562,-80.0759,3.459
72072,PARKERS #92,SR 17,Guyton,GA,32.31399,-81.38959,2.999
72073,CIRCLE K #2723791,I-85 & SR-54,Graham,NC,36.03097,-79.38138,3.609
72074,CIRCLE K #2741566,US-84 & FM-2837,Woodway,TX,31.50507,-97.23106,2.999
72075,CITGO SAMS FOOD STORE,"US-5, Exit 87",Hartford,CT,41.7636,-72.6855,3.499
72077,COLDWATER TRAVEL CENTER,I-55 & SR-306,Coldwater,MS,34.69236,-89.98688,3.099
72078,STRIPES #42150,"I-69C, Exit 9 & US-281",Edinburg,TX,26.30422,-98.15692,3.0057
72080,Corner Store,US-180/62,Seminole,TX,32.72104,-102.68276,3.129
72081,STRIPES #2146,US-181 & SR-361,Ingleside,TX,27.86824,-97.20691,3.299
72082,COUNTRYMARK,SR-124,Bluffton,IN,40.73684,-85.1622,3.7657
72083,DANDY DANS,US-49/SR-42,Hattiesburg,MS,31.31455,-89.30647,3.0657
72084,DANDY MINI MART #60,US-6 & SR-14,Troy,PA,41.77815,-76.77114,3.999
72086,DELT EXPRESS,SR-52,SAMSON,AL,31.10492,-86.06742,3.699
72087,DELTA,US-9,Jersey City,NJ,40.7164,-74.038,3.239
72089,CASEYS #4567,SR-55,Columbia,KY,37.11641,-85.26927,3.159
72090,DOMINO #128,US-81 & SR-66,El Reno,OK,35.53347,-97.95909,3.199
72091,DUCK THRU FOOD STORE #54,US-64,Columbia,NC,35.90566,-76.23448,3.523
72092,DUCK THRU FOOD STORE #57,SR-42/SR-43,Pinetops,NC,35.81961,-77.69195,3.574
72096,EXPRESS #29,SR-29,East Dublin,GA,32.5475,-82.86833,3.6323
72097,EXPRESSWAY SERVICE STATION,US-287 & SR-25,Electra,TX,34.03623,-98.91545,2.999
72100,Exxon,"I-22/US-78, Exit 10 & SR-178",Byhalia,MS,34.88535,-89.67633,3.199
72101,EXXON,US-24,Redford,MI,42.37555,-83.28895,3.699
72104,LOVES TRAVEL STOP #170,I-44 EXIT 166 & SR-18,CHANDLER,OK,35.70425,-96.85827,3.0873
72105,LOVES TRAVEL STOP #171,SR-375 & SR-31,McAlester,OK,34.92623,-95.75917,3.4373
72106,Loves Country Store #118,US-77 & SR-29,Wynnewood,OK,34.63847,-97.17695,2.989
72108,FARMERS UNION OIL OF CARPIO,US-52 & SR-28,Carpio,ND,48.4323,-101.71194,3.384
72110,FAST STOP,US-84 & CR-1800,Lubbock,TX,33.58653,-101.86063,2.999
72111,FAST STOP,"I-40, Exit 81 & FM-1912",Amarillo,TX,35.20324,-101.84205,2.944
72112,Flyers #3219,US-60,Claypool,AZ,33.41111,-110.84194,3.849
72113,Food N Fuel,US-6 & CR-4,New Lenox,IL,41.5067,-87.96308,3.399
72114,Gas  House,"I-77, Exit 49B",Statesville,NC,35.8381,-80.8842,3.424
72115,FRIENDSHIP FOOD & FUEL,SR-15 & CR-244,Ecru,MS,34.33711,-88.95596,3.799
72116,FRIENDSHIP FOOD MART #90,I-90 & SR-57,Elyria,OH,41.37235,-82.10509,3.779
72118,GAS N WASH,I-355 & SR-7,HOMER GLEN,IL,41.6,-87.93806,3.599
72119,Gas N Wash Cicero,SR-50,Berwyn,IL,41.84182,-87.79075,3.569
72120,GAS PRO TRAVEL CENTER,US-301/25,Statesboro,GA,32.44084,-81.77396,3.129
72122,KWIK TRIP #1115,US-63 & US-8,Turtle Lake,WI,45.42135,-92.17814,3.6557
72124,GET GO #3016,I-376 & SR-18,Monaca,PA,40.67185,-80.29174,5.499
72125,GETGO #7520,I-65 & US-31,Edinburgh,IN,39.3626,-85.97071,3.359
72126,GETGO #7526,I-69 & SR-332,Yorktown,IN,40.18358,-85.49599,3.343
72128,GETGO #7545,I-65 & SR-400,Whitestown,IN,40.00002,-86.35072,3.3023
72130,GILBERTS SHELL,SR-72 & CR-59,Gilberts,IL,42.09838,-88.36909,3.279
72132,GO TIME 4,I-64 Exit 94 & SR-1958,Winchester,KY,37.98716,-84.17889,2.9073
72134,Gulf,US-422 & SR-528/168,Parkman,OH,41.37056,-81.06528,3.649
72136,HANA TRAVEL CENTER,"I-30, EXIT 153 & SR-185",Winfield,TX,33.1615,-95.07898,3.079
72139,HOLMES EXPRESS,US-78 & SR-175,Memphis,TN,35.0337,-89.9343,3.399
72142,CASEYS #3990,"I-90E, exit 96 and SR-17",Elkhart,IN,41.71008,-85.97295,3.629
72143,Caseys #4023,US 36 & US 183,Phillipsburg,KS,39.76233,-99.33284,3.2923
72144,HUCKS FOOD & FUEL #397,US-68 & SR-432,Bowling Green,KY,37.00787,-86.45589,3.499
72145,JP ZEBULON,US-19,Zebulon,GA,33.10023,-84.31083,3.135
72146,HUTTER'S,SR-72,Jonestown,PA,40.43607,-76.50384,3.719
72148,IRON HORSE TRAVEL CENTER,I-20 EXIT 270 & FM-1235,Merkel,TX,32.44437,-99.99244,2.8757
72149,IVOR MART,US-460,Hopewell,VA,37.28758,-77.29501,3.699
72150,J AND R MARKET,SR-105 & SR-326,Sour Lake,TX,30.14913,-94.37334,3.159
72153,Jet Food Store,SR-15 & SR-46,Soperton,GA,32.38686,-82.5871,3.4157
72154,JET FOOD STORE #93,US-280 & SR-135,Vidalia,GA,32.19341,-82.40672,3.4323
72155,JIFFY TRIP #142,US-77,Newkirk,OK,36.88743,-97.05133,3.059
72156,JORDANS KWIK STOP #5,US-412,Portia,AR,36.0807,-91.068,3.3757
72157,JORDANS KWIK STOP #52,US-67 & SR-304,Pocahontas,AR,36.28288,-90.99678,3.3123
72160,KENJO MARKET #52,US-321,Maryville,TN,35.78245,-83.91454,3.249
72162,Krazy K's,US-45,Buckatunna,MS,31.50798,-88.52573,3.149
72163,KWIK FILL,US-206,Hillsborough,NJ,40.4775,-74.62722,3.399
72170,STRIPES # 41977,"I-2, EXIT 168",La Feria,TX,26.16656,-97.82612,3.219
72171,LAWTEY SHELL SERVICE,US-301,Lawtey,FL,30.04716,-82.10554,3.599
72175,ALLSUPS #2410,"I-35/US-77, EXIT 368 & SR-22",Whitney,TX,31.9592,-97.33495,2.9657
72180,LITTLEFIELD EXPRESS #4,I-40 Exit 321,Muldrow,OK,35.40199,-94.63322,3.419
72181,LITTLEFIELD EXPRESS #7,US-167,Cave City,AR,35.95168,-91.54443,3.349
72182,LULING MINI MART,I-10 Exit 628 & SR-80,Luling,TX,29.68262,-97.64995,2.9657
72184,MACS 33,US-49,Florence,MS,32.153,-90.12167,2.899
72185,Circle K #2709332,US-231/SR-53,Montgomery,AL,32.3743,-86.3118,3.259
72188,MARATHON,US-61 & SR-637,Reserve,LA,30.06026,-90.55177,3.749
72189,MARATHON,I-75 & CR-20,Middletown,OH,39.53212,-84.3896,3.2157
72190,Minuteman Food Mart #37,US-74,Leland,NC,34.26795,-78.05782,3.389
72191,MARATHON RIVERSIDE GAS,I-80 & CR-6,Elkhart,IN,41.71008,-85.97295,3.499
72192,MASSEY FUEL,"I-95, EXIT 30",Bridgeport,CT,41.1669,-73.2052,3.399
72193,MERRIMAN COUNTRY STORE,SR-1 & CR-3700,Allen,OK,34.85018,-96.55846,3.099
72194,Mobil,I-57,Riverdale,IL,41.6503,-87.6319,3.699
72195,MOBIL,US-46,Columbia,NJ,40.93881,-75.05498,3.079
72196,MORGAN OIL,US-224 & CR-231,Lowellville,OH,41.05026,-80.54155,3.399
72197,MOTOMART #3369,SR-370 E,Saint Charles,MO,38.80142,-90.5065,3.0423
72199,MPC #99A,I-270 Exit 22B,Hazelwood,MO,38.78088,-90.36692,3.059
72200,Swift Mart,I-55/SR-7 & US-51,Grenada,MS,33.77509,-89.80874,3.3657
72201,MUDD CREEK COUNTRY STORE,US-79,Franklin,TX,31.03501,-96.44264,3.194
72202,MUSTANG MARKET,I-80 Exit 73,Sparks,NV,39.54725,-119.75559,4.199
72205,NIC'S,SR-97,Bainbridge,GA,30.9355,-84.5809,3.379
72206,NORTHLAKE BP,I-294 & US-45,Melrose Park,IL,41.90035,-87.85807,3.599
72207,NZT,I-294,Alsip,IL,41.6723,-87.7339,3.389
72210,CITGO,US-70,Princeton,NC,35.45583,-78.16737,3.699
72212,PARKERS #72,US-52 & SR- 402,Moncks Corner,SC,33.16307,-80.03658,3.2557
72215,PIT STOP #1,SR-31 & SR-34,Weedsport,NY,43.04888,-76.5425,3.899
72216,Pit Stop #14,US-20/US-16,Worland,WY,44.0138,-107.95626,3.829
72217,PIEDMONT PETROLEUM,US-501,Lynchburg,VA,37.38623,-79.17146,3.459
72219,QUICK FILL,US-78/SR-4,Eastaboga,AL,33.60313,-85.96075,3.099
72222,RAINY LAKE OIL,CR-332 & CR-24,International Falls,MN,48.5834,-93.40609,3.379
72224,RAYMOND TRUCK STOP,US-1/US-9,Newark,NJ,40.7308,-74.1744,3.259
72225,SHEETZ #144,US-220 & SR-55,Moorefield,WV,39.05681,-78.97793,3.289
72226,REBEL GAS MART,SR-7,Oxford,MS,34.35435,-89.49692,3.049
72227,RED BANKS VALERO,I-22 & SR-178,Red Banks,MS,34.87504,-89.51984,2.999
72228,REFUEL #1043,US-15,Sumter,SC,33.9282,-80.32101,3.0957
72229,REFUEL #1047,US-521,Sumter,SC,33.9282,-80.32101,3.0057
72230,REFUEL #1116,US-64,Apex,NC,35.7225,-78.84082,3.799
72231,RENO JUNCTION TRAVEL PLAZA,SR-59 & SR-387,Wright,WY,43.82935,-105.53233,3.509
72232,RICKY ROCKETS FUEL,I-294 & US-12,HICKORY HILLS,IL,41.72623,-87.82889,3.899
72233,ROAD RANGER #284,I-27 & FM-1729,New Deal,TX,33.73722,-101.83611,2.9857
72235,ROC ONE STOP #1,SR-34,Galatia,IL,37.82744,-88.62349,3.559
72236,ROYAL FARMS #108,US-13,Cape Charles,VA,37.27987,-75.97213,3.4723
72237,ROYAL FARMS #135,SR-404 & SR-16,Denton,MD,38.87793,-75.83607,3.339
72238,ROYAL FARMS #169,I-895 & US-40,Baltimore,MD,39.17185,-76.64829,3.259
72239,ROYAL FARMS #171,US-13 & SR-24,Laurel,DE,38.55369,-75.56305,3.259
72240,ROYAL FARMS #191,I-83 Exit 20A,Hunt Valley,MD,39.50262,-76.65984,4.199
72241,ROYAL FARMS #242,I-95 Exit 27,Philadelphia,PA,39.865,-75.2752,3.799
72242,ROYAL FARMS #311,SR-7 & SR-43,Nottingham,MD,39.39141,-76.48711,3.269
72243,Racetrac #2611,"I-65, EXIT 116",Shepherdsville,KY,38.00451,-85.68877,2.959
72247,SEVEN MART,I-20 & SR-17,Delhi,LA,32.45043,-91.51249,3.199
72248,SHELBY EXPRESS,SR-175,Memphis,TN,35.0337,-89.9343,3.699
72250,RACEWAY #6854,US-278 & SR-113,Rockmart,GA,33.99791,-85.05937,3.1723
72251,SHELL,I-94 & US-12,Detroit,MI,42.34743,-83.0604,3.699
72256,SHELL,US-1,Warren,ME,44.12707,-69.24789,3.999
72257,DUCK THRU #55,US-13BYP & SR-308,Windsor,NC,36.01588,-76.93361,3.239
72259,SHELL,SR-72 & SR-25,Dundee,IL,42.0962,-88.2902,3.279
72260,Duck Thru #58,US-13 & CR-677,Suffolk,VA,36.86682,-76.55981,3.449
72261,SHELL,US-45 & CR-520,Shannon,MS,34.12103,-88.73421,3.199
72262,7-ELEVEN #38855,"I-95, exit 58",Colonial Heights,VA,37.26997,-77.40383,3.509
72263,SPARTAN FUELS,US-80 & SR-22,Columbus,GA,32.47304,-84.97946,3.309
72264,CIRCLE K #2654249,SR 24 & SR 286,Paris,TX,33.65808,-95.53788,2.959
72266,SHELL SERVICE STATION,I-65 Exit 14 & US-64,Pulaski,TN,35.20927,-87.03926,3.209
72267,SHELL SERVICE STATION,I-90 Exit 52,Elgin,IL,42.03836,-88.26063,3.279
72268,SHORT STOP,US-67/283,Santa Anna,TX,31.72148,-99.3212,3.499
72273,SPINX #341,SR-41,Charleston,SC,32.96222,-79.86533,3.3323
72274,SPINX #366,SR-642,Summerville,SC,33.02804,-80.17385,3.279
72276,STAR 001,US-20 & SR-23,SOUTH BEND,IN,41.6727,-86.25349,3.7323
72277,STOP N GAS,SR-15 & SR-39,Yorkshire,NY,42.53,-78.47306,4.099
72278,SUN DO,I-74 Exit 197,Maxton,NC,34.73344,-79.30973,3.439
72279,AMOCO,US-30,Clarence,IA,41.88958,-91.06046,3.399
72281,SUNOCO,I-95 Exit 77B & SR-24,Edgewood,MD,39.42773,-76.30555,3.299
72282,SUNOCO,I-278 Exit 48,Bronx,NY,40.8222,-73.92173,4.539
72285,CUSSETA TRAVEL CENTER,SR 520,Cusseta,GA,32.29903,-84.76454,3.199
72287,CASEY'S #4522,US-81,Hennessey,OK,36.08685,-97.8926,3.059
72288,S&G #88,I-475 Exit 13 & US-20,Toledo,OH,41.642,-83.5438,3.009
72289,SUNOCO,SR-12 & FM-1136,Orange,TX,30.12517,-93.77188,2.899
72290,SUNSTOP,US-19,Thomasville,GA,30.8665,-83.9233,3.2823
72291,Union 76,US-129,Mc Alpin,FL,30.1509,-82.96618,3.659
72292,SUNSTOP #336,SR-121 & CR-18,Lake Butler,FL,30.00349,-82.3828,3.5923
72293,SUNSTOP INLAND DBA ONE9 #1402,I-10 & SR-71,Marianna,FL,30.75859,-85.22937,3.299
72294,SWANTON SUNOCO,I-89 & SR-78,Swanton,VT,44.91675,-73.12112,3.539
72295,SWIFT,US-69,Nederland,TX,29.97161,-94.00119,2.9857
72296,SWIFT STOP #5,US-84 & US-380,Post,TX,33.2017,-101.39216,2.943
72297,T & M FOOD STORE,SR-113,Taylorsville,GA,34.12294,-84.97386,3.367
72298,TARZAN AND JANE,I-20 & SR-137,Stanton,TX,32.13999,-101.80989,3.299
72302,TEXACO,SR-114 & SR-156,Pennington,AL,32.22624,-88.0931,3.1973
72303,TEXACO #378602,I-59 Exit 85 & SR-590,Ellisville,MS,31.57966,-89.22307,3.199
72305,THE ANCHOR,US-60 & CR-3500,Mountain View,MO,36.9892,-91.70994,3.0323
72308,Racetrac #2609,SR-60,Okeechobee,FL,27.31153,-80.84785,3.299
72309,Racetrac #2608,"I-59, EXIT 181 & SR-77",Gadsden,AL,33.99725,-86.01028,2.999
72310,RACETRAC #2387,US-19,Hudson,FL,28.36476,-82.67567,3.3157
72313,THOMPSON'S CORNER,US-25,Millen,GA,32.78774,-81.96181,3.3157
72314,THORNTONS #0333,SR-59 & SR-56,Warrenville,IL,41.82805,-88.19213,3.549
72315,THORNTONS #221343,US-14 & SR-31,Crystal Lake,IL,42.2662,-88.32129,3.449
72316,THORNTONS #221344,SR-120,Mchenry,IL,42.3334,-88.2668,3.649
72317,THORNTONS #261169,SR-1747 & SR-2052,Louisville,KY,38.2435,-85.7639,3.2807
72318,THORNTONS #330,I-55 & SR-50,Cicero,IL,41.84556,-87.75389,3.549
72319,THORNTONS #5,I-55 & SR-50,Cicero,IL,41.84556,-87.75389,3.599
72320,THORNTONS #616,SR-265,Lebanon,TN,36.20979,-86.30237,2.8757
72321,Thorntons #617,I-24 Exit 64,La Vergne,TN,36.01271,-86.55997,2.8823
72324,TREE CITY TRAVEL PLAZA,US-421,Greensburg,IN,39.33122,-85.47353,3.989
72325,TREX MART #17,I-29 & SR-371,Platte City,MO,39.36017,-94.78897,2.999
72326,CIRCLE K #4700101,I-65 Exit 50,Seymour,IN,38.95713,-85.88248,3.499
72328,Tropic Fleet Hialeah Cardlock,SR-953 & SR-934,Miami,FL,25.779,-80.1982,3.479
72329,TROTTERS,SR-2,Broken Bow,NE,41.41259,-99.63545,3.299
72330,TRUE NORTH #325,SR-57 & SR-113,Elyria,OH,41.37235,-82.10509,3.679
72331,TUPELO TRAVEL STOP,SR-48 & SR-3,Tupelo,OK,34.55981,-96.42736,2.999
72332,TXB #82 DBA KWIK CHEK FOOD STORES,US-83,Asherton,TX,28.43642,-99.74861,3.259
72333,UNITED MARKET,US-84,Blackshear,GA,31.29306,-82.26171,3.7657
72335,VALERO,US-30 & SR-598,Galion,OH,40.73032,-82.79394,3.499
72337,VALLEY COUNTRY STORE,I-84 & US-93,Jerome,ID,42.71784,-114.50124,3.4323
72338,VALLEY MART #05,US-90 & SR-173,Hondo,TX,29.35607,-99.12764,3.199
72339,VP RACING FUEL,US-231,Panama City,FL,30.16062,-85.6494,3.499
72340,WARREN OIL,US-6,Channahon,IL,41.43466,-88.21379,3.629
72342,WHITE RIVER,US-231 & SR-58,Bloomfield,IN,39.02954,-86.86755,3.759
72343,WOLF DEN,US-97,Wapato,WA,46.45066,-120.42648,3.409
72344,WOW FOOD MART,I-75 & US-25,Richmond,KY,37.7546,-84.29553,3.609
72345,YAKAMART,US-97,Toppenish,WA,46.37512,-120.33053,3.509
72346,Y-NOT STOP,US-165 & SR-10,Oakdale,LA,30.81717,-92.66396,3.699
72347,MARATHON,I-94 Exit 121,Albion,MI,42.25807,-84.75605,3.699
72348,7-ELEVEN #34718,"I-294, EXIT 25",Hinsdale,IL,41.7891,-87.94009,3.719
72349,7-ELEVEN #34713,"I-90, EXIT 24",Belvidere,IL,42.25946,-88.85094,3.659
72350,7-ELEVEN #34709,504 N CREGO RD,Dekalb,IL,41.93424,-88.76067,4.439
72351,LOVES TRAVEL STOP #874,"I-65, EXIT 175 & SR-25",Lafayette,IN,40.41774,-86.88836,3.6723
72352,LOVES TRAVEL STOP #858,"I-49, EXIT 172 & US-84",Mansfield,LA,32.02386,-93.69804,3.2457
72360,PUMP & PANTRY #22,SR-91 & SR-11,Burwell,NE,41.80798,-99.09953,3.299
72361,PUMP & PANTRY #39,I-80 Exit 179 & SR-56G,North Platte,NE,41.1326,-100.77463,3.1157
72362,PUMP & PANTRY #18,US-281 & CR-11,Doniphan,NE,40.77003,-98.37901,3.3073
72363,PUMP & PANTRY #1,US-30,Grand Island,NE,40.92186,-98.34106,3.3073
72368,CHEVRON #352416,I-8 Exit 73,Jacumba,CA,32.62493,-116.19518,6.399
72372,Eastland Truck Stop,I-20 Exit 340 & SR-6,Eastland,TX,32.39942,-98.8071,2.9323
72373,Rusty Lantern,SR-4,Turner,ME,44.25567,-70.24944,3.899
72374,Rusty Lantern,SR-26 & SR-219,West Paris,ME,44.32527,-70.57317,3.9657
72376,SUNOCO,US 84 & SR 39,Donalsonville,GA,31.04028,-84.87917,3.499
72378,EB SUNOCO,SR-3 & SR-28,Muncie,IN,40.16841,-85.38069,3.799
72380,EXXPRESS MART #12,US-287 & SR-421,Lumberton,TX,30.25306,-94.18972,2.959
72382,EXXPRESS MART #4,SR-105,Beaumont,TX,30.06881,-94.1039,3.199
72385,GAS N WASH,I-57 & SR-17,Kankakee,IL,41.11658,-87.86961,3.599
72387,Williams Fuel Stop,SR-7 & SR-735,Gallipolis,OH,38.81478,-82.22902,3.5407
72389,PILOT #1354,US 385,Odessa,TX,31.8465,-102.3663,3.5657
72390,QUIKTRIP #46,US 169 & SR 266,Tulsa,OK,36.05566,-96.06023,3.1423
72391,QUIKTRIP #56,US-169 & SR-11,Tulsa,OK,36.05566,-96.06023,3.1423
72394,LOVES TRAVEL STOP #871,"I-85, Exit 32",Piedmont,SC,34.72443,-82.47022,3.1973
72395,ALLSUPS #2427,US 84,Gatesville,TX,31.44765,-97.72429,3.0073
72396,RACETRAC #2624,US-1,Marathon,FL,24.72792,-81.03858,3.2357
72400,HAN DEE HUGOS #21,US-17 & SR-87,Winnabow,NC,34.21451,-78.05621,3.4123
72402,HAN DEE HUGOS #5,SR-410 & SR-211,Bladenboro,NC,34.56583,-78.7793,3.2057
72403,HAN DEE HUGOS #67,US-70,Raleigh,NC,35.7727,-78.63244,3.999
72408,JOURNEY FOOD STORE #2,US-301,Callahan,FL,30.55196,-81.81446,3.399
72410,KELLEYS MARKET,I-90 Exit 15 & US-20 BUS,Rockford,IL,42.29223,-89.11612,2.969
72412,KELLEYS MARKET,US-20,Cherry Valley,IL,42.22056,-88.96192,3.699
72413,TROPIC OIL COMPANY,SR-17,Lake Wales,FL,27.90373,-81.54881,3.499
72418,SHELL,SR-953,Miami,FL,25.779,-80.1982,3.479
72419,Denver 39th Ave Cardlock,I-70/US-36 EXIT-281,Denver,CO,39.84056,-105.00799,3.4907
72420,MAVERIK COUNTRY STORE #620,SR-8,Saint George,UT,37.10665,-113.59526,3.4623
72424,MIDDLESEX FOOD STORE,CR-604,Carteret,NJ,40.58228,-74.23135,3.5157
72425,MINUTEMAN FOOD MART #18,SR-87,Tar Heel,NC,34.74654,-78.81341,4.619
72428,QUIKTRIP #7249,US 80 E,Flowood,MS,32.3165,-90.1105,2.9157
72429,PARKERS #16 (DISCOUNT AVAILABLE),SR-21,Port Wentworth,GA,32.06763,-81.10239,3.1057
72430,PATRIOT FUELING CENTER,SR-9,Lineville,AL,33.32861,-85.73461,3.299
72432,Yesway #1203,SR-6,Clifton,TX,31.79969,-97.51528,2.969
72433,RENFROE STORE,SR-25,Carthage,MS,32.78863,-89.53527,4.099
72435,Cedar City Cardlock (Bulk Plant),"I-15, EXIT 59",Cedar City,UT,37.68954,-113.07451,3.459
72436,Ricky Rockets,SR-390 &SR-53,Itasca,IL,41.97197,-88.02025,3.399
72437,Tropic Oil,US-191,Moab,UT,38.56767,-109.52709,4.169
72438,QUIKTRIP #7208,I-290 EXIT 18A,Bellwood,IL,41.88248,-87.87856,3.079
72440,Rutters #84,US-15 & SR-340,Emmitsburg,MD,39.69404,-77.33566,3.9157
72441,SHEETZ #165,US-6,Coudersport,PA,41.78153,-78.00386,3.699
72442,SHEETZ #239,I-70 Exit 57,New Stanton,PA,40.22335,-79.61819,3.2857
72443,SHEETZ #553,I-81 Exit 3,Greencastle,PA,39.78183,-77.74696,3.3323
72444,SHEETZ #597,I-40 Exit 126,Hickory,NC,35.75757,-81.32886,2.859
72445,SHEETZ #639,I-80 Exit 223,Youngstown,OH,41.0986,-80.6474,3.059
72446,SHEETZ #656,US-219 & US-6,Kane,PA,41.66186,-78.79778,3.699
72447,SHEETZ #689,I-64 EXIT 197A & SR-156,Henrico,VA,37.45316,-77.4698,2.949
72448,SHELL SERVICE STATION,SR-55,Morrison,TN,35.60002,-85.88989,3.499
72456,SPINX #161,I-85 Exit 60 & SR-101,Greer,SC,34.8968,-82.26744,3.159
72458,7-ELEVEN #41335,SR-80 & SR-29,Labelle,FL,26.73209,-81.43403,3.599
72459,7-ELEVEN #34154,I-75 Exit 128,Fort Myers,FL,26.6204,-81.8725,3.299
72462,Story Belgrade Cardlock,"I-90, EXIT 298",Belgrade,MT,45.78013,-111.14393,3.699
72466,Holbrook Cardlock,I-40 EXIT 285,Holbrook,AZ,34.90845,-110.14341,3.2323
72467,SUNOCO SERVICE STATION,I-81 Exit 44 & SR-465,Carlisle,PA,40.20388,-77.19953,3.889
72468,Springerville Cardlock,US-191,Springerville,AZ,34.11933,-109.30407,3.259
72471,THORNTONS #221335,I-55 Exit 263,Bolingbrook,IL,41.69761,-88.08732,3.649
72473,Loves Travel Stop #885,US 77,Harlingen,TX,26.19514,-97.68898,3.649
72475,Express 24,SR-77 & US-60,Show Low,AZ,34.06012,-110.05463,3.299
72476,Mandan Cardlock (Bulk Plant),"I-94, EXIT 153",Mandan,ND,46.83065,-100.90918,3.599
72477,Racetrac #2618,US-231 & CR-8,Huntsville,AL,34.72687,-86.56732,2.9507
72478,Racetrac #2621,SR-53,Huntsville,AL,34.72687,-86.56732,3.099
72479,CEFCO #2086,US 180 & 84,Snyder,TX,32.71511,-100.90748,2.9657
72480,TA Mt Vernon,I-44,Mount Vernon,MO,37.10447,-93.79763,3.404
72481,CASEYS #4323,SR-57 & SR-60,Wanamingo,MN,44.31214,-92.81026,3.499
72482,RUTTERS FARM STORE #80,SR 61,Orwigsburg,PA,40.64307,-76.084,3.859
72483,Circle K #4700047,I-65 Exit 34A,Austin,IN,38.7478,-85.79619,3.799
72485,ALLSUPS CONVENIENCE STORE #2160,US 70,Roswell,NM,33.3885,-104.52586,3.2557
72486,QUIKTRIP #4216,"I-70 & SR-79, EXIT 304",Bennett,CO,39.7254,-104.42728,3.199
72487,PILOT #1380,I-2 EXIT 161,Mercedes,TX,26.15133,-97.9185,3.659
72488,MAVERIK COUNTRY STORE #657,I-15 Exit 10,Washington,UT,37.13638,-113.50504,3.4257
72489,CASEYS #3987,LINCOLN HWY,Wanatah,IN,41.38448,-86.87644,3.7157
72490,ASAP GENERAL STORE #322,US-281,Hinton,OK,35.4675,-98.33135,3.1323
72492,CIRCLE K #2709098,US 85,Greeley,CO,40.41397,-104.70476,3.2107
72493,Chiricahua Apache Plaza,I-10 EXIT 102,Deming,NM,32.23181,-107.74656,3.0373
72494,7-ELEVEN #42132,"I-35, EXIT 131",Lytle,TX,29.23657,-98.79449,3.599
72495,ROAD RANGER #286,1-40 EXIT 77,Amarillo,TX,35.20324,-101.84205,2.9723
72496,ROAD RANGER #289,I-45 EXIT 189,Teague,TX,31.63277,-96.27778,3.3957
72497,ROAD RANGER #290,"I-44, Exit 13",Joplin,MO,37.09686,-94.50514,3.2123
72498,SHEETZ  #760,"I-71, EXIT 140 Township Rd 256",Marengo,OH,40.38951,-82.81214,3.0657
72499,Bowie Travel Center Chevron dba One9 #1411,I-10,Bowie,AZ,32.32639,-109.48639,3.014
72500,GAS N WASH,US 34,Plano,IL,41.66699,-88.53838,3.499
72501,QUIKTRIP #7203,"I-80, EXIT 75 &SR-251",Peru,IL,41.33302,-89.12648,2.969
72502,QUIKTRIP #7133,"I-95, EXIT 190 & SR-34",Dillon,SC,34.41455,-79.37702,3.0823
72503,QUIKTRIP #7151,I-55/40 EXIT 278 & SR-191,West Memphis,AR,35.14844,-90.17792,2.999
72505,CASEYS #4379,I-59 HWY,Worthington,MN,43.62863,-95.60591,3.1423
72506,CASEYS #4273,SR-56,Madison,IN,38.76487,-85.40702,3.699
72507,Golden Gate Fillmore,SR 99,Fillmore,UT,38.98054,-112.33132,3.2973
72510,STUCK FLEET FUELING,US-19,Waynesburg,PA,39.89169,-80.17952,4.499
72514,Petro-Card 24 #910722,SR-6,Trenton,MO,40.08234,-93.60863,3.149
72515,PETRO-CARD 24 #910520,US-54BUS,Mexico,MO,39.17123,-91.88947,3.229
72519,CIRCLE K #2723050,SR-59,Hope Mills,NC,34.95356,-78.93536,2.909
72520,PETRO-CARD 24 #910160,US-50,Warrensburg,MO,38.76669,-93.72734,3.299
72521,PETRO-CARD 24 #910410,I-44/US-66,Lebanon,MO,37.68505,-92.65503,3.099
72522,MFA #910591,US-63,La Plata,MO,40.02083,-92.50767,3.339
72523,Petro-Card 24 #910820,US-60BUS,Willow Springs,MO,36.99581,-91.94055,3.399
72524,QuickChek #189,US-46,Ridgefield,NJ,40.83257,-74.00153,3.2523
72526,PETRO-CARD 24 #911251,US-169,King City,MO,40.06518,-94.52341,3.299
72528,MFA #910260,SR-87/240,Glasgow,MO,39.22574,-92.83181,3.3965
72529,PETRO-CARD 24 #910530,US-24,Moberly,MO,39.42024,-92.43579,3.419
72530,PETRO-CARD 24 #910140,US-50 BUS,California,MO,38.62237,-92.54556,3.459
72531,PETRO-CARD 24 #910040,US-60 BUS,Aurora,MO,36.94766,-93.71238,3.209
72533,Fuel 4,US-9,Jersey City,NJ,40.7164,-74.038,3.239
72534,Petro-Card 24 #911290,US-59,Mound City,MO,40.13624,-95.21384,3.149
72535,MFA #911310,SR-5,Centerville,IA,40.73259,-92.87283,3.1257
72536,MFA 910281,SR-5,Milan,MO,40.18444,-93.13615,3.299
72537,PETRO-CARD 24 #910210,SR-7,Clinton,MO,38.36881,-93.75891,3.399
72538,Petro-Card 24 #910670,SR-51,Qulin,MO,36.58177,-90.26167,3.199
72540,MFA #910441,US-54,Louisiana,MO,39.43359,-91.06638,3.049
72541,MFA 911021,US-136,Tarkio,MO,40.44184,-95.37859,3.329
72542,MFA #910731,SR-15,Shelbina,MO,39.69472,-92.03706,2.999
72543,PETRO CARD 24,SR-18,Clinton,MO,38.36881,-93.75891,3.399
72544,BJS NEW UNDERWOOD,CR-1416,New Underwood,SD,44.08735,-102.81364,3.699
72546,MFA OIL #2028,SR-53,Poplar Bluff,MO,36.76624,-90.41665,3.2323
72548,GASQUATCH,US-70/SR-3,Idabel,OK,33.88512,-94.80201,3.1073
72550,TERRIBLE HERBST #388,I-15 Exit 91,Moapa,NV,36.67583,-114.62,3.549
72551,Good 2 Go,US-81,Geneva,NE,40.52773,-97.60962,3.3657
72552,VALLEYWIDE COUNTRY STORE,I- 86 Exit 40,American Falls,ID,42.78988,-112.87071,3.599
72553,Friendly Express,I-71 Exit 186 & US-250,Ashland,OH,40.85589,-82.31893,3.199
72554,CEFCO #422,SR-4,Baker,FL,30.83157,-86.67701,3.299
72556,STARMART,US-183,Goldthwaite,TX,31.44577,-98.5744,3.099
72557,LITTLE NECK SHELL,I-16 Exit 152,Bloomingdale,GA,32.11765,-81.30846,3.099
72558,Circle K #4703975,SR-109 & US-70,Lebanon,TN,36.20979,-86.30237,2.8723
72559,SUN TRAVEL CENTER,I-55 EXIT 114A,Canton,MS,32.62054,-90.00608,3.499
72560,AMOCO,US 131 & US 12,White Pigeon,MI,41.79289,-85.67501,3.559
72561,7-ELEVEN #38638,I-25 Exit 235,Erie,CO,40.05975,-105.06858,3.399
72562,7-ELEVEN #17703,US HWY 11,Martinsburg,WV,39.45996,-77.95892,3.249
72563,RACEWAY #6991,I-65 Exit 19 & US-43,Creola,AL,30.90127,-88.01741,2.949
72565,WEIGEL'S #102,I-75 & SR-30,Athens,TN,35.45739,-84.60426,3.3473
72566,Loves  Travel Stop #826,I-70 Exit 75,Parachute,CO,39.44073,-108.03804,3.5957
72567,THE TEXAN #12,US 87,La Vernia,TX,29.35091,-98.11297,3.049
72569,RACETRAC #204,US-19 & SR-400,Dawsonville,GA,34.39433,-84.10371,3.319
72570,Lake View Cheese & Liquor,I-43,Belgium,WI,43.49947,-87.85091,3.2557
72571,MAVERIK #719,I-82 EXIT 33,Yakima,WA,46.60699,-120.47734,3.899
72572,GOOD 2 GO #713 DBA ONE9 #1432,I-76 EXIT 21,Brighton,CO,39.98055,-104.81028,3.199
72574,Loves Travel Stop #831,"I-10 & Fort Grant Rd, Exit 340",Willcox,AZ,32.37298,-109.86311,3.3323
72575,Loves Travel Stop #864,US-98,Lucedale,MS,30.86672,-88.59339,3.449
72576,Pride Travel Center South,"I-291 & SR-5, EXIT 4",South Windsor,CT,41.83408,-72.55759,3.909
72577,QUIKTRIP #7205,"I-80, EXIT 161",Lansing,IL,41.56605,-87.54463,3.079
72578,QUIKTRIP #7247,"I-55, EXIT 85",Byram,MS,32.1932,-90.2708,2.9157
72579,Raceway #6986,US-378 & CR-467,Sumter,SC,33.9282,-80.32101,2.979
72580,KWIK TRIP #1267,SR 29,Chippewa Falls,WI,44.9322,-91.38438,3.3923
72581,FASTRAC MARKET #500266,I-87 Exit 18,Queensbury,NY,43.32898,-73.68185,3.999
72582,FASTRAC MARKET #500242,SR-12 & SR-5A,Utica,NY,43.08711,-75.23146,3.899
72583,SHEETZ #769,I-80 Exit 232,Bloomsburg,PA,41.01153,-76.43838,3.329
72584,ONE9 #1359,"I-80, EXIT 30",Sparks,NV,39.54725,-119.75559,3.549
72585,GAS N WASH GREEN OAKS,"I-94, EXIT 16",Libertyville,IL,42.281,-87.94996,3.559
72586,Loves Travel Stop #875,"I-49, Exit 15",Opelousas,LA,30.51442,-92.08967,3.0857
72587,Allsups Convenience #2416,I-20 EXIT 244 AND HWY 70,Sweetwater,TX,32.47259,-100.39791,2.884
72588,ALLSUPS CONVENIENCE #2430,US 380,Jacksboro,TX,33.23465,-98.16814,3.044
72589,ALLSUPS CONVENIENCE #2056,US 287,Memphis,TX,34.71224,-100.53465,2.929
72590,MAVERIK #716,I-80 & SR-351,Wells,NV,41.1298,-114.53275,3.3923
72591,Quiktrip #7173,"I-20, EXIT 156",Pell City,AL,33.59789,-86.34315,2.999
72592,QUIKTRIP #7191,US-45 & I-57,Effingham,IL,39.12173,-88.5611,2.999
72594,Quiktrip #7900,I-30 & FM-989,Texarkana,TX,33.40737,-94.11825,2.8573
72595,CIRCLE K #2654400,SR-115,Kearneysville,WV,39.32199,-77.95876,3.2657
72596,Hucks Food & Fuel #401 dba Pilot #1360,"I-69, EXIT 25",Mayfield,KY,36.73269,-88.65064,3.599
72597,CIRCLE K #4705697,US 422,Warren,OH,41.17243,-80.87181,3.6123
72599,FATDOGS LEXINGTON,US-283,Lexington,NE,40.785,-99.75151,2.979
72603,THORNTONS #170,I-465 Exit 46 & US-40,Indianapolis,IN,39.93842,-86.13894,3.599
72606,PETRO-CARD 24 #910474,US-65,Malta Bend,MO,39.19511,-93.38133,3.439
72607,TOWN PUMP FOOD STORE #6300,I-90 & US-191,Big Timber,MT,45.82827,-109.96309,3.539
72608,Petro-Card 24 #910640,US-61,Perryville,MO,37.71744,-89.87366,3.099
72610,JORDANS KWIK STOP #6,I-55 Exit 48 & SR-140,Osceola,AR,35.70186,-89.97976,3.0123
72611,Kwik Trip # 1722,SR 35 & SR 553,Gwinn,MI,46.29194,-87.43016,3.819
72612,PETRO-CARD 24 #910411,I-44 & SR-32,Lebanon,MO,37.68505,-92.65503,3.099
72614,FAST FUEL FOOD STORES,SR-4,Gassaway,WV,38.68619,-80.78634,3.5657
72615,U STOP #4,US-6,Lincoln,NE,40.8169,-96.7103,3.399
72616,PETRO-CARD 24 #910700,SR-32,Sainte Genevieve,MO,37.95036,-90.09604,3.099
72619,MARTYVILLE MARATHON,SR-25,Tishomingo,MS,34.64775,-88.2194,3.279
72620,CENEX,US-2,Leeds,ND,48.26681,-99.44012,3.249
72621,PETRO-CARD 24 #1047,SR-240,Slater,MO,39.21627,-93.05467,3.459
72622,Phillips 66,US- 60 & HWY AD,Dexter,MO,36.78846,-89.96393,3.4023
72623,LENNYS FOOD N FUEL,US-6,Joliet,IL,41.52715,-88.08241,3.299
72625,PETRO-CARD 24,SR-46 & US-71,Maryville,MO,40.3434,-94.87348,3.129
72626,MFA OIL,SR-18,Lake City,AR,35.81715,-90.44233,3.399
72628,Gas Pro 6,SR-121 & US-25,Trenton,SC,33.69376,-81.85339,3.4657
72629,MFA #910600,SR-28,Owensville,MO,38.35112,-91.48668,3.299
72630,PETRO-CARD 24 #910250,US-54 BUS,Fulton,MO,38.85182,-91.96055,3.299
72631,THORNTONS #221348,I-355 & SR-7,Homer Glen,IL,41.6,-87.93806,3.849
72633,Petro-Card 24 #910830,SR-52,Windsor,MO,38.52719,-93.52686,3.499
72634,MURPHY USA #7827,US-385 & US-60,Hereford,TX,34.83704,-102.40503,2.829
72635,GULF,SR-140,Boylston,MA,42.33773,-71.73104,3.839
72637,AZTEX #104,I-40 Exit 398,Knoxville,TN,35.9609,-83.9189,3.359
72639,ALLSUPS #2423,US-377 & US-70,Madill,OK,34.07126,-96.78726,2.959
72640,Kwik Trip # 1721,SR 553 & FM 480,Marquette,MI,46.53124,-87.38944,3.819
72642,LOVES TRAVEL STOP #857,US-95 & US-6,Tonopah,NV,38.20427,-117.08989,3.7157
72643,ONCUE #147,"I-44, EXIT 12",Oklahoma City,OK,35.3337,-97.4922,3.049
72644,MAVERIK COUNTRY STORE #642,I-25 EXIT 262,Fort Collins,CO,40.58129,-105.10388,3.259
72645,MAVERIK #723,"I-10, EXIT 240",Marana,AZ,32.40475,-111.27362,3.0457
72646,TOOT N TOTUM #131,US 87,Lamesa,TX,32.73668,-101.95691,3.109
72647,RACEWAY #6972,US-83 & US-43,Demopolis,AL,32.49079,-87.83967,3.0773
72648,Loves Travel Stop #873,US 50,Canon City,CO,38.44507,-105.21783,3.509
72649,Love's Travel Stop #891,US 93,Jackpot,NV,41.83959,-115.11289,3.6273
72650,Loves Travel Stop #862,I-35 Exit 65,Cotulla,TX,28.43984,-99.23282,3.589
72651,QUIKTRIP #7132,"I-16, EXIT 152",Bloomingdale,GA,32.11765,-81.30846,3.0323
72652,Quiktrip #4148,I-35 & GRAND AVE PKWY,Pflugerville,TX,30.44213,-97.6299,2.8823
72653,Quiktrip #7153,US-78 & EXIT #4,Olive Branch,MS,34.94414,-89.85443,2.9157
72655,RACEWAY #6988,US-79 & US-41,Clarksville,TN,36.52201,-87.349,2.999
72656,ALLSUPS #2437,HWY 176 & HWY 115,Andrews,TX,32.32012,-102.54093,3.3957
72660,RACEWAY #6989,US-157 & COURT ST,Moulton,AL,34.50584,-87.22239,3.049
72663,LOC STOP TRAVEL CENTER,US-82,Dawson,GA,31.77333,-84.44667,3.499
72664,RACETRAC #2606,"I-30, EXIT 32B & SR-181",Grand Prairie,TX,32.76488,-97.01121,2.9257
72666,CIRCLE K #2707043,"I-75/SR-401, EXIT 39 & SR-37",Adel,GA,31.12514,-83.42135,2.999
72667,LOVES TRAVEL STOP #884,"I-30, Exit 46",Prescott,AR,33.80403,-93.37254,3.4757
72668,LOVES TRAVEL STOP #350,"I-19, Exit 12",Nogales,AZ,31.37697,-110.94351,3.609
72669,Quiktrip #356,US-81 & S Victoria RD,Wichita,KS,37.6898,-97.3415,3.194
72672,7-Eleven #42205,US 79,Hearne,TX,30.86686,-96.58426,3.449
72674,QUIKTRIP #7190,I-64 EXIT 94,Mount Vernon,IL,38.31701,-88.91053,3.099
72675,Maverik Country Store #715,I-80 EXIT 107,Big Springs,NE,41.06962,-102.09327,3.1007
72676,KWIK TRIP #1212,"I 90, EXIT 43",Worthington,MN,43.62863,-95.60591,3.164
72677,KWIK TRIP #1256,SR 2 E,Iron Mountain,MI,45.82189,-88.06826,3.279
72678,FLYING J #1056,I-90/ I-80,Edon,OH,41.58422,-84.757,3.899
72679,TEX BEST #532,US-281 & HWY 186,Edinburg,TX,26.30422,-98.15692,3.0207
72680,RACEWAY #6990,US-98,Foley,AL,30.40066,-87.68574,3.0757
72681,MAVERIK #691,I-76 EXIT 3,Denver,CO,39.84056,-105.00799,3.284
72682,Maverik #695,I-15 EXIT 276,American Fork,UT,40.39278,-111.79411,3.349
72683,HUCKS FOOD & FUEL #383,SR-57,Evansville,IN,37.9746,-87.5674,3.759
72685,CHUBBYS TRAVEL CENTER,"I-35, Exit 127",Natalia,TX,29.21167,-98.85516,2.9723
72687,Kwik Trip #1203,US-71 & Airport Rd,Redwood Falls,MN,44.53175,-95.10713,3.349
72688,SHEETZ #772,I-70 EXIT 59,Springfield,OH,39.92417,-83.80889,3.054
72689,ROAD RANGER #285,I-10 EXIT 605,Seguin,TX,29.56132,-97.9628,3.1107
72690,Noble East Lyme,"I-95, EXIT 75",East Lyme,CT,41.36681,-72.23299,3.759
72691,KUM & GO #2402,US 60,Springfield,MO,37.2152,-93.295,3.1757
72693,Kum & Go #2404,US 60,Aurora,MO,36.94766,-93.71238,3.119
72694,7-ELEVEN #42195,I-385 EXIT 23,Fountain Inn,SC,34.65333,-82.26459,3.1157
72695,Quiktrip #7906,"I-20, EXIT 617 & US-59",Marshall,TX,32.53378,-94.36191,2.8373
72696,QUIKTRIP #1742,"I-475/SR-408, exit 5 & SR-74",Macon,GA,32.84386,-83.59869,3.089
72698,QUIKTRIP #7242,"I-10, EXIT 31",Gulfport,MS,30.38256,-89.09762,2.9157
72699,Quiktrip #7195,"I-355, EXIT 29",Addison,IL,41.93351,-88.0054,3.079
72700,RACEWAY #6726,"I-30, Exit 172",Thomson,GA,33.47736,-82.4942,3.399
72701,Loves Travel Stop #887,I-55 EXIT 178,Herculaneum,MO,38.26009,-90.3871,3.1557
72702,Loves Travel Stop #854,I-49 EXIT 215,Shreveport,LA,32.50374,-93.7487,2.9373
72705,SHEETZ #795,US-460 & CR-629,Disputanta,VA,37.14827,-77.27317,2.9823
72706,Sheetz #790,I-77 EXIT 100,Mount Airy,NC,36.50074,-80.61187,2.859
72707,QUIKTRIP #4299,"I-25, EXIT 158",Monument,CO,39.10073,-104.85416,3.159
72709,KWIK TRIP #1299,FM 164,Sussex,WI,43.14406,-88.22706,3.2857
72710,KWIK STAR #1285,I-229 EXIT 9,Sioux Falls,SD,43.488,-96.7343,2.9523
72711,Kwik Trip #1260,FM 65,Roberts,WI,44.98736,-92.55977,3.424
72713,Kwik Star #1217,FM 11,Sioux Falls,SD,43.488,-96.7343,2.939
72714,LOVES TRAVEL STOP  #771,I-85 & SR-18,West Point,GA,32.83368,-85.11971,3.679
72715,FLYING J TRAVEL PLAZA #1372,"I-40, EXIT 28",Yucca,AZ,34.87222,-114.14861,3.849
72716,RACEWAY #7000,US-1 & SR-40,Folkston,GA,30.85084,-82.01162,3.099
72719,TA EXPRESS LITTLEFIELD,"I-15, EXIT 8",Littlefield,AZ,36.86652,-113.91369,3.679
72721,Racetrac #2625,SR 72 E & SHIELDS RD,Huntsville,AL,34.72687,-86.56732,2.9773
72723,ONE9 #1362,"I-40, EXIT 253",Winslow,AZ,35.16078,-110.51138,3.2257
72724,ONE9 #484,I-40 EXIT 146,Ash Fork,AZ,35.215,-112.50268,3.329
72725,CASEYS #4481,US 75,Denison,TX,33.74501,-96.54957,2.9357
72727,CASEYS #4319,SR-141,Perry,IA,41.83969,-94.10217,3.129
72728,CASEYS #4304,FM 103 & Belten Dr,Crete,NE,40.6193,-96.95668,3.4573
72732,KUM & GO #2212,I-35 EXIT 89,Ankeny,IA,41.72755,-93.60218,3.1323
72733,Parker's #94,US-17 N,Georgetown,SC,33.43078,-79.32346,2.989
72734,7-ELEVEN #41940,I-95,West Haven,CT,41.27008,-72.96384,3.999
72735,7-Eleven #41376,I-26 Exit 154B,Orangeburg,SC,33.50254,-80.85928,3.2257
72736,FRIENDLY GUS STORE #12,I-16 Exit 49,Dublin,GA,32.54779,-82.90368,3.2757
72737,Mollys Food and Fuel,"I-20, EXIT 175 & SR-150",Thomson,GA,33.47736,-82.4942,3.499
72738,BREAK TIME #3172,US-50/US-63,Jefferson City,MO,38.54621,-92.15246,3.3357
72739,MAVERIK #712,US 70 & US 54,Alamogordo,NM,32.89319,-105.94854,3.0557
72740,Caseys #4303,"I-80, EXIT 257 & US-183",Elm Creek,NE,40.73008,-99.37279,3.0323
72741,Caseys #4298,"I-55, EXIT 220 & SR-47",Dwight,IL,41.0887,-88.41588,3.349
72742,Racetrac #2612,I-675 EXIT 7,Ellenwood,GA,33.61,-84.28806,3.109
72743,PEOTONE TRAVEL CENTER,I-57 & SR-25,Peotone,IL,41.33609,-87.78968,3.459
72745,Loves Travel Stop #870,US-81 Exit 12 & SR-12,Watertown,NY,43.97426,-75.91221,4.149
72746,PARKERS #103,"I-26, Exit 205A",Ladson,SC,32.99302,-80.1257,3.2823
72747,One9 #1358,"I-40, EXIT 16",Gallup,NM,35.50648,-108.74135,3.2457
72748,HORIZON TRAVEL PLAZA,US-411,Cartersville,GA,34.18697,-84.8204,2.934
72749,KWIK TRIP #1282,FM 42 & S Duluth Ave,Sturgeon Bay,WI,44.84384,-87.37531,3.5073
72750,QUIKTRIP #1943,I-35 EXIT 368 & SR 22,Hillsboro,TX,32.01494,-97.11979,2.919
72752,QUIKTRIP #7178,I-65 EXIT 13 & SR 158,Saraland,AL,30.8332,-88.09339,2.9573
72753,QUIKTRIP #7908,I-40 EXIT 73,Amarillo,TX,35.20324,-101.84205,2.874
72754,RACETRAC #2495,US 41 & US 19,Griffin,GA,33.2549,-84.27276,3.229
72755,RACETRAC #2620,I-465 Exit 42,Indianapolis,IN,39.93842,-86.13894,3.159
72756,Loves Travel Stop #876,I-94 Exit 34A,Michigan City,IN,41.69803,-86.8699,3.789
72757,Loves Travel Stop #860,I-59 EXIT 1,Picayune,MS,30.5418,-89.69102,3.1557
72758,CEFCO #1117,I-20 EXIT 617,Marshall,TX,32.53378,-94.36191,2.8323
72759,Allsups Convenience Store #2461,US-87 & SR-137,Lamesa,TX,32.73668,-101.95691,3.099
72760,RaceWay #6999,US-84 & US-319,Thomasville,GA,30.8665,-83.9233,3.1657
72761,RACETRAC #2629,US-72/US-43 & SR-20,Tuscumbia,AL,34.68743,-87.68326,2.999
72763,FASTRAC MARKET #500270,SR-5/SR-13,Canastota,NY,43.08776,-75.7602,4.349
72764,CUMBERLAND FARMS #004783,US-5,East Windsor,CT,41.9099,-72.60295,4.049
72765,FASTRAC MARKET #500203,SR-104 & CR-256,Wolcott,NY,43.23413,-76.82175,3.799
72766,QUIKTRIP #1873,US 287 33.054731932354194,Rhome,TX,33.05405,-97.48169,2.899
72767,QUIKTRIP #4227,I-25 EXIT 243,Mead,CO,40.23333,-104.99806,3.1473
72768,ROAD RANGER #287,I-57 EXIT 318,Bourbonnais,IL,41.16612,-87.87902,3.339
72769,TOOT N TOTUM #132,US 84,Lubbock,TX,33.58653,-101.86063,2.9707
72770,RACETRAC #2634,I-95 Exit 77 & US-78,Saint George,SC,33.18453,-80.57325,2.999
72771,RACETRAC #2635,I-85 EXIT 44A,Greenville,SC,34.84716,-82.40605,2.899
72772,RACEWAY #6998,US-501 & SR-576,Marion,SC,34.15619,-79.38982,3.0157
72773,RaceTrac #2626,I-20 Exit 472,Dallas,TX,32.99685,-96.79211,2.864
72774,STUCKEYS TRAVEL CENTER,I-10 EXIT 451,Orange,TX,30.12517,-93.77188,2.8073
72775,CEFCO #2089,I-20 EXIT 288,Abilene,TX,32.46816,-99.71821,2.7657
72776,MARATHON,"1-75, Exit 80",Sycamore,GA,31.65533,-83.60636,3.299
72778,KWIK STAR #1208,US-75,Sioux Center,IA,43.08142,-96.17995,3.199
72779,KWIK TRIP #1276,"I-90/I-39, EXIT 1 & SR-75",South Beloit,IL,42.48367,-89.02979,3.299
72781,SHEETZ #774,I-70 & SR-83,New Concord,OH,40.0088,-81.73873,3.059
72782,SHEETZ #791,"I-76, Exit 57",North Jackson,OH,41.08804,-80.86225,3.0657
72783,SHEETZ #770,I-70 & US-42,London,OH,39.90007,-83.4439,2.999
72784,Maverik Country Store #724,"I-80/US-30, EXIT 221",Rawlins,WY,41.79513,-107.23488,3.289
72785,GAS N WASH,US 30,Crest Hill,IL,41.56624,-88.11692,3.299
72786,QUIKTRIP #333,"I-135, EXIT 31",Newton,KS,38.04507,-97.34346,2.949
72787,QUIKTRIP #7011,"I-35, EXIT 118",Oklahoma City,OK,35.3337,-97.4922,3.0323
72788,MAVERIK #700,I-25 EXIT 215,Denver,CO,39.84056,-105.00799,3.289
72789,RACETRAC #237,HWY 30 & ROBERT WILSON RD,Gonzales,LA,30.23833,-90.92,3.1723
72791,LOVES TRAVEL STOP #850,SR-491 & RD. G,Cortez,CO,37.35495,-108.58373,3.4823
72792,QUICKLEES,"I-190, EXIT 23",Niagara Falls,NY,43.09547,-79.04144,3.999
72793,TA EXPRESS BLAINE #917,"I-5, Exit 275",Blaine,WA,48.96357,-122.73233,4.139
72795,REFUEL #1337,SR-45/CR-1625,Buda,TX,30.09176,-97.85342,2.999
72796,PILOT DEALER #1399,"SR-303, EXIT 107",Litchfield Park,AZ,33.49413,-112.3805,3.584
72797,KWIK TRIP #1215,"I-94, EXIT 135",Melrose,MN,45.65818,-94.81977,3.3273
72798,Casey's #4539,US-75,Rock Rapids,IA,43.42719,-96.17806,3.349
72799,CASEYS #4384,"I-88 & SR-26, EXIT 54",Dixon,IL,41.8478,-89.4893,3.479
72801,CASEYS #4388,"US-64, EXIT 29",Beebe,AR,35.09374,-91.90745,3.189
72802,Racing Mart Store,"I-495, Exit 36A",Wrentham,MA,42.06175,-71.33957,3.899
72803,Llanos Country Corner,"I-10/US-83, EXIT 456 & US-377",Junction,TX,30.47544,-99.74731,2.919
72804,7-Eleven #42174,"I-24, EXIT 211 & US-70",Nashville,TN,36.16703,-86.77844,3.249
72805,Stripes #42242,"SR 181, HWY 188",Sinton,TX,28.0339,-97.51958,3.259
72806,TA HOSSTON #939,"I-49, Exit 237",Hosston,LA,32.89665,-93.88343,2.9223
72808,Allsups Convenience #2463,US-377,Aubrey,TX,33.292,-96.98787,2.899
72809,LOVES TRAVEL STOP #894,I-95 EXIT 305,Saint Augustine,FL,29.8364,-81.2745,3.4423
72810,QUIKTRIP #7,"I-244/US-412, Exit 10",Tulsa,OK,36.05566,-96.06023,3.119
72811,QUIKTRIP #50,SR-51,Broken Arrow,OK,35.99081,-95.81433,3.129
72812,Kwik Trip #748,US 8,Barron,WI,45.40053,-91.84996,3.664
72813,Allsups #2425,Hwy 144,Granbury,TX,32.42505,-97.77417,3.029
72814,ALLSUPS #2468,"I35, EXIT 5",Thackerville,OK,33.78817,-97.13635,2.9173
72815,QUIKTRIP #7194,I-74 EXIT 182,Champaign,IL,40.11102,-88.24075,3.099
72816,QUIKTRIP #7914,I-27 EXIT 117,Amarillo,TX,35.20324,-101.84205,2.8457
72817,QUIKTRIP #4174,I-35 Exit 285,Salado,TX,30.94939,-97.533,2.9157
72818,QUIKTRIP #7174,"I-65, EXIT 168",Montgomery,AL,32.3743,-86.3118,2.999
72819,QUIKTRIP #7925,I-69W,Laredo,TX,27.51554,-99.49858,2.8507
72820,QUARLES #54232,us-385,Crane,TX,31.39695,-102.35438,3.8857
72821,QUARLES #54231,CR-23 & CR-33,Eunice,NM,32.43923,-103.15941,3.699
72822,QUARLES #54225,US-83,Abilene,TX,32.46816,-99.71821,3.499
72827,QUARLES #54259,FM-1936,Odessa,TX,31.8465,-102.3663,3.699
72828,QUARLES #54250,US-80,Abilene,TX,32.46816,-99.71821,3.3123
72830,QUARLES #54261,"I-20, EXIT 37",Pecos,TX,31.41438,-103.50813,3.749
72831,QUARLES #54262,CR-64,Hobbs,NM,32.72217,-103.13725,3.699
72835,QUARLES #54277,SR-137,Big Lake,TX,31.24059,-101.47878,3.849
72836,QUARLES #54281,SR-208,Snyder,TX,32.71511,-100.90748,3.6657
72837,QUARLES #54284,US-285,Loving,NM,32.27403,-104.09138,3.799
72839,QUARLES #54293,CR-64,Hobbs,NM,32.72217,-103.13725,3.699
72841,QUARLES #54296,SR-214 & CR-370,Denver City,TX,32.97111,-102.83125,3.799
72844,QUARLES #54332,US-285,Pecos,TX,31.41438,-103.50813,3.759
72847,QUARLES #54341,US-87,Big Spring,TX,32.24177,-101.46752,3.649
72848,QUARLES #54347,US-67,Rankin,TX,31.2225,-101.9375,3.699
72849,QUARLES #54349,CR-1140,Midland,TX,31.98964,-102.06261,3.6657
72851,QUARLES #54367,FM-1787,Midland,TX,31.98964,-102.06261,3.799
72853,QUARLES #54520,SR-589,Purvis,MS,31.14956,-89.4623,2.979
72855,GAS N WASH,SR 59,Plainfield,IL,41.60088,-88.19939,3.559
72857,7-ELEVEN #42019,SR-3 & SR-4,Yukon,OK,35.50667,-97.76222,3.159
72859,CASEYS #4286,SR-32,Crawfordsville,IN,40.03252,-86.90742,3.5623
72860,Circle K #2707070,"SR 378, Route 467",Sumter,SC,33.9282,-80.32101,2.9923
72861,SPRINT MART #4143,"I-20, EXIT 89",Vance,AL,33.17498,-87.25736,3.059
72863,Double Quick #92,US-61,Cleveland,MS,33.743,-90.73087,3.1823
72864,SUNSTOP #430,US-27,Bainbridge,GA,30.9355,-84.5809,3.599
72867,Maverik #731,I-15 EXIT 190,Helena,MT,46.61307,-112.02128,3.549
72868,MAVERIK #737,I-15 EXIT 116,Idaho Falls,ID,43.51768,-111.99063,3.4057
72869,MAVERIK #738,I-90 EXIT 129,Gillette,WY,44.28201,-105.49744,3.359
72871,Maverik #727,I-8 EXIT 3,Yuma,AZ,32.70151,-114.64236,3.179
72872,QUIKTRIP #7926,US 59 & SR 20,Laredo,TX,27.51554,-99.49858,2.859
72873,QUIKTRIP #7206,I-39 EXIT 15 & US 20,Rockford,IL,42.29223,-89.11612,2.969
72874,QUIKTRIP #4076,I-35 EXIT 191,New Braunfels,TX,29.69473,-98.11304,2.9157
72875,QUIKTRIP #4183,SR 195 & Shell RD,Georgetown,TX,30.63304,-97.6707,2.9157
72876,QUIKTRIP #1139,"I-385, EXIT 23",Fountain Inn,SC,34.65333,-82.26459,3.0173
72877,QUIKTRIP #7177,"I-10, EXIT 15A",Theodore,AL,30.54437,-88.18075,2.8823
72879,QUIKTRIP #4002,US-87,Comfort,TX,29.97907,-98.84377,2.9657
72880,PARKERS #97,US 80,Bloomingdale,GA,32.11765,-81.30846,3.0323
72882,CASEYS #4330,"I-40, EXIT 221",Okemah,OK,35.44752,-96.30679,2.9257
72884,CEFCO #435,"I-10, EXIT 44 & US-90",Loxley,AL,30.61796,-87.75624,3.0257
72885,RACEWAY #6960,US-431 & Westgate PKWY,Dothan,AL,31.20289,-85.41804,3.199
72886,PILOT #1381,US-190 & Rose Marie Blvd,Hearne,TX,30.86686,-96.58426,3.499
72888,STRIPES #42591,US-87,Mason,TX,30.74339,-99.22612,3.299
72889,DK,SR 83,Denver City,TX,32.97111,-102.83125,3.319
72891,GAS N WASH,"I-57, EXIT 354",Alsip,IL,41.6723,-87.7339,3.399
72893,Racetrac #2586,I-95 & 20th ST,Vero Beach,FL,27.63299,-80.40308,3.159
72894,Allsups Convenience Store #2458,US-287 & FM-1655,Alvord,TX,33.36982,-97.68849,2.899
72895,Allsups#2465,SR 7,Davis,OK,34.4953,-97.10843,2.9673
72896,PILOT #1283,I-45 & SR-31,Corsicana,TX,32.0322,-96.3483,3.0423
72899,RACEWAY #7002,US 79 & 59,Carthage,TX,32.15438,-94.35272,2.8207
72901,FATDOGS GRAND ISLAND TRAVEL CENTER,I-80 & HWY 281,Grand Island,NE,40.92186,-98.34106,2.979
72902,CIRCLE K #2704593,SR-24 & SR-690,Spring Lake,NC,35.18298,-78.97856,3.079
72903,Kent Kwik #221,SR-338,Odessa,TX,31.8465,-102.3663,2.989
72904,CEFCO #112,US-281,Marble Falls,TX,30.57228,-98.30699,2.929
72905,TA EXPRESS PLEASANTON #445,I-37 EXIT 109,Pleasanton,TX,28.99237,-98.48306,3.099
72906,Maverik #734,I-25 EXIT 94,Pueblo,CO,38.28788,-104.58483,3.289
72907,QUIKTRIP #7913,"I-20, EXIT 20 & SR-18",Monahans,TX,31.58129,-102.90027,2.859
72908,QUIKTRIP #1042,"I-85, EXIT 17B & US-321",Gastonia,NC,35.24492,-81.21945,3.264
72909,FAT DOGS LINCOLN TC,"I-80, EXIT 399",Lincoln,NE,40.8169,-96.7103,3.099
72910,Ogden Cardlock (Bulk Plant),I-15 EXIT 343,Ogden,UT,41.2443,-112.0072,3.489
72912,Salina Cardlock (Bulk Plant),I-70 EXIT 56,Salina,UT,38.95603,-111.88107,3.449
72916,CASEYS #2562,SR 140 & SR 156,Ellsworth,KS,38.73122,-98.20568,3.4657
72918,QUIKTRIP #7076,"I-75, EXIT 101",Cordele,GA,31.96333,-83.7825,3.0323
72919,QUIKTRIP #7096,I-75 & EXIT 51,Dayton,OH,39.7654,-84.0998,3.0323
72920,Circle K #4701686,"I-70, Exit 224 & SR-370",Saint Peters,MO,38.78024,-90.62277,3.0507
72921,CIRCLE K #4701677,"I-44, Exit 226",Sullivan,MO,38.23071,-91.15666,3.324
72922,SUNOCO,SR-640,Willoughby,OH,41.63023,-81.40762,3.859
72923,76,US-84,Brookhaven,MS,31.58581,-90.45199,3.149
72924,SHERMAN TRAVEL CENTER,SR-9,Senatobia,MS,34.63231,-89.8855,3.029
72925,AMOCO,US-52 & SR-340,Darlington,SC,34.30029,-79.87322,3.199
72926,Amoco,US-31 & US-10,Scottville,MI,43.97669,-86.31561,3.359
72927,Bell Stores #165,US-30,Wooster,OH,40.80935,-81.94827,3.5157
72930,SPARTA CO-OP,SR-27,Sparta,WI,43.95405,-90.81457,3.189
72933,CHEVRON #385988,SR-124,Lithonia,GA,33.68231,-84.161,3.399
72934,CIRCLE K #2706987,"I-37, Exit 118",Corpus Christi,TX,27.79409,-97.40299,3.099
72935,Circle K #2722258,US-17 & SR-40,Pierson,FL,29.2226,-81.43533,3.4023
72936,Circle K #2707549,SR-471 & SR-48,Bushnell,FL,28.66106,-82.1553,3.499
72937,CIRCLE K #2723997,SR024,Stedman,NC,35.03475,-78.69493,3.399
72938,CIRCLE K #2723205,I-285 & CR-1642,Winston Salem,NC,36.10237,-80.2228,3.5207
72939,CIRCLE K #2655872,"I-75, Exit 252B",Atlanta,GA,33.74979,-84.31685,3.5057
72940,Circle K #3909,SR-236,Clarksville,TN,36.52201,-87.349,3.329
72941,CIRCLE K #2740389,I-55 & US-51,Hammond,LA,30.51908,-90.48786,3.249
72942,CIRCLE K #2742777,US-62/180,El Paso,TX,31.75841,-106.47831,3.1907
72943,CIRCLE K #2706805,SR-415 & SR-76,Port Allen,LA,30.47198,-91.25409,3.359
72944,Circle K #2709094,US-62 & SR-327,Lubbock,TX,33.58653,-101.86063,3.099
72945,CIRCLE K #2707057,SR-59 & CR-12,Foley,AL,30.40066,-87.68574,3.0923
72947,Circle K #9556,SR-202,Phoenix,AZ,33.451,-112.0685,3.3857
72948,CIRCLE K #2746514,SR-23,Watford City,ND,47.80426,-103.25821,3.599
72949,BOURBON TRAVEL PLAZA,US-30,Bourbon,IN,41.30978,-86.11744,3.499
72950,Conoco,US-95,MC DERMITT,NV,41.86694,-117.53111,4.299
72951,DK,SR-36,Abilene,TX,32.46816,-99.71821,2.849
72953,GRAND AVENUE EXPRESS,I-35 & FM-372,Gainesville,TX,33.62594,-97.10321,2.999
72956,Handee Hugos #1,SR-87,Riegelwood,NC,34.34706,-78.25747,3.4973
72957,IRVING,SR-11,Augusta,ME,44.32323,-69.76655,3.899
72958,Jack Flash Pana,SR-16,Pana,IL,39.38812,-89.07816,3.099
72959,JORDANS #75,US-67,Newport,AR,35.59882,-91.25706,3.299
72960,KENT KWIK #206,FM-2020,Odessa,TX,31.8465,-102.3663,3.0257
72963,MAVERIK #5358,"I-25, Exit 145",Colorado Springs,CO,38.8335,-104.8206,3.3307
72965,Maverik #674,"I-15, Exit 45",North Las Vegas,NV,36.4475,-114.85139,3.2823
72966,MCCLURE STORE #15,SR-9,Marion,IN,40.57433,-85.67413,3.694
72967,BINKS TENAHA QUICK STOP,US-59/US-84,Tenaha,TX,31.94081,-94.24877,3.059
72968,LOVES TRAVEL STOP #883,US-52 EXIT 120,Rural Hall,NC,36.22925,-80.29364,3.5773
72969,LOVES TRAVEL STOP #555,US-30,Delphos,OH,40.83362,-84.32468,3.3057
72970,PAC PRIDE,"I-96, Exit 26",Grand Rapids,MI,42.9704,-85.6738,3.659
72972,LOVES TRAVEL STOP #886,I-44 EXIT 29,Sarcoxie,MO,37.07238,-94.11514,3.4007
72973,PETE'S 49,US-166 & US-169,Coffeyville,KS,37.04406,-95.63276,3.214
72974,USTOP 34,US-77,Lincoln,NE,40.8169,-96.7103,3.499
72975,SHEETZ #804,"I-95, Exit 41",Hope Mills,NC,34.95356,-78.93536,2.859
72976,RED DOG,"I-10, EXIT 72",Egan,LA,30.25097,-92.50023,3.049
72978,SHELL SERVICE STATION,SR-302,Byhalia,MS,34.88535,-89.67633,3.099
72979,RICKY ROCKETS,"I-57, EXIT 312",Kankakee,IL,41.11658,-87.86961,3.379
72981,Sprint Mart #2301,I-565 & CR-115,Madison,AL,34.6578,-86.8056,3.4923
72982,SUNOCO,I-10 & SR-328,Breaux Bridge,LA,30.27495,-91.9059,2.8557
72983,SUNSTOP #303,SR-100,Lake City,FL,30.0949,-82.7117,3.5507
72984,TERRIBLE HERBST #341,US-95,Indian Springs,NV,36.40722,-115.58107,3.899
72985,THE PRIDE OF VILLA PARK,SR-64,Villa Park,IL,41.8799,-87.97825,3.299
72986,THE PRIDE OF ELGIN,SR-31,Elgin,IL,42.03836,-88.26063,3.499
72987,The Texan,US-285 & CR-116,Pecos,TX,31.41438,-103.50813,2.999
72988,Thorntons #221354,US-12,Lake Zurich,IL,42.19672,-88.0703,3.349
72989,THORNTONS #442562,SR-63,Monroe,OH,39.44129,-84.3652,3.199
72990,TA Express Jonesboro,I-555 EXIT 39,Jonesboro,AR,35.83302,-90.69653,3.3923
72991,THORNTONS #221345,US-20,Hanover Park,IL,41.79444,-87.80833,3.759
72993,H AND R OIL COMPANY,"SR-4, EXIT 8",Lexington,KY,38.01739,-84.48542,3.249
72995,LOVES TRAVEL STOP #569,I-84 EXIT 304,Baker City,OR,44.7801,-117.82863,3.4573
72996,LOVES TRAVEL STOP #504,I-76 EXIT 232,North Lima,OH,40.96487,-80.65491,3.7873
72998,83 FUEL STOP,US-83,Catarina,TX,28.34528,-99.61306,2.959
72999,Aeg Petroleum,US-70 & SR-467,Portales,NM,34.17992,-103.33631,3.6857
73000,TXB,FM-2147,Horseshoe Bay,TX,30.57806,-98.2725,2.929
73003,GAS PRO TRAVEL CENTER,US-25 & SR-88,Hephzibah,GA,33.34333,-82.08869,3.599
73005,NOBLE,US-20,Sturbridge,MA,42.11262,-72.08423,3.999
73007,VALERO,"I-85, EXIT 28 & SR-100",Hogansville,GA,33.16438,-84.93086,3.6657
73008,MUSTANG XPRESS,US-183 & FM-1327,Austin,TX,30.21069,-97.94275,3.3323
73009,THRIFT BULL TRUCK STOP,SR-103,San Augustine,TX,31.51517,-94.13258,3.499
73012,FUELPORT # 1,FM-143,San Antonio,TX,29.46852,-98.52635,3.049
73013,247 TRUCK STOP,I-40 EXIT 247,Widener,AR,35.05917,-90.62931,2.999
73014,CIRCLE K #2726298,SR 33 & SR 50,Mascotte,FL,28.57806,-81.88694,3.539
73015,76,US 40,Franklinville,NJ,39.61556,-75.04088,3.169
73016,PARKERS #112,SR 67,Statesboro,GA,32.44084,-81.77396,3.199
73017,U Stop #36,US 136 & SR 50,Tecumseh,NE,40.3697,-96.20495,3.399
73018,Smart Stop Travel Center,US 271 & SR 37,Bogata,TX,33.46986,-95.19373,3.199
73021,Circle K #2746245,I 35W EXIT 6,Minneapolis,MN,45.04958,-93.24609,3.599
73025,151 TRAVEL CENTER,SR 34 & N Central Rd,Darlington,SC,34.30029,-79.87322,3.299
73026,Gas N Wash,SR-171,Lemont,IL,41.69508,-88.02356,3.299
73028,PETRO HENDERSON #968,"I-11, EXIT 15A",Henderson,NV,35.99268,-114.95168,3.639
73029,One9 #1417,I-35 Exit 323,Lorena,TX,31.40927,-97.23016,2.9023
73030,SPEED TREK TRAVEL CENTER,I-90 EXIT 25,Belvidere,IL,42.25946,-88.85094,3.699
73031,Travel Refresh,US 59,Corrigan,TX,31.00066,-94.7959,2.949
73032,Parkers #110,SR 56,Augusta,GA,33.51169,-82.0995,3.1923
73033,QUARLES #54242,SR-152,Pampa,TX,35.53804,-100.95789,3.499
73035,QUIKTRIP #7909,US-10,El Paso,TX,31.75841,-106.47831,2.849
73036,Maverik Country Store #741,US-80,Rock Springs,WY,41.60596,-109.23005,3.3073
73037,TA EXPRESS #567,"I-20, EXIT 81 & SR-149",Ruston,LA,32.53082,-92.64393,3.114
73039,Spinx  #292,"I-26, EXIT 10",Inman,SC,35.0528,-82.05401,3.1657
73040,TAILGATE #3,SR 21,Bryan,TX,30.6327,-96.36616,3.599
73041,Racetrac #182,US- 19,Hampton,GA,33.4124,-84.29474,2.999
73042,MAVERIK #728,Hwy 483,Lovington,NM,32.95117,-103.34885,3.094
73043,MAVERIK #740,"I-25, EXIT 347",Las Vegas,NM,35.59486,-105.22716,3.1623
73044,Maverik #732,"US 20, EXIT 310",Idaho Falls,ID,43.51768,-111.99063,3.394
73045,MAVERIK #717,US-395,Spokane,WA,47.66649,-117.43653,3.979
73046,Refuel #63,US 501 & SR 544,Conway,SC,33.87307,-79.05571,3.134
73047,RACETRAC #2642,"I-70, EXIT 77",Indianapolis,IN,39.93842,-86.13894,3.259
73048,ALLSUPS CONVENIENCE STORE #2473,US-287,Bowie,TX,33.5568,-97.83734,2.899
73051,CIRCLE K #2709540,"I-10, EXIT 10 & SR-90",Sierra Vista,AZ,31.53647,-110.26656,3.629
73052,Circle K #2701875,US-78 E,Grovetown,GA,33.47662,-82.24094,3.499
73053,Circle K #2746108,"I-90/US-212, EXIT 447",Billings,MT,45.77449,-108.50045,3.579
73055,CIRCLE K #4707124,SR-3,Liberty,ME,44.37409,-69.33058,4.099
73056,CIRCLE K #2723033,"I-295, EXIT 21A & I-95",Fayetteville,NC,35.05099,-78.84225,3.279
73057,CIRCLE K #2703586,US-550 & SR-516,Flora Vista,NM,36.80277,-108.08268,3.719
73058,CIRCLE K #4707605,SR-365/SR-69/SR-49 & SR-26,Rome,NY,43.21935,-75.44976,3.999
73059,CIRCLE K #4705626,"I-77/US-62, EXIT 105 & SR-172",Canton,OH,40.827,-81.3853,3.459
73061,Circle K #2709045,"US-62 & SR-375, EXIT 39",El Paso,TX,31.75841,-106.47831,3.2023
73062,CIRCLE K #2741849,SR-358 & SR-286,Corpus Christi,TX,27.79409,-97.40299,3.124
73063,HOLIDAY STATIONSTORE #2746223,"I-35, EXIT 135 & US-61",Andover,MN,45.25068,-93.28453,3.499
73064,7-ELEVEN #42315,"I-85, Exit 88",Lexington,NC,35.82306,-80.26205,3.399
73065,RACETRAC #2631,"I-75, EXIT 285 & US-41/SR-3",Emerson,GA,34.11997,-84.75705,2.8873
73066,QUIKTRIP #1499,I-10 EXIT 267,Tucson,AZ,32.21387,-110.96944,3.0623
73067,J STARR,I-29 EXIT 8,Hankinson,ND,46.0558,-96.89907,3.499
73068,MAVERIK #5369,SR 21,Colorado Springs,CO,38.8335,-104.8206,3.499
73071,7-Eleven #42340,SR-340/SR-6,Woodway,TX,31.50507,-97.23106,2.9323
73073,QUIKTRIP #7075,"I-16/SR-404, EXIT 51 & US-441",Dublin,GA,32.54779,-82.90368,2.999
73074,RACETRAC #2641,HWY 59 & FM 989,Texarkana,TX,33.40737,-94.11825,2.8573
73075,ALLSUPS CONVENIENCE STORE #2470,SR 18,Eunice,NM,32.43923,-103.15941,3.099
73076,MAVERIK #5148,US 40,Kremmling,CO,40.06322,-106.39547,3.679
73078,Shelee's Travel Center,"I-10, Exit 146",Coachella,CA,33.67497,-116.17723,3.949
73079,PILOT #1433,I-10 EXIT 160,Chandler,AZ,33.33009,-111.86316,3.499
73080,Circle K #2707255,"I-75, Exit 60",Tifton,GA,31.45028,-83.50861,3.0623
73081,ALLSUPS #2476,I-40 EXIT 38 & SR 6,Elk City,OK,35.41036,-99.42109,2.9307
73082,KWIK STAR #1153,US 71,Milford,IA,43.31964,-95.16153,3.324
73083,Kwik Star #1213,I-380 EXIT 2,North Liberty,IA,41.74432,-91.60612,3.159
73084,Kwik Trip #747,I-94 ALT & US-12,Baldwin,WI,44.9657,-92.3655,3.499
73085,Loves Travel Stop #550,I-75 EXIT 13,Valdosta,GA,30.81058,-83.27717,3.2223
73088,Pilot Travel Center #1390,I-16 Exit 143,Ellabell,GA,32.1273,-81.4983,3.2857
73090,Quiktrip #1148,I-26 EXIT 53,Flat Rock,NC,35.28899,-82.39157,2.849
73092,QUIKTRIP #4042,I-10,Converse,TX,29.51733,-98.32167,2.9457
73093,GAS N WASH,I-355 EXIT 7,Lockport,IL,41.61348,-88.02558,3.399
73094,MARATHON,US-24,Taylor,MI,42.23174,-83.26727,3.499
73095,Quiktrip #7250,US 49,Richland,MS,32.21522,-90.15623,2.9157
73096,KWIK TRIP #748,US 8,Barron,WI,45.40053,-91.84996,3.6473
73098,KWIK TRIP #1269,SR 27,Cadott,WI,44.96301,-91.16988,3.4007
73099,Kwik Star #1296,SR 115,Harrisburg,SD,43.44602,-96.68639,2.939
73100,MAVERIK #747,I-215 Exit 21,Salt Lake City,UT,40.75585,-111.89666,3.3923
73101,7-ELEVEN 42279,"I-76, Exit 39",Keenesburg,CO,40.09585,-104.44637,3.149
73103,RaceTrac #2654,I-20 EXIT 130,Greensboro,GA,33.56368,-83.17019,3.399
73106,ALLSUPS CONVENIENCE STORE #2472,US-75,Atoka,OK,34.34451,-96.14183,2.9673
73112,SHEETZ #831,I-26 EXIT 44 & US 25,Hendersonville,NC,35.31921,-82.49999,2.859
73114,ROAD RANGER #319,"I-35E, EXIT 381",Milford,TX,32.1482,-96.96115,3.0307
73117,MAVERIK #722,"I-29, EXIT 304",Baker City,OR,44.7801,-117.82863,3.459
73118,ALLSUPS #2432,US 287 & SR 34,Ennis,TX,32.3321,-96.62236,2.929
73119,Stinker #122,I-84 EXIT 36,Nampa,ID,43.58342,-116.58482,3.4023
73120,Kwik Star #1184,US 61,Dubuque,IA,42.51498,-90.68191,3.489
73125,KWIK TRIP #1283,SR 83 & W CAPITOL DR,Hartland,WI,43.11715,-88.34457,3.749
73126,Kwik Trip #1298,US 10,Mondovi,WI,44.60985,-91.66958,3.349
73127,Gas N Wash,"I-55, EXIT 285",Chicago,IL,41.88585,-87.61812,3.399
73128,ALLSUPS CONVENIENCE STORE #2477,HWY 69 & 11th st,Kiowa,OK,34.72776,-95.93284,2.9573
73129,SHEETZ #837,I-94,Romulus,MI,42.2203,-83.35829,3.099
73130,A One Stop,"I-45, EXIT 246",Ennis,TX,32.3321,-96.62236,2.9357
73131,Sheetz #838,"I-85, Exit 71",Salisbury,NC,35.6515,-80.48895,2.859
